:0200000480007A
:20000000910000F8D9FFB4C0DC0F0090000000000000000000000000000000000000000090
:20002000B08503F0F08503F0000000006C77697000756E61636B656400756E73656E7400FC
:2000400000A03CFF803E0070D03E0070A03E0070B03E0070C03E0070903E0070603E0070B3
:20006000703E007080FE01701000400058D00170E0FE01708CFE0170100620005008017041
:20008000E4FE017098FE01702000040060E00170E8FE0170A4FE017010000A00A8E10170B3
:2000A000ECFE0170B0FE0170A800080028E50170F0FE0170BCFE01702000030030E4017066
:2000C000F4FE0170C8FE017010004000F0EB0170F8FE0170D4FE017020000800F8FB0170B4
:2000E000FCFE01700000000000000000000000000000000000000000010000000100000093
:20010000910001F7D9FFA0630D00000202F4DC0F000000000000000000000000000000008B
:20012000910001F7D9FF80830D00000202F4DC0F000000000000000000000000000000006B
:20014000910001F7D9FFA0930D00000202F4DC0F000000000000000000000000000000001B
:20016000910001F7D9FF80B302F4DC0F00000000000000000000000000000000000000000A
:20018000910001F7D9FFA0C30D00000202F4DC0F00000000000000000000000000000000AB
:2001A000910001F7D9FF80E30D00000202F4DC0F000000000000000000000000000000008B
:2001C000910001F7D9FFA0F30D00000202F4DC0F000000000000000000000000000000003B
:2001E000910001F7D9FFC0130D00000202F4DC0F009000000000000000000000000000004B
:20020000000000000003000020A10700401F03000000030A40420F00401F03000100030AA3
:2002200000000000020200000000000000020000FFFFFF1F0000000000000000000000009C
:200240000000000000000000000080000001000200030004400400000000000000000000D0
:2002600000000000000000000000000000000000000000000000000000000000000000007E
:2002800000000000000000000000000000000000000000000000000000000000000000005E
:2002A00000000000000000000000000000000000000000000000000000000000000000003E
:2002C00000000000000000000000000000000000000000000000000000010000000020F00D
:2002E0000000000000B403F00700000001000000000021F00300000000C103F00500000082
:2003000001000000000020F00000000000B403F008000000A8000000000021F00300000061
:2003200000C103F004000000B8000000000020F000000000000021F00100000000D001F06A
:2003400000AB03F00B0000000000000000D001F000B503F002000000A800000000D001F020
:2003600000B503F0030000000380000000D001F000AB03F00C0000000000000000D001F023
:2003800000AB03F00A0000000000000000D001F000AB03F0090000000000000000D001F08C
:2003A00000AB03F003000000B000000000D001F000AB03F002000000B000000000D001F01A
:2003C00000AB03F006000000B0000000608124F002388700FFFFFFFF648124F066D00000E8
:2003E000FFFFFFFF688124F002380700FFFFFFFF6C8124F026980000FFFFFFFF248124F053
:20040000C9000000FFFFFFFF088124F001003630FFFFFFFF0C8124F00807690BFFFFFFFFF7
:20042000288124F08E042101FFFFFFFF488124F0B6730835FFFFFFFF4C8124F0466C9402E7
:20044000FFFFFFFF088124F002003630FFFFFFFF108124F03B033600FFFFFFFF148124F0E1
:200460001008690BFFFFFFFF508124F00E710834FFFFFFFF548124F0446C9402FFFFFFFF2D
:20048000188124F009003600FFFFFFFF1C8124F00808690BFFFFFFFF208124F0941C2300BB
:2004A000FFFFFFFF588124F0B622081BFFFFFFFF5C8124F0466C9402FFFFFFFF2C8124F066
:2004C00034040000FFFFFFFF308124F0825A0000FFFFFFFF348124F009090712FFFFFFFF5B
:2004E00008000000CC030080ACC5A737020000002C040080ACC5A7370D0000004404008080
:20050000ACC5A73703000000E00400801600000014050080608124F002388700FFFFFFFFC4
:20052000648124F066D00000FFFFFFFF688124F002380700FFFFFFFF6C8124F02698000097
:20054000FFFFFFFF248124F0C9000000FFFFFFFF0C8124F00807690BFFFFFFFF288124F044
:200560008E042101FFFFFFFF488124F0B6730835FFFFFFFF4C8124F0466C9402FFFFFFFF67
:20058000088124F002003630FFFFFFFF108124F03B033600FFFFFFFF148124F01008690B10
:2005A000FFFFFFFF508124F00E710834FFFFFFFF548124F0446C9402FFFFFFFF188124F0CB
:2005C00009003600FFFFFFFF1C8124F00808690BFFFFFFFF208124F0941C2300FFFFFFFF2B
:2005E000588124F0B622081BFFFFFFFF5C8124F0466C9402FFFFFFFF2C8124F034040000E9
:20060000FFFFFFFF308124F0825A0000FFFFFFFF348124F009090712FFFFFFFF0000003F12
:200620000000803F0000A03F0000C03F0000004000002040002D31010100001D0500001FDC
:200640000101000017B75139030000009C06008013012307FF0FFF0F12021121BF0F3F3F2F
:20066000011200000F3F000032000000FF000000000000003F000000000000003F0000006A
:20068000000000003F0000009006008098060080050100003F07000000000090030017B73A
:2006A000D138020017B7D138010017B7D1380090001000F000000000001100F001000000EE
:2006C000001200F00200000002000000D00600804C4000701000000054400070A803000003
:2006E00002000000E80600806C400070B803000074400070100000000100000000070080F7
:2007000044400070800300000A000000100700801C400070B003000024400070B0030000BB
:200720002C400070B0030000344000701000000004400070100000000C40007010000000A6
:2007400014400070100000003C400070B00300005C400070A80300006440007080030000D8
:200760006C0700802C000080DC05000000D001F0040000009008008000000000000000001C
:2007800001010000031945000000EE0501000000000001000000000001011F0000000000E0
:2007A000000000000000000001011F01000000000000000000000000000000000000000017
:2007C000000000000000000001000000000000000100000001000000000000000100000015
:2007E000000000B0000A00B000060000000000000000000000000000000000000000000089
:200800000000000000000000000000000000000000000000000000000000000001000000D7
:20082000000200B0003A00B000060000000000000000000000000000000000000000000016
:20084000000000000000000000000000000000000000000000000000000000000000000098
:20086000000000000000000000000000000000000000000000000000000000000000000078
:20088000000000000000000000000000000000003C0300806C0300807C0300808C0300809C
:2008A0005C0300809C0300804C030080AC030080BC030080010203040506070707070707BE
:2008C00007003636DCFF0170D8FF0170D0FF0170ECFF017003060C1830607836685F0270D1
:2008E000666102701E63027042630270366402701E630270C86402706A650270FA000000DD
:20090000C04E0270E8030000E0110270001000F000E1F505913000FFD9FF0C9654FF370F5B
:200920006EF18FFF83813C01913000FFD9FF28A654FF370F6EF18FFF83913C01913000FF8C
:20094000D9FF0C9654FF2E1B8F2800F0960154F0370070088F000100A60F74FF8F2800F0F1
:20096000960254F0370070088F000100A60F74FF54FF916000FFDA0074FF3C01916000FF77
:2009800014FF370FE1F0EEFBDA00B70F81F0CDCF20090D00C0040D00C004DA00B70F81F0BB
:2009A000CD0F04090D00C0040D00C00491000000D900000091000080D988000091000090AF
:2009C000D9990000910000F8D9FF004080FFCD4FE20F0D00C004910000F8D9FF400080FF87
:2009E000CD0FE20F0D00C004914000F7D9FFC0CA80FFCD8FE20F0D00C0044D0040196F413C
:200A00005E00913000FF19FF28A66F1F12008F2900F09601913000FF19F028A637007008AD
:200A20008F000100A60F913000FF59FF28A68F2900F09602913000FF19F028A63700700805
:200A40008F000100A60F913000FF59FF28A6913000FF19FF28A6B70101F2CD0F40090D00E8
:200A6000C0040D00C004913000FF19FF28A66F1F12008F2900F09601913000FF19F028A6C5
:200A8000370070088F000100A60F913000FF59FF28A68F2900F09603913000FF19F028A6A4
:200AA000370070088F000100A60F913000FF59FF28A6913000FF19FF28A6913000FFD9FF1E
:200AC0000C9654FF2E1B8F2800F0960154F0370070088F000100A60F74FF8F2800F09603AF
:200AE00054F0370070088F000100A60F74FF54FF9130004FD9440C9602846D004CBB029499
:200B00006D0064BB6D0036016D003A016DFFC7FD02946D0088BB9130004FD9440C96028432
:200B20006D0065BB910001F7D9FF0000DC0F3C000090363691000010D91100003B0098F056
:200B4000CD4FE00F0D00C004913000FF19FF10167BD0380126F07603DA003C248FBF0F0110
:200B6000BF10138016FB913000FF19F018160F0FB0F18BFF01F1061F570062FF5E23DA0197
:200B80003C02DA003C0FEF4F0400DA013C0B911088FF19FF000D370FE2F06E03DA013C029F
:200BA000DA003C011E17910000F8D9FF80F0DC0F3C06910000F8D9FFB0F0DC0F0090363603
:200BC000911000F8D9FFFCA72D0F2000911000F8D9FFCCF72D0F2000912000F8D9FF20086C
:200BE0002D0F2000910000F8D9FFF810DC0F0090914000A7D9AA808A0D008004914000F757
:200C0000D9FF000B91400027D922C00BA004802F80F0A20F82009B004000730F68408200B6
:200C20003C1E80FFB70F1CF08F4F1F1080FFBBF0FF2F0662262F06AFA6F1F606CD81E30F5F
:200C40000D00C0043C0274419AD57E05CDC1E30F0D00C00440F449FF001AC2103F50E3FFB4
:200C6000DA00744F0D0080040D00C004910000F8D9FFD850DC0F0090914000A7D9AA808A6C
:200C80000D008004914000F7D9FF000B91400027D922C00BA004802F80F0A20F82009B00C9
:200CA0004000730F684082003C1E80FFB70F1CF08F4F1F1080FFBBF0FF2F0662262F06AFC6
:200CC000A6F1F606CD81E30F0D00C0043C0274419AD57E05CDC1E30F0D00C00440F449FFBE
:200CE000001AC2103F50E3FFDA00744F0D0080040D00C004910000F8D9FFC040DC0F0090BC
:200D0000913000FFD9FF0C9654FF370F6EF18FFF83413C01913000FFD9FF28A654FF370F13
:200D20006EF18FFF83F13C019130004FD9440C966D008BBA02F46D00A0BA91000048D944E1
:200D400074806D002300DF12038000A0910000F8D9FFD850DC0F0090910000F8D9FFE45062
:200D6000DC0F0090910000F8D9FF9440DC0F0090009036366D003A09009036366D003609F4
:200D80006D0032BB00903636404F82029130002FD92228A6542F370F6EF18FFF83113C01AA
:200DA0009130002F192F28A66F1F12008F2120F096019130002F192028A6370070088F0001
:200DC0002100A60F9130002F592F28A68F2120F096029130002F192028A6370070088F006A
:200DE0002100A60F9130002F592F28A63C019130002F192F28A61601DF1FFB7F3B000001C9
:200E00003C05C2F04E0382123C089130002F392F3306370FE1F3EEF69130002F192F3006B9
:200E20008200370F02FE8210370F01FF9130002F592F30063B0000013C05C2F04E03821250
:200E40003C089130002F392F3306370FE1F3EEF6DABC9130002F592FB4069130002F192FBF
:200E6000A0563B20FE0F260F9130002F592FA0569130002F192FA4563B20FE0F260F9130E1
:200E8000002F592FA4569130002F192FA8563B20FE0F260F9130002F592FA856DA009130BD
:200EA000002F592FB4069130002F392F1A06B70F01F09130002FE92F1A069130002F392F12
:200EC0002A06B70F01F09130002FE92F2A063B0000F33C05C2FF4EF382123C0D9130002FB5
:200EE000392014066F10F87F9130002F392024066F10F27F084F1E13084FDE289130002F51
:200F0000192F10068200370F82F254F03B90D03306634B3011428B141F0037006800370F4B
:200F200005F89130002F592F10069130002F19201806086F37F0030C087F37F08704084FA2
:200F400037F0020F9130002F592018069130002F1920280608EF37F0010008AF37F0030C6F
:200F600008BF37F087049130002F592028069130002F392F1A0696019130002FE92F1A062A
:200F80009130002F392F2A0696019130002FE92F2A063B0000F33C05C2FF4EF382123C11A8
:200FA0009130002F392014063700E100DF10F67F9130002F392024063700E100DF10EE7F6B
:200FC0003B0000063C05C2F04E0382123C169130002F392F1406370FE1F26EF69130002FC7
:200FE000392F2406370FE1F26EEF9130002F392F2406370F61F26EE89130002F39201C060D
:20100000088F37F003F09130002FE92F1C069130002F19202C0608CF37F0030008DF37F08B
:2010200003049130002F59202C063B0000063C05C2F04E0382123C169130002F392F140631
:20104000370FE1F26EF69130002F392F2406370FE1F26EEF9130002F392F2406370F61F200
:201060006EE83BF0490206503C05C2F04E0382123C0C9130002F392F1006AE179130002F0B
:20108000392F11066F0FF37F9130002F392F1A0696049130002FE92F1A069130002F392F4F
:2010A0002A0696049130002FE92F2A063B0000F33C05C2FF4EF382123C0D9130002F392097
:2010C00014066F20F87F9130002F392024066F20F27FDABC9130002F592FB406DA05913015
:2010E000002F592FA006DA1D9130002F592FA076DA009130002F592FB4069130002F1920D9
:201100003006DA0137F0020EDA0137F0010F3B0000313C05C2F34E3382123C089130002FCA
:20112000392F3306370FE1F3EEF69130002F592030063B0000013C05C2F04E0382123C0819
:201140009130002F392F3306370FE1F3EEF69130002F192F28A66F1F12008F2120F0960103
:201160009130002F192028A6370070088F002100A60F9130002F592F28A686218F3140F186
:201180009130002F192028A6370070088F002100A60F9130002F592F28A63C019130002FD1
:2011A000192F28A66F0FFC7F022F3C01EE0509F498196D000304DF0FCF8149F21C0A82027A
:2011C0009130004FD94428A6544F370F6EF18FFF83113C019130004F194F28A66F1F120087
:2011E0008F2120F096019130004F194028A6370070088F002100A60F9130004F594F28A6C7
:201200008F2120F096029130004F194028A6370070088F002100A60F9130004F594F28A6A5
:201220003C019130004F194F28A61601DF1FFB7F9130004F19403006488F82F3C63F26F096
:20124000488F5423263FA6F03B0000313C05C2F34E3382123C089130002F392F3306370FB3
:20126000E1F3EEF69130002F592030063B0000013C05C2F04E0382123C089130002F392F67
:201280003306370FE1F3EEF69130002F19203406370062F2EE07370062FAEE04370062FE18
:2012A0006E369130002F1920340648AF82F3C63F26F048AF4893263FA6F0DA0037F00202CE
:2012C000DA0037F0020ADA0037F0020E3B0000313C05C2F34E3382123C089130002F392FDD
:2012E0003706370FE1F3EEF69130002F592034063B0000013C05C2F04E0382123C089130F7
:20130000002F392F3706370FE1F3EEF69130002F1920340648AF82F3C63F26F048AF48933F
:20132000263FA6F03B0000313C05C2F34E3382123C089130002F392F3706370FE1F3EEF664
:201340009130002F592034063B0000013C05C2F04E0382123C089130002F392F3706370FB7
:20136000E1F3EEF69130002F192F0016370F62F66E309130002F1920001648CF82F3C63F5B
:2013800026F048CF48B3263FA6F0DA0037F002063B0000313C05C2F34E3382123C089130A5
:2013A000002F392F0316370FE1F3EEF69130002F592000163B0000013C05C2F04E038212EC
:2013C0003C089130002F392F0316370FE1F3EEF69130002F1920001648CF82F3C63F26F074
:2013E00048CF48B3263FA6F03B0000313C05C2F34E3382123C089130002F392F0316370F6E
:20140000E1F3EEF69130002F592000163B0000013C05C2F04E0382123C089130002F392FE5
:201420000316370FE1F3EEF69130002F19200C1648EF82F3C63F26F048EF48D3263FA6F036
:20144000DA0137F0010F3B0000313C05C2F34E3382123C089130002F392F0F16370FE1F328
:20146000EEF69130002F59200C163B0000013C05C2F04E0382123C089130002F392F0F1628
:20148000370FE1F3EEF69130002F1920002609FF001982F3C63F26F009F3001948FF26F3D9
:2014A000A6309130002F592000269130002F192F042609F0081982F3C630260F09F0081991
:2014C00009F304192630A60F9130002F592F04269130002F192F082609F0101982F3C63053
:2014E000260F09F0101909F30C192630A60F9130002F592F08269130002F192F28A66F1F2F
:2015000012008F2120F096019130002F192028A6370070088F002100A60F9130002F592FDF
:2015200028A686218F3140F19130002F192028A6370070088F002100A60F9130002F592FC2
:2015400028A63C019130002F192F28A66F0FFC7F022F3C01DF0FB18049FC140A8208913046
:20156000002FD92228A6542F370F6EF18FFF83A13C0182091D009C009130002F192F28A612
:201580006F1F12008F2A20F096019130002F192028A6370070088F002100A60F9130002F50
:2015A000592F28A68F2A20F096029130002F192028A6370070088F002100A60F9130002F79
:2015C000592F28A63C019130002F192F28A61601DF1FFB7F3B0000063C05C2F04E038218C4
:2015E0003C089130002F392F1406370FE1F26EF69130002F39201C06536920F0C862102225
:20160000142F37F003F09130002FE92F1C069130002F192F28A66F1F12008F2A20F096013D
:201620009130002F192028A6370070088F002100A60F9130002F592F28A68F2A20F09603F7
:201640009130002F192028A6370070088F002100A60F9130002F592F28A63C019130002F0C
:20166000192F28A66F0FFC7F536920F0C8621022092B020982046D0023009130002F392F86
:201680003006160F4B0F41F14BF251F03C014BBF41F04B0F71F185F110013C0185F0100167
:2016A000A2103FF0FDFFC2193709689014CF3FF965FF028F3C0102F23C010090913000FF6C
:2016C00039FF3306370F62F282003E0482103E083C23BB00C22B9BE2CB243C013C1FDA007E
:2016E0003E46DA013E47DA02BE413C136D001A003C126D005900913000FF39FF3406AE75EC
:201700007B0000F44BF251203C066D008F003C0382023C013C0382023C013C010090363635
:20172000913000FFD9FF00069130002F392F1B06370F62F3EE06BB00C2FB9BEFCBF43C1AEC
:201740009130002F392F1B06370F62F35E16BB0068F99B8FB9F43C0E9130002F392F1B064B
:20176000370F62F35E26BB0068F99B8FB9F43C02DA003C0109F059083700E700C2104B006D
:2017800041014B0F411009FF5C081607921009FF5B081607C21FE2F04B0041F14BF15120CC
:2017A0003C010090913000FFD9FF00069130002F392F1B06370F62F3EE06BB00C2FB9BEFB4
:2017C000CBF43C1A9130002F392F1B06370F62F35E16BB0068F99B8FB9F43C0E9130002F3F
:2017E000392F1B06370F62F35E26BB0068F99B8FB9F43C02DA003C0109F069083700E70071
:20180000C2104B0041014B0F411009FF6B081607921009FF6C081607C21FE2F04B0041F1BB
:201820004BF151203C010090913000FFD9FF00069130002F392F1B06370F62F3EE06BB00CD
:20184000C2FB9BEFCBF43C1A9130002F392F1B06370F62F35E16BB0068F99B8FB9F43C0E67
:201860009130002F392F1B06370F62F35E26BB0068F99B8FB9F43C02DA003C0109F068081F
:201880006F001F8009F069083700E700C2104B0041014B0F411009FF6B081607921009FF66
:2018A0006D081607C21FE2F04B0041F1BBD0CC0C9BC0FC034B0F41F04BF151203C1909F023
:2018C00069083700E700C2104B0041014B0F411009FF6B081607921009FF6D081607C21FBA
:2018E000E2F0532020F04B0F41F14BF151203C0100903636534420F0910000F8D9FF5C803D
:2019000010FF54F1404FB04F9130002FD92200069130005F395F1B06370F62F3EE06BB00D1
:20192000C2FB9BEFCBF43C1A9130005F395F1B06370F62F35E16BB0068F99B8FB9F43C0E26
:201940009130005F395F1B06370F62F35E26BB0068F99B8FB9F43C02DA003C0109205908BD
:201960003700E700C2104B0041014B0F4100092F5B081607C21F4B0F41F14BF051F07B80B3
:201980002C044B0151007B0000144B104100BB00A01B9BB1A5144B1F51F04BF041F0744FFA
:2019A000544F7B0020047B00F0136B0F61F14B0F71F1323FB4FF00902008144F094441080A
:2019C000DF1F298049A4000A6DFF96FF6D00AC02022F02F46D00BA01913000FF19F120060E
:2019E00009A0C408BB00402FA62037011010913000FF59F12006913000FF19F01806821180
:201A000037100101913000FF59F0180602F46D00BF020090913000FF19FF2416370FE6F371
:201A20008BFF03F237F20820DA0537F20824DAFF37F20828DA0037F31030913000FF19F162
:201A40001016913000FF19F01816370168F02E0D370062F037F20824DA0037F20828DA00B3
:201A600037F310301D009B00370168F02E1D370062F137F20824DA0137F20828DA0037F352
:201A800010301D008C00370168F02E3C370062F337F20824DA0337F20828DA0037F3103008
:201AA0003C7D370168F06F4F1200370062F437F20824DA0437F20828913000FFB9FF261640
:201AC000370F70F037F310303C69370168F02E5C370062F537F20824DA0537F20828DA0042
:201AE00037F310303C5B370168F82E2BDA0137F20824DA1237F20828DA0037F310303C4EB1
:201B0000370168F82E3BDA0437F20824DA1337F20828DA0037F310303C41370168F82E4B79
:201B2000DA0237F20824DA1437F20828DA0037F310303C34370168F82E7BDA0037F2082409
:201B4000DA1737F20828DA0037F310303C27370168FC2E0BDA0037F20824DA1837F2082845
:201B6000DA0037F310303C1A370168FC2E1BDA0037F20824DA1937F20828DA0037F3103027
:201B80003C0D370168FC2E4ADA0037F20824DA1C37F20828DA0037F31030370168F82E0D53
:201BA000370268F46E07DA0337F20824DA1037F20828DA0037F310303C0100900B451088AD
:201BC0006D00B201913000FF19F028A66F1012008F2220F09601913000FF19F028A6370097
:201BE00070088F002100A60F913000FF59FF28A686228F2240F1913000FF19F028A63700CA
:201C000070088F002100A60F913000FF59FF28A63C01913000FF19FF28A61601DF1FFB7F8F
:201C2000DF180D80913000FF39FF1916B71F02F0913000FFE9FF19163C0B913000FF39FF1B
:201C40001916B72F02F0913000FFE9FF19164DC0E1FF16073C0153CF20F060FF9130003FCE
:201C600030F3D93F0C9654FF370F6EF18FFF83013C014DC0E1FF16073C0153CF20F060FF68
:201C80009130003F30F3D93F0C9654FF2E1B8F2020F0960154F1370170188F012110A61FEA
:201CA00074FF86208F2040F154F0370070088F002100A60F74FF3C0154FF1601DF1FFE7F3E
:201CC000913000FFB9FF2616379F10F0913000FFF9FF2616913000FF39FF201696029130FF
:201CE00000FFE9FF2016DA003C02C21F3B905F0106403F0FFCFF00904DC0E1FF16073C013D
:201D000053CF20F060FF9130003F30F3D93F0C9654FF2E1B8F2420F0960154F0370070086C
:201D20008F002100A60F74FF86248F2440F154F0370070088F002100A60F74FF3C0154FFE2
:201D40001601DF1FFE7F0090913000FF19FF28A66F1F12008F2420F09601913000FF19F0F8
:201D600028A6370070088F002100A60F913000FF59FF28A686248F2440F1913000FF19F044
:201D800028A6370070088F002100A60F913000FF59FF28A63C01913000FF19FF28A6160181
:201DA000DF1FFB7F009036364DC0E1FF16073C01913000FFD9FF0C9653CF20F010FF54FF9A
:201DC0002E1B8F2420F0960154F0370070088F002100A60F74FF8F2420F0960254F03700BF
:201DE00070088F002100A60F74FF3C0154FF1601DF1FFE7F084F96082CF454FF2E1B8F240D
:201E000020F0960154F0370070088F002100A60F74FF86248F3440F154F0370070088F0030
:201E20002100A60F74FF3C0154FF6F0FFF7F0090913000FF19FF28A66F1F12008F2420F034
:201E40009601913000FF19F028A6370070088F002100A60F913000FF59FF28A68F2420F097
:201E60009602913000FF19F028A6370070088F002100A60F913000FF59FF28A63C0191303B
:201E800000FF19FF28A61601DF1FFB7F913000FF39FF2CA69608913000FFE9FF2CA691302B
:201EA00000FF19FF28A66F1F12008F2420F09601913000FF19F028A6370070088F0021004D
:201EC000A60F913000FF59FF28A686248F3440F1913000FF19F028A6370070088F002100D3
:201EE000A60F913000FF59FF28A63C01913000FF19FF28A66F0FFC7F009036364DC0E1FF82
:201F000016073C0153CF20F060FF9130003F30F3D93F0C9654FF370F6EF18FFF83213C0192
:201F20003C010090913000FFD9FF28A654FF370F6EF18FFF83213C013C0100904DC0E1FF4D
:201F400016073C0153CF20F060FF9130003F30F3D93F0C9654FF2E1B8F2420F0960154F07F
:201F6000370070088F002100A60F74FF86248F3440F154F0370070088F002100A60F74FF71
:201F80003C0154FF6F0FFF7F00903636913000FF19FF28A66F1F12008F2420F09601913058
:201FA00000FF19F028A6370070088F002100A60F913000FF59FF28A686248F3440F19130F2
:201FC00000FF19F028A6370070088F002100A60F913000FF59FF28A63C01913000FF19FF1C
:201FE00028A66F0FFC7F009091000048D94458321D0002008208404F8209820A820BC81C4A
:20200000C82D483C09FF1001DF1F238080CF160180D08F100001FE046E04C2FC04DF24CF2F
:2020200076CF8F3C00018FEC1FF06E0902F140D2C2F16014442164C1FC4E90DD020CDF0C28
:20204000E07FC2FC60C204DF24CFFC2E3CD9DE2580CF2E03C2FC24C9DF0CD37F8F3C00F105
:2020600006EC76C5C2FC60C264CAFC2F6EC9C2FF60F224CBFC2F3CC48F0F1F00DF002E00CC
:202080008F3F0001DF102B8080CF8F3F00D180DF1603FEDB76DB02D440C440D56D00540097
:2020A00001CD00C601DD00D6A2DC76CF8F3C00018FEC1FF06E0902F140D2C2F160144421B7
:2020C00064C1FC4E90DD020CDF0C9B7F02C440C440D56D0039003C9400901603DF2F91FF75
:2020E00080CF16036E0702F440C46D00150010CCA2FCDF0C867F8F3C004106EC76C5C2FC26
:2021000060C264C8FC2FDF047C7F40C46D0004001DFF77FF3BF00F00804F1603063F0FF0FB
:20212000100082FFC6F0C2F4604F804FB70F02F060F2B014542F260F742F77000004FCF68E
:2021400000903636804F16033BF00F008F3F00100F10100082F1C610C2F4604F8041B7012D
:202160000220095101008F3F0030B0140F3110106022C21F542216032602A61274227700E1
:202180000004FDF0ED7F0090DF043000404FBF842780804F8F3F000180518F3100115F1017
:2021A0001F802E06C2F4045F344F494F010A80FF2E16045F24FFC2E4045F24FF8F74000194
:2021C0008FD41FF06E0B02F14052C2F160160922480189F24801FC6CD05502047646C2F429
:2021E0006042045F24FFFC2E4042009000AB03F00A00000000AB03F00B00000000AB03F08C
:202200000C00000000AB03F00200000000AB03F00300000000AB03F00600000000AB03F02F
:202220000900000000AE03F00400000000B403F00600000000B403F00700000000B403F0EE
:202240000800000000B503F00200000000B503F00300000000C103F00400000000C103F0B5
:202260000500000080A5037060070080A8C50070A840007000000000884000700C090080D8
:2022800010270000010000000000001F0000000000000000000000000000000010270000B0
:2022A000010000000101001F0000000000000000000000000000000000000000FFFFFFFF00
:2022C00000000000FFFFFFFF6E19000000C000C0003600000000FFFFFFFF0000000036365D
:2022E000910001F7D9FFE0C20D00000202F4DC0F00000000000000000000000000000000EB
:20230000910001F7D9FFC0D20D00000202F4DC0F00000000000000000000000000000000DA
:20232000910001F7D9FFE0D20D00000202F4DC0F000000000000000000000000000000009A
:20234000910001F7D9FFC0E202F4DC0F000000000000000000000000000000000000000099
:20236000910001F7D9FFE0E20D00000202F4DC0F000000000000000000000000000000004A
:20238000910001F7D9FFC0F20D00000202F4DC0F000000000000000000000000000000003A
:2023A000910001F7D9FFE0F20D00000202F4DC0F00000000000000000000000000000000FA
:2023C000910001F7D9FF00030D00000202F4DC0F0090000000003636820C822D3C130757C3
:2023E000FFCF8755BFDFCE57460546048B1480408B05A050CE77460746068B1680608B070B
:20240000A07082028203820082013A260B2700F26E023C4F0B6430F10B7500F20B75A0F20B
:202420006E04024002513C453A640B7500F26E0382123C3F3B0004E00B6030F10B7100F26B
:202440000B71A0F2DE1087559FFF06116701801F8B1FE0060248025906156745805F0614F3
:20246000C2FE3CEB0284029506F067101F0006F1C21E82087AE86E1D87559FFF0611670185
:20248000801F8B1FE0060B60C0A00B71D0B007BB9FFF06156745805F061406136723803FC4
:2024A0008B1FE0266E0302A002B1C2183FE8E67F76C7460346028B1280208B03A030DF2DCB
:2024C0000B00071DE0FF76F7460146008B1080008B01A01000903636010000000000007030
:2024E00020530080040000000100000004000070E40000801C00000001000000200000705F
:20250000AC530080140000000100000034000070D22200800C000000010000004000007052
:20252000C0530080240000000100000064000070D2230080040000000100000068000070BD
:20254000C108008001000000010000006C0000701E6F00800600000001000000740000705C
:20256000246F008006000000010000007C0000702A6F008004000000010000008000007047
:20258000E45300802400000001000000C000007008540080260000000100000000010070BB
:2025A0002E5400802C00000001000000400100705A5400802C0000000100000080010070EF
:2025C000865400802E00000001000000C0010070B45400802E000000010000000002007018
:2025E000E25400803200000001000000400200701455008034000000010000008002007030
:20260000485500803E00000001000000C002007086550080480000000100000020030070F5
:20262000CE5500804E00000001000000800300701C5600805000000001000000E00300701F
:202640006C5600805A0000000100000040040070C65600805C00000001000000A00400701C
:20266000225700806A00000001000000200500708C5700806A00000001000000A00500707E
:20268000F65700807600000001000000200600706C5800808E00000001000000C006007057
:2026A000FA580080C401000001000000A0080070BE5A00801201000001000000C009007085
:2026C000D05B00803C01000001000000000B00700C5D0080B201000001000000C00C0070BD
:2026E000BE5E00800204000001000000E0100070C062008090050000010000008016007099
:20270000AC9A00801800000001000000A0160070C49A0080500000000100000000170070FE
:20272000149B00801800000001000000201700702C9B0080F40000000100000020180070C6
:20274000209C00802C00000001000000601800704C9C00808A0000000100000000190070AC
:20276000D69C00807800000001000000801900704E9D00803C00000001000000C0190070F4
:202780008A9D00804A00000001000000201A0070D49D00809400000001000000C01A0070CD
:2027A000689E00802E01000001000000001C0070969F0080EE00000001000000001D0070A6
:2027C00084A000802200000001000000401D0070A6A000802C00000001000000801D007065
:2027E000D2A000803407000001000000C024007006A800801400000001000000E0240070A0
:202800001AA800803400000001000000202500704EA80080D80000000100000000260070A7
:2028200026A900808C00000001000000A0260070B2A90080D80000000100000080270070BB
:202840008AAA0080E6000000010000008028007070AB00800C01000001000000A0290070E3
:202860007CAC00804800000001000000002A0070C4AC0080BC03000001000000C02D0070C0
:2028800080B000802C0300000100000000310070ACB300807E020000010000008033007034
:2028A0002AB60080C20000000100000060340070ECB60080AC00000001000000203500705D
:2028C00098B700802A000000010000006035007048D000805400000001000000C0350070A7
:2028E0009CD0008086000000010000006036007022D100807400000001000000E0360070F1
:2029000096D10080340000000100000020370070CAD1008028000000010000006037007089
:20292000F2D100804200000001000000C037007034D200803A000000010000000038007041
:202940006ED2008028000000010000004038007096D20080B600000001000000003900705E
:202960004CD300808E00000001000000A0390070DAD30080EE00000001000000A03A00707A
:20298000C8D400807E00000001000000203B007046D500808400000001000000C03B007046
:2029A000CAD500807E01000001000000403D007048D700801800000001000000603D0070C6
:2029C00060D700800E00000001000000803D00706ED700802600000002000000C03D0070AA
:2029E000000000008000000001000000403E007044000080A000000001000000E03E007075
:202A0000245300800400000001000000003F0070285300800400000001000000203F00703C
:202A20002C5300800400000001000000403F0070305300800400000001000000603F00708C
:202A400034530080040000000100000000400070BC220080040000000100000004400070A3
:202A6000EC21008078000000010000007C400070D022008001000000010000008040007080
:202A800064220080040000000100000084400070C022008004000000010000008840007058
:202AA0006822008014000000010000009C400070C42200800A00000001000000A8400070E2
:202AC0007C2200804000000001000000E8400070CE220080020000000200000000410070DA
:202AE000000000004E8000000200000050C1007000000000020000000200000054C10070FC
:202B0000000000005600000002000000ACC10070000000000600000002000000B4C1007093
:202B2000000000000200000002000000B8C1007000000000590000000200000014C2007007
:202B40000000000015000000020000002CC2007000000000060000000200000034C2007092
:202B600000000000010000000200000038C2007000000000350100000200000070C300700D
:202B800000000000060000000200000078C300700000000001000000020000007CC30070D0
:202BA00000000000010000000200000080C3007000000000050200000200000088C5007099
:202BC000000000001A00000002000000A4C5007000000000AB420000020000005008017048
:202BE0000000000007C800000200000058D0017000000000071000000200000060E00170A1
:202C0000000000004701000002000000A8E1017000000000870200000200000030E4017060
:202C200000000000F70000000200000028E5017000000000C706000002000000F0EB017002
:202C4000000000000710000002000000F8FB017000000000870200000200000080FE01707D
:202C60000000000089000000020000000CFF017000000000010000000200000010FF0170CA
:202C800000000000C500000002000000D8FF0170000000000D00000002000000E8FF0170BE
:202CA000000000000100000002000000ECFF0170000000000900000002000000F8FF017042
:202CC0000000000012000000020000000C00027000000000050000000200000014000270D5
:202CE000000000000A00000002000000200002700000000006000000020000002800027094
:202D000000000000060000000200000030000270000000000200000002000000340002705F
:202D20000000000010000000010000006000027094D70080120200000100000080020270BC
:202D4000A6D900804200000001000000E0020270E8D90080B403000001000000A0060270CC
:202D60009CDD0080A6000000010000006007027042DE00808200000001000000000802703D
:202D800004B800805002000001000000600A027054BA00803C01000001000000A00B0270DF
:202DA00090BB00809A01000001000000400D02702ABD00802A030000010000008010027056
:202DC00054C00080F600000001000000801102704AC100801000000001000000A0110270A6
:202DE0005AC100802800000001000000E011027082C100800C020000010000000014027054
:202E00008EC300804E0100000100000060150270DCC400807200000001000000E0150270B0
:202E2000C8C90080E203000001000000E0190270AACD00803E00000001000000201A02704E
:202E4000E8CD00801400000001000000401A0270FCCD00802E01000001000000801B0270D6
:202E60002ACF0080D200000001000000601C0270FCCF00804C00000001000000C01C027032
:202E80004EC500800A00000001000000E01C027058C50080AC02000001000000A01F0270A9
:202EA00004C80080AE0000000100000060200270B2C800807600000001000000E020027042
:202EC00028C90080640000000100000060210270C4DE00803A01000001000000A022027097
:202EE000FEDF0080B20000000100000060230270B0E000805E00000001000000C023027009
:202F00000EE100806C02000001000000402602707AE3008010000000010000006026027015
:202F20008AE300804800000001000000C0260270D2E300801000000001000000E026027045
:202F4000E2E3008024000000010000002027027006E40080180000000100000040270270F2
:202F60001EE400800C02000001000000602902702AE60080FC00000001000000602A02703C
:202F800026E700801200000001000000802A027038E700804200000001000000E02A027017
:202FA0007AE700807000000001000000602B0270EAE700802A00000001000000A02B027009
:202FC00014E800804800000001000000002C02705CE800804A00000001000000602C027081
:202FE000A6E800802E00000001000000A02C0270D4E800808E00000001000000402D0270AC
:2030000062E900800E00000001000000602D027070E900802E00000001000000A02D027090
:203020009EE900801E01000001000000C02E0270BCEA00801E00000001000000E02E027044
:20304000DAEA00801C00000001000000002F0270F6EA00805200000001000000602F0270BA
:2030600048EB00801C00000001000000802F027064EB00802A00000001000000C02F027004
:203080008EEB0080360000000100000000300270C4EB008008000000010000002030027064
:2030A000CCEB00806C00000001000000A030027038EC00801000000001000000C030027013
:2030C00048EC00800A00000001000000E030027052EC008076000000010000006031027077
:2030E000C8EC0080180200000100000080330270E0EE00801000000001000000A0330270B8
:20310000F0EE00801400000001000000C033027004EF00802C000000010000000034027091
:2031200030EF008016000000010000002034027046EF00807000000001000000A0340270A7
:20314000B6EF0080EC00000001000000A0350270A2F00080740000000100000020360270C7
:2031600016F100800A000000010000004036027020F100800A000000010000006036027031
:203180002AF100801200000001000000803602703CF100802200000001000000C036027021
:2031A0005EF100800E00000001000000E03602706CF100809600000001000000803702700C
:2031C00002F200801600000001000000A037027018F200804A00000001000000003802709C
:2031E00062F20080C400000001000000E038027026F30080560000000100000040390270D1
:203200007CF300802E0000000100000080390270AAF300801601000001000000A03A0270E4
:20322000C0F400800800000001000000C03A0270C8F400800E00000001000000E03A02700E
:20324000D6F400801A00000001000000003B0270F0F40080A201000001000000C03C0270E6
:2032600092F600800800000001000000E03C02709AF600804C00000001000000403D027063
:20328000E6F60080B800000001000000003E02709EF700809C01000001000000A03F027065
:2032A0003AF900807E0000000100000020400270B8F900803C00000001000000604002708A
:2032C000F4F900801A00000001000000804002700EFA0080AE00000001000000404102700A
:2032E000BCFA00801A0000000100000060410270D6FA00801A0000000100000080410270CC
:20330000F0FA00801800000001000000A041027008FB00802C00000001000000E041027094
:2033200034FB008064000000010000006042027098FB00805600000001000000C042027087
:20334000EEFB00807E00000001000000404302706CFC00800A000000010000006043027088
:2033600076FC00803E01000001000000A0440270B4FD00805200000001000000004502708A
:2033800006FE00802A000000010000004045027030FE00800C0000000100000060450270B5
:2033A0003CFE0080900000000100000000460270CCFE00803800000001000000404602708F
:2033C00004FF00807800000001000000C04602707CFF0080B0000000010000008047027094
:2033E0002C0001809E0000000100000020480270CA0001801A000000010000004048027047
:20340000E40001802E00000001000000804802701201018066000000010000000049027028
:20342000780101802600000001000000404902709E010180380000000100000080490270DC
:20344000D60101801800000001000000A0490270EE0101801000000001000000C0490270A4
:20346000FE0101800A00000001000000E049027008020180C404000001000000C04E027052
:20348000CC0601802C00000001000000004F0270F80601807400000001000000804F0270B6
:2034A0006C070180A80000000100000040500270140801807800000001000000C0500270D5
:2034C0008C0801802A09000001000000005A0270B61101805200000001000000605A027010
:2034E000081201800802000001000000805C027010140180BE00000001000000405D027065
:20350000CE140180CE00000001000000205E02709C1501809407000001000000C065027024
:20352000301D0180C60D000001000000A0730270F62A0180EA00000001000000A074027052
:20354000E02B01801800000001000000C0740270F82B0180E600000001000000C0750270EE
:20356000DE2C01804E01000001000000207702702C2E0180520000000100000080770270D0
:203580007E2E0180AC02000001000000407A02702A3101804600000001000000A07A027074
:2035A000703101808A00000001000000407B0270FA3101803C00000001000000807B0270DB
:2035C000363201805C00000001000000E07B0270923201803A00000001000000207C02704A
:2035E000CC3201803C01000001000000607D0270083401801C00000001000000807D027076
:20360000243401805000000001000000E07D0270743401800401000001000000007F027091
:20362000783501801C00000001000000207F0270943501802800000001000000607F02706A
:20364000BC3501808E00000001000000008002704A3601801A000000010000002080027049
:20366000643601808A00000001000000C0800270EE36018028000000010000000081027031
:2036800016370180720000000100000080810270883701805A00000001000000E081027008
:2036A000E23701809A01000001000000808302707C390180D20300000100000060870270FA
:2036C0004E3D0180B60000000100000020880270043E0180340100000100000060890270B9
:2036E000383F01802A00000001000000A0890270623F0180BC00000001000000608A0270D1
:203700001E4001803A00000001000000A08A0270584001804400000001000000008B027098
:203720009C4001803E00000001000000408B0270DA400180B200000001000000008C027064
:203740008C410180FC02000001000000008F027088440180B200000001000000C08F02705A
:203760003A4501802E00000001000000009002706845018026000000010000004090027081
:203780008E450180080000000100000060900270964501807E00000001000000E0900270AD
:2037A000144601800E0000000100000000910270224601804E000000010000006091027081
:2037C000704601806C00000001000000E0910270DC46018054000000010000004092027026
:2037E000304701804201000001000000A0930270C2B700802C00000001000000E0930270DD
:20380000EEB700801600000001000000009402708CC900803C000000020000003C94027011
:2038200000000000D60200000100000020970270385300800400000001000000409702702D
:203840003C530080040000000100000060970270405300800400000001000000809702704A
:20386000445300800400000001000000A0970270485300800400000001000000C09702709A
:203880004C5300800400000001000000E097027050530080040000000100000000980270E9
:2038A000545300800400000001000000209802705853008004000000010000004098027038
:2038C0005C5300800400000001000000609802706053008004000000010000008098027088
:2038E000645300800400000001000000A0980270685300800400000001000000C0980270D8
:203900006C5300800400000001000000E09802707053008004000000010000000099027026
:20392000745300800400000001000000209902707853008004000000010000004099027075
:203940007C53008004000000010000006099027080530080040000000100000080990270C5
:20396000845300800400000001000000A0990270885300800400000001000000C099027015
:203980008C5300800400000001000000E0990270905300800400000001000000009A027064
:2039A000945300800400000001000000209A0270985300800400000001000000409A0270B3
:2039C0009C5300800400000001000000609A0270A05300800400000001000000809A027003
:2039E000A45300800400000001000000A09A0270A85300800400000001000000000010709F
:203A00006E9800803E02000001000000400210702E6F00801000000001000000600210700D
:203A20003E6F00803400000001000000A0021070726F0080F600000001000000A003107087
:203A400068700080840000000100000040041070EC7000804A00000001000000A00410707A
:203A6000367100804A0000000100000000051070807100808800000001000000A005107030
:203A8000087200802400000001000000E00510702C720080340000000100000020061070A9
:203AA00060720080520000000100000080061070B2720080700100000100000000081070BD
:203AC000227400805E00000001000000600810708074008002010000010000008009107008
:203AE00082750080DE00000001000000600A1070607600803C00000001000000A00A1070C9
:203B00009C7600809400000001000000400B1070307700805400000001000000A00B10700C
:203B2000847700805400000001000000000C1070D8770080D400000001000000E00C107019
:203B4000AC780080DC00000001000000C00D1070887900802E00000001000000000E107059
:203B6000B6790080E600000001000000000F10709C7A00802400000001000000400F107096
:203B8000C07A00804200000001000000A00F1070027B008054000000010000000010107017
:203BA000567B00804600000001000000601010709C7B00803200000001000000A010107083
:203BC000CE7B00803E00000001000000E01010700C7C00805800000001000000401110703B
:203BE000647C0080140000000100000060111070787C0080060000000100000080111070D3
:203C00007E7C00803C00000001000000C0111070BA7C00800E00000001000000E011107066
:203C2000C87C0080360000000100000020121070FE7C00805603000001000000801510706E
:203C4000548000801200000001000000A0151070668000801200000001000000C0151070FA
:203C600078800080300000000100000000161070A880008012000000010000002016107094
:203C8000BA8000800E0000000100000040161070C88000801C0000000100000060161070AA
:203CA000E48000809E0000000100000000171070828100802400000001000000401710706B
:203CC000A68100807A00000001000000C0171070208200801600000001000000E0171070BB
:203CE00036820080A600000001000000A0181070DC8200801A00000001000000C01810705C
:203D0000F68200800C00000001000000E0181070028300800E000000010000000019107079
:203D200010830080A413000001000000C02C1070B49600800C00000001000000E02C1070E9
:203D4000C09600801C00000001000000002D1070DC9600801800000001000000202D1070EB
:203D6000F49600809200000001000000C02D1070869700800600000001000000E02D107008
:203D80008C970080B800000001000000A02E1070449800800C00000001000000C02E1070A2
:203DA000509800801800000001000000E02E1070689800800600000001000000002F1070BE
:203DC000B84400800600000001000000202F1070BE4400800A00000001000000402F107015
:203DE000C84400800A00000001000000602F1070D24400800A00000001000000802F10704D
:203E0000DC4400800A00000001000000A02F1070E64400800A00000001000000C02F107084
:203E2000F04400800A00000001000000E02F1070FA4400800A0000000100000000301070BB
:203E4000044500800A00000001000000203010700E450080100000000100000040301070EA
:203E60001E45008014000000010000006030107032450080160000000100000080301070FC
:203E8000484500801600000001000000A03010705E4500801800000001000000C030107002
:203EA000764500802600000001000000003110709C45008026000000010000004031107076
:203EC000C24500803C0000000100000080311070FE4500804200000001000000E031107056
:203EE00040460080460000000100000040321070864600806600000001000000C03210705E
:203F0000EC4600806C0000000100000040331070584700807200000001000000C03310708A
:203F2000CA470080B000000001000000803410707A480080B2000000010000004035107021
:203F40002C490080340100000100000080361070604A0080700100000100000000381070AC
:203F6000D04B00809201000001000000A0391070C05000804C00000001000000003A107022
:203F80000C5100804C00000001000000603A1070585100804C00000001000000C03A1070ED
:203FA000A45100804C00000001000000203B1070F05100804C00000001000000803B10701B
:203FC0003C5200804C00000001000000E03B1070885200804C00000001000000403C107048
:203FE000D45200804C00000001000000A03C1070624D00800800000001000000C03C1070BE
:204000006A4D00801000000001000000E03C10707A4D00801400000001000000003D1070A3
:204020008E4D00801400000001000000203D1070A24D00801400000001000000403D1070B2
:20404000B64D00801800000001000000603D1070CE4D00801A00000001000000803D1070B4
:20406000E84D00801A00000001000000A03D1070024E00802800000001000000E03D10707D
:204080002A4E00802800000001000000203E1070524E00802A00000001000000603E1070B8
:2040A0007C4E00802C00000001000000A03E1070A84E00803E00000001000000E03E1070D8
:2040C000E64E00804C00000001000000403F1070324F00804E00000001000000A03F107031
:2040E000804F0080680000000100000020401070E84F00806A00000001000000A0401070A6
:20410000525000806E0000000100000020411070C26E00800E00000001000000404110706D
:20412000D06E0080220000000100000080411070F26E00802C00000001000000C0411070CF
:20414000506800800E00000001000000E04110705E6800801200000001000000004210705C
:2041600070680080160000000100000020421070866800801A000000010000004042107063
:20418000A0680080280000000100000080421070C86800804400000001000000E042107095
:2041A0000C690080460000000100000040431070526900807000000001000000C043107091
:2041C000C2690080940000000100000060441070566A0080DC000000010000004045107059
:2041E000326B0080900300000100000000491070E0220080F200000002000000000000B01F
:204200000000000000FA00000000000000000000000000000000000002000000803F007073
:2042200000000000800000000000000000000000000000000000000036363636363636364E
:2042400036363636363636363636363636363636363636363636363636363636363636369E
:2042600036363636363636363636363636363636363636363636363636363636363636367E
:2042800036363636363636363636363636363636363636363636363636363636363636365E
:2042A00036363636363636363636363636363636363636363636363636363636363636363E
:2042C00036363636363636363636363636363636363636363636363636363636363636361E
:2042E0003636363636363636363636363636363636363636363636363636363636363636FE
:204300003636363636363636363636363636363636363636363636363636363636363636DD
:204320003636363636363636363636363636363636363636363636363636363636363636BD
:2043400036363636363636363636363636363636363636363636363636363636363636369D
:2043600036363636363636363636363636363636363636363636363636363636363636367D
:2043800036363636363636363636363636363636363636363636363636363636363636365D
:2043A00036363636363636363636363636363636363636363636363636363636363636363D
:2043C00036363636363636363636363636363636363636363636363636363636363636361D
:2043E0003636363636363636363636363636363636363636363636363636363636363636FD
:204400003636363636363636363636363636363636363636363636363636363636363636DC
:204420003636363636363636363636363636363636363636363636363636363636363636BC
:2044400036363636363636363636363636363636363636363636363636363636363636369C
:2044600036363636363636363636363636363636363636363636363636363636363636367C
:2044800036363636363636363636363636363636363636363636363636363636363636365C
:2044A0003636363636363636363636363636363636363636363636366D00D00800900245D0
:2044C00082046D005E010090024582146D004E010090024582246D003E01009002458234AB
:2044E0006D002E010090024582446D001E010090024582546D000E010090024582646D00A4
:20450000FE000090024582746D00EE0000906D00200A762382123C0382023C0100906D0024
:20452000000976256D00ED0882123C0382023C010090910000F7D9FF340054FF5EF3821285
:204540003C0282023C010090910000F7D9FF000054FF6E0382123C0282023C0100907643CC
:20456000DA013C02DA00913000F7D9FF809974FF0D0080040090913000F7D9FF7C89DA0E8E
:2045800034FF913000F7D9FF7C89DA072CF191300047D9447C896DFF70F300900F54C02089
:2045A000DA003C0C6F02090006F2BB0032089B80DB0EC6023C0206F2C21FBF8FF5FF3C0110
:2045C00000900B561088027A604F82FBDA003C126E0AB70F1008F6070B9A10486DFFB3FD16
:2045E0006DFFC1F310F2142502B46DFFCCFF022BC21F3F8FEFFF82F2C6B23C010090024F9F
:2046000002586DFF6EFFF62382123C1A0BF810486D00D700762382123C137B00004A9100F3
:204620000047D944C0836DFF3CFF762382123C086DFF47FF762382123C0382023C0100904C
:20464000910000F7D9FFE0B374F4910000F7D9FFC0C374F5910000F7D9FFE0C34DC001F9A9
:2046600074FF0D008004913000F7D9FF809954FF6E086DFF57FF0D0040033C0200003CFF39
:204680006DFF70FE00907B0001F73FF40A80BBF0FFFF9B0F01F73F4F048082123C277B00B1
:2046A00000FC3FF40A80BBF0FFFF9B0F00FC3F4F048082123C1B7B0000F73FF40A80BBF01B
:2046C000FFFB9B3F00F73F4F048082123C0F7B0000FD3FF40A80BBF0FFFB9B3F00FD3F4FDF
:2046E000048082123C0382023C0100900B4510880B6710A8608F82FC820D3C290BD800E0DC
:2047000076DAB70D10F8EE070BAB10486DFFF0FC6DFFFEF27B0000FA3FFE1280DA209B0FDE
:2047200000FA7FFE0D807B0000FAA2FE91000027D922C083012E002614253C0401FD002678
:20474000142502C46DFFF4FE022CC21D3F9DD8FF82F2C6C23C0100908208910000F7D9FF89
:20476000380054FFDFFF3000910000F7D9FF380054F491000047D944E0836DFF5FFE022875
:20478000DF081680913000F7D9FF40C991300027D92240C9542FC21F74FF913000F7D9FFB0
:2047A00040C954FF163FEE036DFFA8F2910000F7D9FF380082FF74FF910000F7D9FF3C0029
:2047C000DA0074FF02823C010090DF0518007B0000FA3FF41480BBF0FFFF9B2F00FA3F4F08
:2047E0000E801A54C2FF3F4F0A801A54C2FFBBF0FF0F9B20000A7FF0048082123C3EB7047B
:204800000E901A541BFFFFF3B70F0E8042543F4806807B3000FA7F8F04807B30008A7B00A2
:2048200000FA3FF90780B70912F7EE033F89048082123C23913000F7D9FF7C89DA0334FF21
:2048400091300047D9447C896DFFC1F13C123B10034082156DFF3BFC3B00005402946D0068
:204860007600762382123C091B0900946DFF3FF23F89EFFF82023C0100902008404C0B67CE
:2048800010887B0000AA3B0002B09B0B00BA0B5400C0024D820EBCC476537F4C04808212E4
:2048A0003C453C403FAD1F807FBD1D805AAD910000F7D9FFC08310FF01CE0026142034F091
:2048C000910000F7D9FF340091000027D9223400542082110FF10010A61074F0C21DC21E6D
:2048E0003C215ADC74AF7FAD088042DF7FFA05805ADA74AF3C097FBD088054AF42DF7FFB31
:2049000004805ADB74AF01CE004602D454A50B8910686D00B400762382123C0854AF42FDF7
:2049200042FE3FCDC1FF82023C01009020080248025F913000F7D9FF74A991300027D922B7
:2049400074A95420C21074F0913000F7D9FF44B974F4913000F7D9FF7CA974F5913000F7C5
:20496000D9FF48B985F0100174F03C5849A4000A0B8F10486D00DC07DF022100913000F7ED
:20498000D9FF78A985FF100174FF913000F7D9FF4CB991300027D92278A9542F9130002712
:2049A000D92248B95420A20F74FF913000F7D9FF40B9DA0074FF82123C5354A0760454A008
:2049C0007F0F2180913000F7D9FF78A985FF100174FF913000F7D9FF4CB991300027D92277
:2049E00078A9542F91300027D92248B95420A20F74FF913000F7D9FF40B9DA0074FF82122D
:204A00003C2F54A0420854A0A20F6E083B10034082156DFF4DFB6DFF5BF1EEA96D00F80342
:204A2000913000F7D9FF78A985FF100174FF913000F7D9FF4CB991300027D92278A9542FA1
:204A400091300027D92248B95420A20F74FF913000F7D9FF40B9DA0174FF82023C010090B2
:204A600020080248404C02590B6710A8820C1D00A700910000F7D9FF380054F0DFF02B800B
:204A80001AC8161FEE270BC98000DA203FF023803B0002D00BC8004001CC00466DFFB2FC7D
:204AA000762482121D009500913000F7D9FF40C991300027D92240C95420C21074F0913026
:204AC00000F7D9FF40C954FF163FEE036DFFFAF03C751AC8B70F05E01AC8A2EF74AF8B0FA1
:204AE00002D15AC97FDF04800BC980D0910000F7D9FF380054FFDEF7910000F7D9FF380062
:204B000074FE91000047D944E0833BF00F403B0002506D00C702910000F7D9FF3C00DA0018
:204B200074FF3C23910000F7D9FF380054FFBEED0BAB10486DFFF6FD762382123C4991005D
:204B400000F7D9FF380074FE91000047D944E0833BF00F403B0002506D00A402910000F7E2
:204B6000D9FF3C00DA0074FF910000F7D9FFE08354AF10F401CC005602D46D00D30242DFAE
:204B8000910000F7D9FF3C0054F07FF00980910000F7D9FF3C0054AF42DF74FF910000F782
:204BA000D9FF3C0054F0DA203FF009800BAB10486DFFB8FD762382123C0B42DC3F9C5BFFF5
:204BC0006DFF30FC762382123C0382023C0100906D00B002022F0D00C004910001F7D9FFFE
:204BE000800380F46DFF16FDDF02A200910001F7D9FF804480F46DFF0DFDDF0299009100A2
:204C000001F7D9FFE0C280F46DFF04FDDF029000910001F7D9FFC0D280F46DFFFBFCDF0225
:204C20008700910001F7D9FFE0D280F46DFFF2FCDF027E00910001F7D9FFC0E280F46DFFCA
:204C4000E9FCDF027500910001F7D9FFE0E280F46DFFE0FCDF026C00910001F7D9FFC0F2DA
:204C600080F46DFFD7FCDF026300910001F7D9FFE0F280F46DFFCEFCDF025A00910001F79C
:204C8000D9FF000380F46DFFC5FCDF025100910001F7D9FF202380F46DFFBCFCDF02480001
:204CA000910001F7D9FF00D480F46DFFB3FCDF023F00910001F7D9FF601480F46DFFAAFCB5
:204CC000DF023600910001F7D9FF009480F46DFFA1FCDF022D00910001F7D9FFC0C280F4E6
:204CE0006DFF98FCDF022400910001F7D9FF202480F46DFF8FFCDF021B00910001F7D9FF42
:204D0000E08380F46DFF86FCDF021200910000F7D9FF200080F46DFF7DFC7629910001F7DA
:204D2000D9FFC03380F46DFF75FCF62602F46D00A10182023C16910001F7D9FF804480FFBC
:204D4000CD4FE20F0D00C0040D00C004910000F7D9FF0000DA0174FF0D00800482123C0194
:204D6000009076430D0000030090DA003C04104F34F4C21F3F5FFDFF0090913000FF19FFC6
:204D80000C96370F6EF18FFF83213C010090913000FF19FF28A6370F6EF18FFF83213C0113
:204DA0000090DA003C04104F34F4C21F3F5FFDFF40423C010090DA003C06104F10521420E7
:204DC00034F0C21F3F4FFBFF40423C0100904DC0E2FF0D0040030000370FE1F76E03821296
:204DE0003C0282023C01009082027C4382023C093C02C212014200F609FF0008EEFB3C0197
:204E000000903C0F144F14503E09144F14507F0F048082F23C0282123C08B014B015C2F407
:204E2000FF14F2FF82023C010090DA003C0E104F14F0105F14F15F100800104F14F2105FD7
:204E400014FFA2F23C06C21F3F4FF3FF82023C0100906DFF60FF022802846D008C004D40B6
:204E600020F996010D008004CD4F20090D00C0040D00C00402846D004E000090014530F4CF
:204E8000EE11015400F601F430F4EE0C3C089AF4104F9AF41052142F34FFC2F4FF14F9FF5D
:204EA0003C036DF7CDE00090014530F4EE11015400F601F430F4EE0C3C089AF4104F9AF48C
:204EC0001052142F34FFC2F4FF14F9FF3C0ADA003C06104F1052142034F0C21F3F4FFBFF55
:204EE00040423C010090913000FFD9FF0C9654FF370FE1F06E0DDA009601B70F81F0374F16
:204F00000EF154F037007008370F10F874FFDA0096019602374F0EF154F037007008370F17
:204F200010F874FF3C0154FF16016EFE0D0080040090913000FFD9FF0C9654FF370FE1F01E
:204F40006E0DDA009601B70F81F0374F0EF154F037007008370F10F874FFDA00B70F01F064
:204F60009602374F0EF154F037007008370F10F874FF3C0154FF1601EEFE0D0080040090AC
:204F8000913000FF19FF28A6370FE1F06E13DA009601B70F81F0374F0EF1913000FF19F0DD
:204FA00028A637007008370F10F8913000FF59FF28A6DA0096019602374F0EF1913000FFF2
:204FC00019F028A637007008370F10F8913000FF59FF28A63C01913000FF19FF28A616011D
:204FE0006EFB0D0080040090913000FF19FF28A6370FE1F06E13DA009601B70F81F0374FBB
:205000000EF1913000FF19F028A637007008370F10F8913000FF59FF28A6DA00B70F01F086
:205020009602374F0EF1913000FF19F028A637007008370F10F8913000FF59FF28A63C019C
:20504000913000FF19FF28A61601EEFB0D00800400906DFF60FE0D0080046DFF2CFE022F67
:2050600002F46DFFB8FF913000FF39F01916B7100200913000FFE9F0191602F46DFF6BFFA2
:205080006DFF09FE022802846DFF35FF913000FFB9FF2616B70F10F0913000FFF9FF2616DF
:2050A000913000FF39FF20169602913000FFE9FF201602846DFFEFFE3C0200003CFF009064
:2050C0002008024540BF3C0180F2370368F4B70F08F037F30834370568F037F308304DC0F6
:2050E000E1FF16073C013703680837F003F037F308383C0189A24009820449A4000AED80AD
:2051000008B209A04009ED80B1B100902008024540BF3C0180F2370368F4B71F08F037F3D9
:205120000834370568F037F308304DC0E1FF16073C013703680837F003F037F308383C018B
:2051400089A24009821449A4000AED8008B209A04009ED80B1B100902008024540BF3C012B
:2051600080F2370368F4B72F08F037F30834370568F037F308304DC0E1FF16073C0137036C
:20518000680837F003F037F308383C0189A24009822449A4000AED8008B209A04009ED8047
:2051A000B1B100902008024540BF3C0180F2370368F4B73F08F037F30834370568F037F338
:2051C00008304DC0E1FF16073C013703680837F003F037F308383C0189A24009823449A4CE
:2051E000000AED8008B209A04009ED80B1B100902008024540BF3C0180F2370368F4B74F74
:2052000008F037F30834370568F037F308304DC0E1FF16073C013703680837F003F037F305
:2052200008383C0189A24009824449A4000AED8008B209A04009ED80B1B1009020080245D9
:2052400040BF3C0180F2370368F4B75F08F037F30834370568F037F308304DC0E1FF160796
:205260003C013703680837F003F037F308383C0189A24009825449A4000AED8008B209A075
:205280004009ED80B1B100902008024540BF3C0180F2370368F4B76F08F037F308343705F3
:2052A00068F037F308304DC0E1FF16073C013703680837F003F037F308383C0189A240090E
:2052C000826449A4000AED8008B209A04009ED80B1B100902008024540BF3C0180F2370322
:2052E00068F4B77F08F037F30834370568F037F308304DC0E1FF16073C013703680837F0B0
:2053000003F037F308383C0189A24009827449A4000AED8008B209A04009ED80B1B100901A
:2053200000000000000000000000000000000000000000000000000000000000000000006D
:2053400000000000000000000000000000000000000000000000000000000000000000004D
:2053600000000000000000000000000000000000000000000000000000000000000000002D
:2053800000000000000000000000000000000000000000000000000000000000000000000D
:2053A000000000000000000000000000DA003C06104F1052142034F0C21F3F4FFBFF0090BF
:2053C0007C43A0023C0F534421F0104FC85FBCF808FF370FE1F3EE0454FF60F23C03A002A6
:2053E0003C010090404FBCF3488FEE0382023C0C6D08FA17762540F46D0006043C0540F4CD
:20540000ED8017C33C010090F65382023C1042453F450A807B0000FB3FF406807B1000FB15
:205420007F5F048082023C0382123C010090911000F7D9FF7CCC74F4911000F7D9FF78CC12
:2054400091100027D92278CC542FC21F74FF0D0040033C0200A03CFF0090910000FBD9FF11
:20546000008080F8804FBC4502F46D001800F62382F23C09A28F82009B000001730F6800DE
:2054800002123C010090910000FBD9FF008080FF1B0F20003FF404803F04048082023C0A36
:2054A000A2F4DA104BF41102761382023C0382123C010090404F405CBCF27CC23C1240F4D4
:2054C00040C56D005900820440F46D0035003B00014040C46D006001820440F46D009C0094
:2054E00000904C4309400409AEF56F700480EFCF0580BBF0FF2F3C0DB70F9127BF520680B7
:205500003B0060F07F2F0580BBF0FF2F3C02C2C23C0100907C423C18530421F0104F09FF84
:20552000A4197CF23C11DA008210370F01FC8200370F81FC8200370F01FF8210370F81FFDF
:205540006CF36D00E9000090405F40F46DFF5EFFDA203FF203803C173B0060F0E2F2910079
:20556000002BD922808301220026802F74FF911000F7D9FF58FC91100027D92258FC542F39
:20558000C21F74FF0090404F91100027D92270EC91100047D94470EC544FC21F742FDA40D7
:2055A00040F46D00F2016E04C2FF370F68F07622EEF8762DEE0C911000F7D9FF50FC91100E
:2055C0000027D92250FC542FC21F74FF0090BC43544FEE023C23D44F530428F010F2192F29
:2055E00020516F8F1C00530428F010F2192F20512E77530428F010F2DA80592F205114FF7A
:20560000960134FF530428F010F2530428F010FF39FF08419601E92F08410090404F3B50AE
:20562000C3F0065F7CFE911000F7D9FF78FC91100027D92278FC542FC21F74FFA0023C16F2
:20564000820440F46DFF4CFEBC223C10C2FFEEF9911000F7D9FF78FC91100027D92278FCED
:20566000542FC21F74FFA0023C0100907C423C2BDA003E48DA013E4EDA02BE43DA03BE4A36
:205680003C210C4196802C410C41B70F01F32C413C1A0C4196802C410C4196402C413C1364
:2056A0000C41B70F81F32C410C41B70F01F32C413C0A0C41B70F81F32C410C4196402C41B8
:2056C0003C023C010090BC47530421F0104F09FF2019EE023C26530421F0104F09FFA419D6
:2056E000530421F010420922A0194922307A7D2F0D80530421F0104F530421F01042092212
:20570000A01989F2A4193C0D530421F0104F530421F010420922A4194922100A89F2A41929
:205720000090404F024FBCF2EE023C3080F402F56DFF09FE762D911000F7D9FF40DC911041
:205740000027D92240DC542FC21F74FF3C1F80F0B700051080F042F08BF001F0B70F05F0D4
:205760003C06601F89F0400B8B0102103FF1FBFF0D008004911000F7D9FF74FC91100027A3
:20578000D92274FC542FC21F74FF00903B0030009B001000BC43544FEE023C2DD44F5304AC
:2057A00028F010F2192F20516F1F2600530428F010F2192F20512E27530428F010F2DA0494
:2057C000592F205119FFEC402E0819FFEC4026F08F1040F159FFEC4014FF960234FF530473
:2057E00028F010F2530428F010FF39FF04419601E92F0441009002488049910000FBD9FF99
:20580000808380FABB00000C42A0DA207FF81B80BD041900DF0517003B0060103F511380B3
:205820008F3900F1EE0F3FA90E807F090C801A593F9F09801A593FF0068002946DFF6DFDBA
:20584000F62382023C13A2A93B0060F04BF91102761382023C0B3B0060F04BF911025F801A
:20586000040082023C0382123C010090404C82087CC3A0023C4209CDA41980D4911000F70C
:20588000D9FF6CCC74F454CF6E04D4CF19F80C51911000F7D9FF70CC74F86DFF99FD762337
:2058A00040D23C2B02846DFF93FDDF02110089C82419911000F7D9FF54FC91100027D922EA
:2058C00054FC542FC21F74FF60823C17910000FBD9FF008089CFA419911000F7D9FF54FCB3
:2058E00091100027D92254FC542FC21F74FF9100002BD92200803C010090404F9110002763
:20590000D92278EC91100047D94478EC544FC21F742F7CF382023C5140F46D000005402E04
:205920007CE382023C4A09EC8409911000D7D9DD5CDC09C4CE086D01724674D209C4CE0864
:205940006D016D463B0080F03E253B6080F03E223C23C84240E440F52D020000DF021100CA
:20596000911000F7D9FF6CEC91100027D9226CEC542FC21F74FF40E46D0131173C0C9110AA
:2059800000F7D9FF74EC91100027D92274EC542FC21F74FF3C10911000F7D9FF7CEC911019
:2059A0000027D9227CEC542FC21F74FF40E46D0116173C0182123C010090404CDA00534F21
:2059C00021F010CFC85F3C0109C290094922301A7D2F0A80DA00534F21F010C2092D9009F6
:2059E0003C013C0349FD100A91100027D92274DC08FF370FE1F3742FDA006CF2DA006CF383
:205A000009FFCC08374F0FF0ACF608EFB70F01F12CFE08EF96032CFE09FFCE08B70F83F3D6
:205A2000ACF708FFB70F02F12CFF08FF96202CFF08FF96102CFF08BFB70F81F32CFB09FFE8
:205A4000C808374F0EF0ACF408FF96802CFF3B00014040F46DFF43FEECC5D4C2DA0080D03C
:205A6000530F28F0102259202041820440C46DFF76FE91100027D92270DC08FF370FE1F306
:205A8000742F911000F7D9FF40ECD4C2192F205174FF911000F7D9FF44ECD4C2192F204126
:205AA00074FF911000F7D9FF7CDCD4C2192F045174FF89CD94094CC6C21F6CC60090200835
:205AC00049A5000A6D008D00F62482021D00810054AF6E04D4AF54FFEE0382023C79D4AFA0
:205AE000DA0089FF1C18D4AF9100002BD922008089F2A019D4AF9100002BD922008089F2ED
:205B0000A41982003C27530021F0910000FBD9FF008010FF3B0060F0E20F9100002BD92259
:205B200080831022802F74FFDA006CF1DA006CF2DA006CF308FF96012CFF08FFB70F81F05F
:205B40002CFF08FFB70F01F32CFF08FF96802CFFC210DA203FF0D9FF9100004BD94400809A
:205B60003B0020406DFFADFDD4AFD4FF3B0018F059FF2051D4AFD4FF9100002BD922008085
:205B8000802F59FF1C41D4AFD4FF9100002BD9220080D9220080802F59FF2841D4AFD4FFD3
:205BA000DA1F59FF3041D4AFD4FFD4A2D422142F960134FFD4AFD4FFD4A2D422392F0841E1
:205BC0009601E9FF08410D00800482123C010090404F91100067D966686C3C019100007B18
:205BE000D977008091100027D92244CC80FF742F91100027D92264CC91100047D944449C08
:205C0000804F742F91100027D92268CC806F742F91100027D92260CC807F742FBCF89110A3
:205C20000027D922449C7D2F03807C5E911000F7D9FF48FC91100027D92248FC542FC21F3A
:205C400074FF82023C6391100027D92274CCDA08742F91100027D92248CC488F742FC8828B
:205C60007D62140091100027D9224CFC91100047D9444CFC544FC21F742FE886911000F7AC
:205C8000D9FF48CC806F74FF911000F7D9FF74CCDA0974FFD46F9120002FD922000D7D2FD9
:205CA0001200912000FFD9FF000DF46F911000F7D9FF5CFC91100027D9225CFC542FC21F93
:205CC00074FF911000F7D9FF40CC096F201974FF096FA0197D7F1800DA00896F1C18896776
:205CE000A019911000F7D9FF40CC807F74FF911000F7D9FF5CFC91100027D9225CFC542F97
:205D0000C21F74FFF45682123C010090405C094DA009911000F7D9FF5CEC91100027D9226E
:205D20005CEC542FC21F74FF82E440C46D01801509CFC8083B0060007FF02080822440C4DB
:205D40006D017615912000F7D9FFD4CF91200027D922D4CF092FC608C21FACF3911000F793
:205D6000D9FF60EC91100027D92260EC542FC21F74FF82E21D00A40040D46DFF09FC402E01
:205D8000911000F7D9FF6CDC80EF74FFBD0E1F80822440C46D014C15912000F7D9FFD4CF63
:205DA00091200027D922D4CF092FC608C21FACF3911000F7D9FF60EC91100027D92260EC1C
:205DC000542FC21F74FF82F23C7ADA0040CF3C3909F0CA0842F03B0060107F011F808224F7
:205DE00040C46D012515912000F7D9FFD4CF91200027D922D4CF092FC608C21FACF3911037
:205E000000F7D9FF60EC91100027D92260EC542FC21F74FF82E23C5310E4C81509F4CA08EE
:205E20006DFF06FA09F0CA08420F370F70F03B0060007FF006803BF050406DFF69FAD4FF47
:205E4000BD0FC8FF82005340210001D000F6C85F3C0191100027D92278DC80F0742009F03A
:205E6000C80837F00E00A84040E402F46DFF20FC911000F7D9FF48EC74FF40D402F46DFF06
:205E800087FD911000F7D9FF64EC91100027D92264EC542FC21F74FF822440C46D01C814E0
:205EA000912000F7D9FFD4CF91200027D922D4CF092FC008C21FB4FF82023C0100909130A3
:205EC00000F7D9FFA0A9DA0074FF910000F7D9FF200080F46D08B512F62A913000F7D9FF7D
:205EE000A0A9DA0174FF82021D00EB01910000F7D9FF006080F46D08A412F62A913000F747
:205F0000D9FFA0A9DA0274FF82021D00DA01910000F7D9FF005080F46D089312F62A913076
:205F200000F7D9FFA0A9DA0374FF82021D00C901910000F7D9FF608080F46D088212F62AB1
:205F4000913000F7D9FFA0A9DA0474FF82021D00B801910000F7D9FF807080F46D08711201
:205F6000F62A913000F7D9FFA0A9DA0574FF82021D00A701910000F7D9FF003080F46D0814
:205F80006012F62A913000F7D9FFA0A9DA0674FF82021D009601910000F7D9FF606080F477
:205FA0006D084F12F62A913000F7D9FFA0A9DA0774FF82021D008501910000F7D9FF00A097
:205FC00080F46D083E12F62A913000F7D9FFA0A9DA0874FF82021D007401910000F7D9FFC4
:205FE000602080F46D082D12F62A913000F7D9FFA0A9DA0A74FF82021D006301910000F71C
:20600000D9FF007080F46D081C12F62A913000F7D9FFA0A9DA0B74FF82021D00520191004B
:2060200000F7D9FF00E080F46D080B12F62A913000F7D9FFA0A9DA0C74FF82021D00410176
:20604000910000F7D9FF40E080F46D08FA11F62A913000F7D9FFA0A9DA0D74FF82021D00D8
:206060003001910000F7D9FF80C080F46D08E911F62A913000F7D9FFA0A9DA0E74FF820294
:206080001D001F01910000F7D9FF008080F46D08D811F62A913000F7D9FFA0A9DA0F74FFBC
:2060A00082021D000E01910000F7D9FF203180F46D08C711F62A913000F7D9FFA0A9DA10DB
:2060C00074FF82021D00FD00910000F7D9FF40B080F46D08B611F62A913000F7D9FFA0A9B6
:2060E000DA1174FF82021D00EC00910000F7D9FF00B080F46D08A511F62A913000F7D9FF56
:20610000A0A9DA1274FF82021D00DB00910000F7D9FF004080F46D089411F62A913000F755
:20612000D9FFA0A9DA1374FF82021D00CA00910000F7D9FF20F080F46D088311F62A9130A5
:2061400000F7D9FFA0A9DA1474FF82021D00B900910000F7D9FF009080F46D087211F62AF0
:20616000913000F7D9FFA0A9DA1574FF82021D00A800910000F7D9FF401080F46D08611190
:20618000F62A913000F7D9FFA0A9DA1674FF82021D009700910000F7D9FF001080F46D0812
:2061A0005011F62A913000F7D9FFA0A9DA1774FF82021D008600910000F7D9FF20C080F446
:2061C0006D083F11F629913000F7D9FFA0A9DA1874FF82023C75910000F7D9FF604080F4F4
:2061E0006D082F11F629913000F7D9FFA0A9DA1974FF82023C65910001F7D9FF002380F46F
:206200006D081F11F629913000F7D9FFA0A9DA1D74FF82023C55910000F7D9FFA02080F4CE
:206220006D080F11F629913000F7D9FFA0A9DA1E74FF82023C45911000F7D9FF449C484F7A
:206240006E11911000F7D9FF449C48446D08F910F629913000F7D9FFA0A9DA1A74FF820282
:206260003C2F911000F7D9FF449C485F6E11911000F7D9FF449C48546D08E310F629913009
:2062800000F7D9FFA0A9DA1B74FF82023C19911000F7D9FF449C486F6E11911000F7D9FFAF
:2062A000449C48646D08CD10F629913000F7D9FFA0A9DA1C74FF82023C0382123C0100907B
:2062C0002008A00FF4AF911000F7D9FF74CCDA0174FF911000F7D9FF44CC804F74FF9110E3
:2062E00000F7D9FF48CCDA0074FF911000F7D9FF64CC91100027D922449C802F74FF911068
:2063000000F7D9FF686C3C0191100027D92268CC80FF742F911000F7D9FF40CCDA0074FFBB
:20632000911000F7D9FF60CC9100002BD9220080802F74FF911000F7D9FF6CCCDA0074FF73
:20634000911000F7D9FF70CCDA0074FF910000F7D9FF1C2482FF74FF911000F7D9FF7CBC08
:20636000DA0074FF911000F7D9FF78BCDA0074FF911000F7D9FF54CCDA0074FF911000F76A
:20638000D9FF50CCDA0074FF911000F7D9FF4CCCDA0074FF911000F7D9FF5CCCDA0074FF02
:2063A000911000F7D9FF58CCDA0074FF911000F7D9FF54EC91100027D92254EC542FC21FE5
:2063C00074FF820849A5000A6DFFECFBDF021680911000F7D9FF68FC91100027D92268FC03
:2063E000542FC21F74FF911000F7D9FF74CCDA0074FFA0021D002D02D4A46DFF03FA402C8E
:2064000091100027D92264DC80C0742091100027D9227CBC80C0742040C46DFF83F70229C1
:2064200091000027D9221C247429911000F7D9FF74CC822074F0DA203FF91680911000F7B6
:20644000D9FF44FC91100027D92244FC542FC21F74FF911000F7D9FF74CCDA0074FFA002AB
:206460001D00F701BCC90CCF370FE1F3EE0540C46DFFB8F70228DF081680911000F7D9FF64
:2064800074BC91100027D92274BC542FC21F74FF911000F7D9FF74CCDA0074FFA0021D0046
:2064A000D801911000F7D9FF74CC823074F0BBF0FFFFFE89911000F7D9FF64FC9110002775
:2064C000D92264FC542FC21F74FFD4A440C56DFF69F7911000F7D9FF74CCDA0074FFA002A2
:2064E0001D00B701C2283708705082043B2018606D01280F402D91100027D92274CCDA0492
:20650000742FBD0D6C0191100027D92254CC80DF742F911000F7D9FF50CC4CD174FF9110FF
:2065200000F7D9FF4CCC09DFCA0874FF911000F7D9FF5CCC09DFC80874FF911000F7D9FF14
:2065400058CC0CDE74FF82E440D46D015B1109D8C808BCC454CF60FE3C02A00E911000F730
:20656000D9FF60DC80EF74FF911000F7D9FF68DC74F8911000F7D9FF78BC80EF74FF9110DE
:2065800000F7D9FF50CC4CD174FF911000F7D9FF4CCC09DFCA0874FF911000F7D9FF5CCC33
:2065A00009DFC80874FF911000F7D9FF58CC0CDE74FF911000F7D9FF74CCDA0574FFBD0EF2
:2065C0001D80911000F7D9FF68FC91100027D92268FC542FC21F74FF40D46D01D310D4A46F
:2065E00040C56DFFDFF6911000F7D9FF74CCDA0074FFA0021D002D01029440E402856DFFBE
:20660000C1F8DF021D80911000F7D9FF60FC91100027D92260FC542FC21F74FF40D46D01FF
:20662000B110D4A440C56DFFBDF6911000F7D9FF74CCDA0074FFA0021D000B01911000F79D
:20664000D9FF58EC91100027D92258EC542FC21F74FF911000F7D9FF7CFC91100027D92295
:206660007CFC542FC21F74FF911000F7D9FF70BC91100027D92270BC542FC21F74FF9110C8
:2066800000F7D9FF74CCDA0674FF40DF3C6E91100027D92254CC80F0742091100027D92225
:2066A00050CC481F742F91100027D9224CCC09F0CA08742091100027D9225CCC09F0C808C6
:2066C000742091100027D92258CC08EF742F481FEE1C911000F7D9FF6CFC91100027D92299
:2066E0006CFC542FC21F74FF40D46D014B10D4A440C56DFF57F6911000F7D9FF74CCDA00BE
:2067000074FFA0021D00A500481FAE0509FFCA087FF81D80911000F7D9FF70FC91100027F6
:20672000D92270FC542FC21F74FF40D46D012A10D4A440C56DFF36F6911000F7D9FF74CC9A
:20674000DA0074FFA0021D008400C81409F4CA0840E56DFF57F509FFCA0810EE09FFCA086F
:20676000A2F837087080D4FFBD0F93FFDF081C00911000F7D9FF70FC91100027D92270FC11
:20678000542FC21F74FF40D46D01FC0FD4A440C56DFF08F6911000F7D9FF74CCDA0074FFB1
:2067A000A0023C56911000F7D9FF74CCDA0774FFD4A440C56DFFF6F5822440D46D01221073
:2067C000912000F7D9FFD4CF91200027D922D4CF092FC208C21FACF13C33911000F7D9FFC1
:2067E00040FC91100027D92240FC542FC21F74FF911000F7D9FF6CBC91100027D9226CBC04
:20680000542FC21F74FF912000F7D9FFD4CF91200027D922D4CF092FCC08C21FACF69120C8
:2068200000F7D9FFD4CF91200027D922D4CF092FC608C21FACF3D4A440C56DFFB3F59110B8
:2068400000F7D9FF74CCDA0074FF40D23C010090B704832E7B0000FAA6F23C010090DF24B4
:2068600005807B00032A3C047B00062A3C010090BBF0FFFF9BFF02FA7F4F048082323C02B0
:2068800082223C0100909100F0FAD9FF5455DA1E9140802F6C2EDAFA74FF0D008004009011
:2068A000910000F7D9FFC0D39140802F4C2D74FF910000F7D9FFC0D354FF161F6E038212F9
:2068C0003C0282023C010090DF051D007B0000FA3FF41980BBF0FFFF9BFF05FA3F4F138084
:2068E000B70412F7EE0FB70512F7EE0C1A543F4F0A804254C2F4BBF0FFFF9BFF05FA7F4F36
:20690000048082123C0382023C010090024F0258B70F0C0A7B000190A20902F46DFF88FFA8
:2069200002246DFF75FFA2F27B4000007F8004807B4000807F89038002987F820380022871
:20694000913000F7D9FF40F9429F74FF02823C0100902008025F6DFF3EFF0228913000F7B5
:20696000D9FF40D974F8913000F7D9FF60D974FF913000F7D9FF8009820074F00B8F10488D
:206980006DFF89FF7629913000F7D9FF8009DA0174FF82123C163C1249A4000A0B8F1048E0
:2069A0006D00D9007627913000F7D9FF800954F23C0854A0420854A0A20FEEEF82023C01D0
:2069C00000907B0020F082100F400000913000F7D9FFA07985F1100174F13C1CEE1A913005
:2069E00000F7D9FF808985FF100174FF913000F7D9FFA08991300027D9228089542F9130CE
:206A00000027D922A0795420A20F74FF82023C23C2FF914080FF48412601DF01E1FF0D0032
:206A20008004913000F7D9FF808985FF100174FF913000F7D9FFA08991300027D92280898C
:206A4000542F91300027D922A0795420A20F74FF82123C01009020200248804F1603EE0F4F
:206A600082003C0A534020F010AF534020F01042542F74FFC210BF80F7FF3C1A82003C16D0
:206A8000534020F0104F534020F010A214F1081F8F8F00F0A6F1082F8F0F01F0A6F1083F2A
:206AA0008F8F01F0A6F17421C210BF80EBFF02846DFFA3FE022F6DFF20FC022902946DFF27
:206AC000ACFD02846DFF39FE762502F46DFF75FFF62602946DFF61FD82123C2B54A409A556
:206AE00004096DFF1AFE09A4080909A50C096DFF14FE09A4100909A514096DFF0EFE09A450
:206B0000180909A51C096DFF08FE0D00800402846DFF33FE02F46DFF50FFF62602946DFF8C
:206B20003CFD82123C0602946DFF37FD82023C0100900258404F7CF9913000F7D9FF800948
:206B4000DA0174FF82123C75DA0074FF6DFF33FE02290B9810486DFF8EFE7629913000F743
:206B6000D9FF8009DA0174FF82123C630B9810486DFFB1FE022802946DFF3DFE022ADF08A3
:206B80001F00B70812F7EE1B7B4000003F8018801A8992F03B0000F19B0F00F073F068003D
:206BA0003B0000F19B0F00F073F968205F3108801A8992F46DFF1FFE5FA21500913000F783
:206BC000D9FF8009DA0174FF913000F7D9FFA01991000027D922E0D3542FC21F74FF8212EC
:206BE0003C288F281F507654DA107F5F1580913000F7D9FF8009DA0174FF913000F7D9FFED
:206C0000A01991000027D922E0D3542FC21F74FF82123C0F029402A66D000D007627913089
:206C200000F7D9FF800954F23C0474F882023C0100900B451088026A7694DA107F9F0B80C8
:206C4000913000F7D9FF8009DA0174FF82121D003901910000F7D9FFE0D391000027D9221C
:206C6000E0D35420C21074F0913000F7D9FF60C991300027D92260C95420C21074F0913087
:206C800000F7D9FF40D974F8913000F7D9FF60D98FE900F074FF913000F7D9FF40E9913082
:206CA0000027D92260D9542F74FF913000F7D9FF60E974F9913000F7D9FF60F974FA910055
:206CC00000F7D9FFE0C374F8DF2A0E80913000F7D9FF805991300027D9228059542FC21FB6
:206CE00074FF3C0C913000F7D9FFA05991300027D922A059542FC21F74FF6DFFFCFA022B0E
:206D0000913000F7D9FF806985FF100174FF02B46DFF81FC913000F7D9FF80299140802F9A
:206D20004C2474FF913000F7D9FFA0299140802F4C2D74FF913000F7D9FFA009913000278A
:206D4000D922A029542F74FF6DFF65FD9110F0FA59F8909A9110F0FA59F9989ADA8091109B
:206D6000F0FA59FFA8AADA509110F0FA59FFA8AA0D008004913000F7D9FF80399140802FC6
:206D80004C2474FF913000F7D9FFA0399140802F4C2D74FF913000F7D9FF8019913000272A
:206DA000D922A039542F74FF02B46DFFF4FB02A46DFF01FEDF023B80913000F7D9FFA069B2
:206DC00085FF100174FF913000F7D9FF807991300027D922A069542F91300027D9228069E7
:206DE0005420A20F74FF913000F7D9FF80499140802F4C2474FF913000F7D9FFA0499140F5
:206E0000802F4C2D74FF913000F7D9FF8009DA0274FF913000F7D9FFA01991000027D92273
:206E2000E0D3542F74FF82223C4C913000F7D9FFA06985FF100174FF913000F7D9FF807953
:206E400091300027D922A069542F91300027D92280695420A20F74FF913000F7D9FF804906
:206E60009140802F4C2474FF913000F7D9FFA0499140802F4C2D74FF6DFFDDFCDF021A008A
:206E8000913000F7D9FF800991000027D922C0D3542F74FF913000F7D9FFA019910000279C
:206EA000D922E0D3542F74FF6DFFB5FC82323C09913000F7D9FF8009DA0074FF82023C01F1
:206EC00000909100F0FAD9FF707574F468150090B70418F07B00000A3E0382023C0ADA50F8
:206EE0009100F0FA59FF54550D00800482123C0100909110F0FA59F4909ADA009110F0FABD
:206F000059FF989ADAA09110F0FA59FFA8AADAAA9110F0FA59FFA8AA0D0080040090FFFF60
:206F2000FFFFFFFF00000000000000000000B704832E7B0000FAA6F23C013C010090913011
:206F400000F7D9FF7C89082FDE22913000F7D9FF7C8914FF6E0A913000F7D9FF7C8914F06D
:206F6000DA113E0382323C0582223C0382123C010090913000F7D9FF7C89082F1E2382021B
:206F80003C73913000F7D9FF7C8914F0DA117E066D00C100762382123C67913000F7D9FFAC
:206FA0007C8914F0DA0F7E066D00B500762382123C5B913000F7D9FF7C8914FFDF3F51005E
:206FC000913000F7D9FF7C8914FFDF4F4A00913000F7D9FF7C8914FFDF5F4300913000F7B0
:206FE000D9FF7C8914FFDF6F3C00913000F7D9FF7C8914FFDF7F3500913000F7D9FF7C8947
:2070000014F0DA085F0F2D00913000F7D9FF7C8914F0DA095F0F2500913000F7D9FF7C894B
:2070200014F0DA0ABE0D913000F7D9FF7C8914F0DA0FBE06913000F7D9FF7C8914F0DA10D4
:207040003E0F913000F7D9FF7C8914F0DA0D3E08913000F7D9FF7C8914F0DA0E7E03820297
:207060003C0382023C010090913000F7D9FF40A974F4913000F7D9FF44A991300027D9223F
:207080007C89142F74FF91300027D9226C99913000F7D9FF7C89081F742F91300027D9220B
:2070A0007899913000F7D9FF7C89082F742F91300027D9227099913000F7D9FF7C89483F48
:2070C000742F91300027D9227C99913000F7D9FF7C89481F742F91300027D92274999130C5
:2070E00000F7D9FF7C89482F742F0090913000F7D9FF7C89082FDE2D913000F7D9FF7C89A6
:20710000481F7B300000FE05913000F7D9FF7C89482F6E0F913000F7D9FF7C89081FEE091E
:20712000913000F7D9FF7C89483F2E1382123C0382023C010090913000F7D9FF7C89DA005F
:2071400034FF913000F7D9FF7C89DA002CF1913000F7D9FF7C89DA002CF2913000F7D9FF53
:207160007C89DA006CF1913000F7D9FF7C89DA006CF2913000F7D9FF7C89DA006CF30090A8
:20718000024F1E141E2382023C3F913000F7D9FF7C890820760D913000F7D9FF7C8908202F
:2071A0003E075E146DFFBEFEF62382023C2D913000F7D9FF7C892CF25E28913000F7D9FF21
:2071C0007C89DA0134FF3C07913000F7D9FF7C89DA0134FF913000F7D9FF7C89DA002CF12A
:2071E000913000F7D9FF7C8991300027D9227C894C2396016CF391300047D9447C896D0016
:20720000210982123C010090913000F7D9FF7C89DA0D34FF913000F7D9FF7C8928149130A2
:207220000047D9447C896D00010900906D00E004DF021700ED80920F022F02F4ED80A40E41
:207240008200916000FFF9F0D0458200916000FFF9F0D0850D00800402F4ED80C60F0090B5
:20726000915002FF39FF1638370FE1F06E20ED80920F0228913000FF19FF28A616013C01CF
:207280006E03DA013C02DA006E040284ED80A40E7B100000915002FF59F028380D008004CC
:2072A0006E040284ED80C60F82123C0382023C010090404F0248FF8804801D00B30014FFA9
:2072C0005E25081F3BD00F003E031D00AB0040F4B0246D009005022940F4B0446D009B0577
:2072E000022A9A883EA7821482456D00A4021D009900DF592E80FF7A04801D00930049F465
:20730000080A6D00780576243B0071F03E27820502246D00B0021D00850008AF6E0808AF84
:207320001E16825502246D00A6023C7B913000F7D9FF4EC9B4F2913000F7D9FF50C9DA017F
:2073400034FF3B00015002246D0095023C6ADF790680F6A36D009F013C64BB1000085F093F
:207360005D80FF5A03803C5D49F4080A6D004305022849F40A0A6D003E0591300027D922A9
:2073800050C9142FEE083B8000600B8210486D0022023C4791300027D9224EC9092FC0088D
:2073A0007E843B0071F03E8782260B8210486D0012023C373B1000F13E2782360B821048AB
:2073C0006D0009023C2E91300027D92270B9742A91300027D92274B98B8A00007420BF4A5F
:2073E00007809ACABB2000087FF0088082460B8210486D00F0013C150B8210486D00BB015E
:207400003B007D406DF857108BCA1F4049F40C0A82156D0090083C05821482156D000B021D
:207420000090404F0248FF880780820482056D00FA013C2614FF5E25081F3BD00F003E06E3
:20744000820482056D00EF013C1B40F4B0246D00CA040229B04F40F46D00D5049A883E26FE
:20746000820482456D00DF013C0BDF190680F6236D0049023C05820482156D00D4010090AC
:2074800020086DF8DF08913000F7D9FF50C914FFEE34913000F7D9FF4C9914FFEE2E913035
:2074A00000F7D9FF60A991000027D922C073802F74FF913000F7D9FF64A991300027D9226C
:2074C0004CC9802F74FF3C0D91000047D944C073913000F7D9FF4CC909F4C0086DFFA2FF8D
:2074E00091000047D944C07391300057D9554CC96DF85815DF02EAFF3C27913000F7D9FF7A
:207500004CC909AFC408B4FF913000F7D9FF58A954AF74FF913000F7D9FF5CA9913000279B
:20752000D9224CC9802F74FF82146DF8FB0D09A4C4086DF8370FD4A409A4C4086DFFB2FEE5
:2075400082046DF8EF0D6DF8ED06762949A4000A49A5040A6DF86610DF02D1FF913000F716
:20756000D9FF51C914FF6E0B913000F7D9FF51C9DA0034FF821482256D0054016DF8A208C8
:207580000090913000F7D9FF51C9DA0034FF913000F7D9FF4EC9DA00B4FF913000F7D9FFE0
:2075A00050C9DA0034FF913000F7D9FF4C99DA0034FF913000F7D9FF4C99DA002CF19130F6
:2075C00000F7D9FF4C99DA0089FF0209913000F7D9FF4C99DA0089FF0609913000F7D9FF14
:2075E0004C99DA0089FF0A09913000F7D9FF4C99DA0089FF0E09913000F7D9FF4C99DA01F3
:2076000089FF1208913000F7D9FF4C99DA0089FF1308910000F7D9FF380082FF74FF9100B9
:2076200000F7D9FF3C00DA0074FF91000047D944E0833BF00F403B0002506D004419910038
:207640000047D944C0833BF00F403B0002506D003A19910000F7D9FF3400DA0074FF00904B
:207660002010DA0234AFDAFD2CA149A4020A3B8000406D00171249A4040A82246D002212AB
:20768000DA0810AF49F4000A3B1000416D000A12922449A4000A6DF83513009049AA008A86
:2076A000404F02488BC800F03B0020007FF003803C3F91300027D92250C9142FEE023C3843
:2076C00091300027D9224EC9092FC0086E0891300027D9224EC90929C0083C033B007190CB
:2076E000DA0234AFDAFD2CA149A4020ABB1000486D00D61149A4040A8B4800406D00E0115B
:2077000049A4080A3B1000416D00CA1149A40A0A02946D00C51149A40C0A40F502846DF79A
:207720007FFA49A4000A8BC800406DF8E912009020100B451088DA0234AFDAFD2CA149A4EE
:20774000020ABB2000486D00A51149A4040A82546D00B011DA0810AF49F4000A02846D00FD
:207760009911C22F10AF49F4000A02946D009211C22F10AF820034F0921449A4000A6DF86A
:20778000B912009020100B451088026ADA0234AFDAFD2CA149A4020ABB3000486D00741189
:2077A00049A4040A82546D007F11DA0810AF49F4000A02846D006811C22F10AF49F4000AB0
:2077C00002946D006111C22F10AF34FA921449A4000A6DF88912009020100B451088DA0235
:2077E00034AFDAFD2CA149A4020A82046D00461149A4040A82146D005111DA0810AF34F991
:207800009214768649A4000A6DF868123C0549A4000A6DF82314009020180B451088DA0290
:2078200034AFDAFD2CA149A4020A82646D00261149A4040A3BD000406D003011DA0810AFA9
:2078400049F4000A02846D001911C22F10AF49F4000A3B1000416D001111C22F10AF34F9D5
:20786000C21F10AF820034F0C21F10AF820034F0C21F10AF820034F0C21F10AF820034F0F0
:20788000C21F10AF820034F0C21F10AF820034F0C21F10AF820034F0C21F10AF820034F0D0
:2078A000921449A4000A6DF8191200902030DA0234AFDAFD2CA149A4020A82446D00D81044
:2078C00049A4040A3B1002406D00E210DA0810AF49F4000A3B4025449B14C4446D00D810E9
:2078E000C24F10AF49F4000A3B5073439B3433446D00CE10C24F10AF49F4000A3B00954474
:207900009BF444446D00C410C24F10AF49F4000A3B1003439B0403436D00BA10C24F10AF7B
:20792000820034F0C21F10AF49F4000A3B1000416D009E10C22F10AF49F4000A82048265AF
:207940006D00A61710AF822034F010AF82102850C26F10AF49F4000A820482656D009817EF
:2079600010AF823034F010AF82102850C26F10AF820034F0C21F10AF820034F0921449A43A
:20798000000A6DF865130090913000F7D9FF7C89082F5E2F913000F7D9FF7C8914F0DA0E96
:2079A0007E08913000F7D9FF51C9DA0034FF3C036DFFCCFD0090913000F7D9FF7C89082FBA
:2079C000DF2F6B80913000F7D9FF7C8914FFDF3F2B00913000F7D9FF7C8914FFDF4F2400C3
:2079E000913000F7D9FF7C8914FF9E5D913000F7D9FF7C8914FF9E67913000F7D9FF7C89A2
:207A000014F0DA08BE00913000F7D9FF7C8914F0DA093E09913000F7D9FF7C8914F0DA0A82
:207A20005F0F3B80913000F7D9FF4C99DA0034FF910000F7D9FF380082FF74FF910000F787
:207A4000D9FF3C00DA0074FF91000047D944E0833BF00F403B0002506D000F1791000047FB
:207A6000D944C0833BF00F403B0002506D000517910000F7D9FF3400DA0074FF913000F77D
:207A8000D9FF7C89DA0E34FF91300047D9447C896D0073043C036DFF50FD0090913000F7A0
:207AA000D9FF7CB991300027D9227CB9542FC21F74FF913000F7D9FF51C9DA0134FF009082
:207AC0004D0040F96F4F1E00ED807E0F022FED80920F022802F4ED807C0E0284ED80A40E4F
:207AE0004D004009B7000102CD0040090D00C0040D00C0040284ED80C60F02F4ED809E0FA6
:207B00000090916000FF14FF370FE1F06E0EED807E0F022F02F4ED807C0E916000FF8200B5
:207B200074F002F4ED809E0F3B0071023C02C2F0916000FF14FF370FE1F06E03FF10F9FFA1
:207B4000916000FF14FF370FE1F0EE0382123C0282023C0100906D004010762382123C1EB3
:207B60006D000B01F62382023C196D00F613F62382023C14913000F7D9FF7C8991300027BA
:207B8000D9227C894C2396026CF391300047D9447C896D00C20382123C0100906D00E0185D
:207BA00091000047D944E0833BF00F403B0002506D002616910000F7D9FF380082FF74FF31
:207BC000910000F7D9FF3C00DA0074FF0090913000FA82003C17534020F010F2542F6E11F5
:207BE000534020F010F2542F1EFC534020F010F2542F3B6063139B6163133E1382123C0671
:207C0000C210BF80EAFF82023C010090B70410F07B00F40A3E077B10F00A3E047B20F00A44
:207C20007E0382123C0382023C0100907B3000F03E5382023C1742457F45048082023C12FB
:207C4000B70418F07B0000083E067B00000A3E0382023C08B70483FE6E0382023C03821208
:207C60003C0100906D0010166D006E160D00C004913000F8DC0F009082123C0100904DC040
:207C8000E2FF3C010D00400300003C01ED807E0F0224ED80D40EED80920F0224ED80180F02
:207CA000ED80A2C1ED8094C1ED809BC1ED8039A4ED80A9C10D0000030090144F8F8F2020E7
:207CC0000C41A6F23C010090144F8F8F01000C418F0F01F0A6F00C428F8F00F0A6F00C43BD
:207CE0000FF0A0203C010090DA313FF40780DA343F4F048082123C0282023C01009091302F
:207D000000F7D9FFA099DA0074FF910001F7D9FF000080F46D000510F62A913000F7D9FF07
:207D2000A099DA0174FF82021D009501910001F7D9FF804180F46D00F40FF62A913000F7A7
:207D4000D9FFA099DA0274FF82021D008401910001F7D9FFA01080F46D00E30FF62A9130D8
:207D600000F7D9FFA099DA0374FF82021D007301910001F7D9FF40A080F46D00D20FF62A73
:207D8000913000F7D9FFA099DA0474FF82021D006201910001F7D9FF405380F46D00C10F20
:207DA000F62A913000F7D9FFA099DA0574FF82021D005101910001F7D9FF40A380F46D0070
:207DC000B00FF62A913000F7D9FFA099DA0674FF82021D004001910001F7D9FF402380F48E
:207DE0006D009F0FF62A913000F7D9FFA099DA0774FF82021D002F01910001F7D9FF00D326
:207E000080F46D008E0FF62A913000F7D9FFA099DA0874FF82021D001E01910001F7D9FF85
:207E2000006380F46D007D0FF62A913000F7D9FFA099DA0974FF82021D000D01910001F7FB
:207E4000D9FF001380F46D006C0FF62A913000F7D9FFA099DA0A74FF82021D00FC0091006D
:207E600001F7D9FF005380F46D005B0FF62A913000F7D9FFA099DA0B74FF82021D00EB00C7
:207E8000910001F7D9FF00B380F46D004A0FF62A913000F7D9FFA099DA0C74FF82021D00B1
:207EA000DA00910001F7D9FF004380F46D00390FF62A913000F7D9FFA099DA0D74FF820254
:207EC0001D00C900910001F7D9FFE05380F46D00280FF62A913000F7D9FFA099DA0E74FFCC
:207EE00082021D00B800910001F7D9FFE02380F46D00170FF62A913000F7D9FFA099DA0FEC
:207F000074FF82021D00A700910001F7D9FFE08380F46D00060FF62A913000F7D9FFA09903
:207F2000DA1074FF82021D009600910001F7D9FF202480F46D00F50EF62A913000F7D9FF74
:207F4000A099DA1174FF82021D008500910000F7D9FF200080F46D00E40EF629913000F73A
:207F6000D9FFA099DA1274FF82023C74910001F7D9FFC03380F46D00D40EF629913000F76F
:207F8000D9FFA099DA1374FF82023C64910001F7D9FFE09380F46D00C40EF629913000F7EE
:207FA000D9FFA099DA1474FF82023C54910001F7D9FFE07380F46D00B40EF629913000F70D
:207FC000D9FFA099DA1574FF82023C44910001F7D9FF40F180F46D00A40EF629913000F72E
:207FE000D9FFA099DA1674FF82023C34910001F7D9FF202380F46D00940EF629913000F71B
:20800000D9FFA099DA1774FF82023C24910001F7D9FF003380F46D00840EF629913000F729
:20802000D9FFA099DA1874FF82023C146DF81904F62F913000F7D9FFA09991300027D922A3
:2080400080A9542F1B8F3EF074FF82023C0382123C0100906DFF50F86D000E006DFF4CF826
:20806000DF02FAFF0090914002FFD9FF70F1DA002CF50D0080040090BB50DCF99BCF11F81C
:20808000C64F3B3019009B001000E20FC65F3B3019009B001000E20FC66F3B3019209B02F0
:2080A0001020E2F23C0100906DFF10F86D000E006DFF0CF8DF02FAFF0090914002FFD9FF7C
:2080C00060F1DA002CF50090404F6DFFEFF740F46D000C00022F6DFFE9F7DF02F8FF02F2ED
:2080E0003C0100902018404F914002CFD9CC70F1BB50DC899BC8118840C46DFFB5FD3B106B
:2081000053F59BCF24F47E250CC45E130CC51E1382023C3749A4000A40C5B0653B2001400B
:208120006DF7C2F449C4180A6DFF9EFD82003C0B01A00026142FC6F83B3019F09B0F10F040
:20814000E2F8C210DA123FF0F5FF5F82040082023C180CC634FF0CC72CF10CC82CF249C4B3
:208160000C0A6DFF81FD681249C4100A6DFF7CFD682249C4140A6DFF77FD683282123C0179
:208180000090404F405C406D6DFF8DF740F440C540D66D001800022F6DFF85F7DF02F6FFC4
:2081A00002F23C010090404C405D406E914002FFD9FF60F114FF8F8F0100081F8F0F01F044
:2081C000A6F0082F8F8F00F0A6F0083FA6F03B10C3F49B2F64F47E05084F5E13085F1E134A
:2081E00082023C1E08680879088A08CF8F8F010008DF8F0F0110A61008EF8F8F00F0A6F041
:2082000008FFA60F0B89104802A66DFF0EFF3E2382023C0634C834D934EA82123C010090E6
:20822000404F6DFF2FF740F46D000C006DFF2AF7DF02F9FF00902018404C914002FFD9FF0C
:2082400070F1BB50DC899BC81188DA002CF5DA4234FFDA4C2CF1DA552CF2DA312CF3DA0172
:208260002CF414CF2CF60CC12CF70CC22CF8DA002CF949F40C0A09C404096D004E0B49F4C8
:20828000100A09C408096D00480B49F4140A09C40C096D00420B49A4000A40F5B0653B2093
:2082A00001406DF7EAF382003C0B01A00026142FC6F83B3019F09B0F10F0E2F8C210DA12F5
:2082C0003FF0F5FF49F4180A02846D00260B0D008004DA012CF50D00800400906D00900A43
:2082E0003B0071426DF8EC07913000F7D9FF4CA974F23C0100906D00800A6DF86E083C0171
:2083000000906DF860086DF89E006DF8DC0000902040404C024F0258EE031D00CC0914C9D5
:208320003B0001005F091F801E293B300150029402866D00DF091D00BE09DA5034AF0CC1C6
:208340002CA1DA002CA2DA322CA3DA012CA4DAF42CA549A4000A826402856D003B0A1D0050
:20836000AA093BE003005F0917801E293B300150029402866D00BE091D009D09DA7E34AFDA
:20838000DA002CA149A4000A822402856D00220A1D0091093B2002005F095E801E393B305D
:2083A0000150029402866D00A5091D008409B01C40C46DFF0FFCBB6018FFFE21DA6234AFD2
:2083C00049A4010A02246D00750ADA022CA349A4000A824402856D00FD093C3BBB0010FFF0
:2083E000FE23DA6234AF49A4010A02246D00620A6DFF40F489A2030849A4000A824402852C
:208400006D00E8093C26BB10100F5F021D80DA6234AF49A4010A02246D004C0ADA022CA309
:20842000DA002CA4DA002CA5DA022CA6DA002CA7DA002CA849A4000A3B90004002856D00E8
:20844000C9093C073B100350029402866D0052091D0031093B7002005F09098040C40BF887
:2084600010486D0067091D0026093B8002005F0918801E393B300150029402866D003A09DD
:208480001D001909DA6834AF0CC1167F2CA149A4000A822402856D009D091D000C093B1095
:2084A00003005F098683FF4F0A803B300150029402866D001F091D00FE0840C4B0246DFF9A
:2084C00089FB09C04108DF1031803B0020005F022D801E593B300150029402866D000A092C
:2084E0001D00E90809CA440802A46DFF13F5F62B82546DFF5FF582160B9810486D000A096B
:208500001D00D908DA7134AFDA012CA1DA022CA2DA002CA389AA040849A4000A82540285A1
:208520006D0058091D00430309C04108DF1061803B5015005F025D801E493B300150029491
:2085400002866D00D7081D00B608913000F7D9FF7C89082F1E2B82546DFF2CF582560B9879
:2085600010486D00D7081D00A608913000F7D9FF7C89DA0134FF913000F7D9FF7C89DA007A
:208580002CF191300047D9447C896DFF23FE6DFF41FAF62C82646DFF0DF53B2002500294A7
:2085A00002866D00A7081D008608913000F7D9FF7C89DA0234FF913000F7D9FF7C89DA0059
:2085C0002CF191300047D9447C896DFF03FEDA7134AFDA012CA1DA012CA2DA552CA349A47D
:2085E000000A824402856D00F5081D00640809C04108DF10F181DF12EF817B3000AA7BA0ED
:2086000005B03BC000007E0C40C4B0446DFFF2FA022A49C4080A6DFFEDFA022B3C0A1E4958
:208620003B300150029402866D0064081D0043080BAB10486DFF6EFADF028900913000F71B
:20864000D9FF7C89DA022CF2913000F7D9FF7C8914FF1E2E913000F7D9FF7C8914FF1E4841
:2086600082260B9810486D0055081D0024086DFFE1FAF62C82646DFF9DF43B2002500294B5
:2086800002866D0037081D00160802A46DFFE2F2022A0B9810486D001D083B007D406DF86F
:2086A000F905913000F7D9FF7C89DA0334FF913000F7D9FF7C89DA002CF191300047D94466
:2086C0007C896DFF87FD82146D00F4090BAB10486D00800B762C82746DFF6CF43B000750A9
:2086E000029402866D0006081D00E507913000F7D9FF7C89DA0434FF913000F7D9FF7C899D
:20870000DA002CF1913000F7D9FF7C89681B913000F7D9FF7C89DA006CF291300047D94458
:208720007C896DFF57FDDA7134AFDA012CA1DA002CA2DA012CA3DA002CA449A4000A8254D5
:2087400002856D0047081D00B607913000F7D9FF7C89082CDF2C0C806DFFACF2F6288236BC
:208760000B9810486D00D6071D00A507913000F7D9FF7C89DA012CF20BAB10486D003A08A0
:20878000762E913000F7D9FF7C89282C3B100350029402866D00AE071D008D07913000F705
:2087A000D9FF7C89DA0134FF913000F7D9FF7C89DA002CF1913000F7D9FF7C8991300027C5
:2087C000D9227C894C2396016CF391300047D9447C896DFFFFFC02A46DFF3CF2022A0B9894
:2087E00010486D007707913000F7D9FF6CA985FF100174FF3B007D406DF84C05913000F723
:20880000D9FF68A985FF100174FF913000F7D9FF70A991300027D92268A9542F913000275F
:20882000D9226CA95420A20F74FF913000F7D9FF74A9DA0074FF910000F7D9FFE0D3DA00A9
:2088400074FF913000F7D9FF60C9DA0074FF913000F7D9FF8059DA0074FF913000F7D9FF59
:20886000A059DA0074FF913000F7D9FF8009DA0074FF913000F7D9FF40E9DA0074FF913085
:2088800000F7D9FF60E9DA0074FF913000F7D9FF40F9DA0074FF913000F7D9FFA009DA004A
:2088A00074FF913000F7D9FF8019DA0074FF913000F7D9FFA019DA0074FF913000F7D9FFA9
:2088C0008029DA0074FF913000F7D9FFA029DA0074FF913000F7D9FF8039DA0074FF9130A5
:2088E00000F7D9FFA039DA0074FF913000F7D9FF8049DA0074FF913000F7D9FFA049DA008A
:2089000074FF913000F7D9FF48B985FF100174FF0BAB10486D001E0BF623DA013C02DA009B
:20892000913000F7D9FF78A985F0100174F0913000F7D9FF4CB991300027D92278A954208F
:2089400091300027D92248B95421A21074F0913000F7D9FF40B974FFEE20913000F7D9FF0E
:20896000609974FA913000F7D9FF689974FB913000F7D9FF649991000027D922C0D3542F3A
:2089800074FF82146DFF16F33B000750029402866D00B0061D008F06913000F7D9FF7C893F
:2089A000DA0134FF91300047D9447C896DFF12FCDA7134AFDA012CA1DA002CA2DA012CA3DD
:2089C000DA002CA449A4000A825402856D0002071D00ED0009C04108DF10E380DF22E18053
:2089E0003B0001003E093B300150029402866D0081061D00600640C4B0446DFFFBF8022A20
:208A000049C4080A6DFFF6F8022B49C40C0A6DFFF1F8022C913000F7D9FF7C89082F1E28F8
:208A2000913000F7D9FF4C99081FDF2F2B800BAB10486DFF6FF8F6293B1003500294028625
:208A40006D0058061D003706913000F7D9FF4C9914FFEE0F913000F7D9FF7C8914F0DA08F1
:208A60003E0F913000F7D9FF7C8914F0DA0F3E0882460B9810486D004D061D001C063C0ED5
:208A80000BAB10486D00B60676293B100350029402866D002F061D000E060B9810486D0009
:208AA0005909F6246D00D60776293B000750029402866D001F061D00FE056D00BB0E02A413
:208AC0006DFFC8F00B2B10480B9810686D0042080229DA7134AFDA012CA1DA002CA2DA028D
:208AE0002CA349A4040A02946D00F4065FC90480DA003C02DA012CA8913000F7D9FF4C99C7
:208B0000081FDF2F37805FC93580913000F7D9FF4C9909FF0E097B3000005F0F2B80913073
:208B200000F7D9FF4C9909FF0A097B3000005F0F2180913000F7D9FF7C89DA0F34FF91303A
:208B400000F7D9FF7C89DA002CF1913000F7D9FF7C897B3000F06CF1913000F7D9FF7C8928
:208B6000682C91300047D9447C896DFF33FB3C10913000F7D9FF4C99081F1E27913000F7B8
:208B8000D9FF7C89082F5E2482246DFF13F249A4000A3B90004002856D001C063C073B1082
:208BA0000350029402866D00A5051D0084053B4003005F09F0813BB000007E0509C04208AF
:208BC000DA443E093B300150029402866D0092051D00710540C4B0346DFF0CF8022AB07C0F
:208BE00040C46DFF07F8022B0BAB10486DFF92F7DF021300913000F7D9FF7C89082F1E2BCD
:208C000082546DFFD7F182560B9810486D0082051D0051053C49913000F7D9FF7C89082FBF
:208C2000EE0F82146DFF76F1F62B82546DFFC2F182660B9810486D006D051D003C059130D7
:208C400000F7D9FF7C89082FDF2F2F806DFF32F0F62882760B9810486D005C051D002B0592
:208C6000913000F7D9FF7C89DA012CF2913000F7D9FF7C89DA0134FF913000F7D9FF7C892E
:208C8000DA002CF1913000F7D9FF7C8991300027D9227C894C2396016CF391300047D944D6
:208CA0007C896DFF97FA0BAB10486D00A30576293B100350029402866D001C051D00FB048A
:208CC000913000F7D9FF7C89082FDE256D00E2067627913000F7D9FF7C8914FF1E4C8254EB
:208CE0006DFF68F13B8000600B9810486D0012051D00E104913000F7D9FF4C99DA0134FF90
:208D0000913000F7D9FF4C9991300027D9227C890C222CF1913000F7D9FF4C9902A46DFF24
:208D200099EF89F20209913000F7D9FF4C9991300027D9224C99092F020989FF060991304D
:208D400000F7D9FF4C9989FB0A09913000F7D9FF4C99DA0089FF0E09913000F7D9FF4C9965
:208D6000DA0189FF1208913000F7D9FF4C99DA0089FF1308913000F7D9FF7C89DA0534FFDD
:208D8000913000F7D9FF7C89DA002CF1913000F7D9FF7C89681B913000F7D9FF7C89DA00C0
:208DA0006CF291300047D9447C896DFF13FA910000F7D9FF380082FF74FF910000F7D9FFC6
:208DC0003C00DA0074FF91000047D944E0833BF00F403B0002506D007D0C91000047D944C0
:208DE000C0833BF00F403B0002506D00730C910000F7D9FF3400DA0074FF913000F7D9FFCC
:208E000068B9BB2000F874FF913000F7D9FF78B9DA0074FF913000F7D9FF6CB9DA0074FFDB
:208E2000913000F7D9FF70B9DA0074FF913000F7D9FF74B9DA0074FF913000F7D9FF48C981
:208E4000DA0074FF913000F7D9FF44C9DA0074FF913000F7D9FF7CB9DA0074FF913000F711
:208E6000D9FF40C9DA0074FF913000F7D9FF64B985FF100174FF913000F7D9FF60B9DA008C
:208E800074FF913000F7D9FF54B9DA0074FF913000F7D9FF50B9DA0074FF913000F7D9FFFF
:208EA0005CB9DA0074FF913000F7D9FF58B9DA0074FF911000F7D9FF347CDA0074FF911054
:208EC00000F7D9FF307CDA0074FF911000F7D9FF207CDA0074FF911000F7D9FF287CDA0083
:208EE00074FF911000F7D9FF387CDA0074FF911000F7D9FF048CDA0074FF911000F7D9FFD1
:208F00002C7CDA0074FF911000F7D9FF247CDA0074FF911000F7D9FF70BCDA0074FF911075
:208F200000F7D9FF74BCDA0074FF911000F7D9FF6CBCDA0074FF911000F7D9FF0C8CDA001E
:208F400074FF910000F7D9FF000482FF74FF911000F7D9FF088CDA0074FF911000F7D9FF85
:208F60003C7CDA0074FF911000F7D9FF008CDA0074FFDA7434AFDA202CA1DA802CA2DA02A7
:208F80002CA349A4000A824402856D0023041D0092033B6003005F094381BCC3FF2F0B8076
:208FA0003B6003403B30015002866D00A3031D00820391300027D92278B9742FBB20000840
:208FC0007FF00B803B6003403B30015002866D0091031D00700391300027D9224C991420E8
:208FE000F6093B200250029402866D0083031D00620309C0410891300027D9224C9909212E
:2090000052085F1025000CC1913000F7D9FF4C9909F05308FE04913000F7D9FF4C9909FF4D
:209020000E096E0DDA7634AF0CC12CA149A4000A822402856D00CE031D003D033B30075050
:20904000029402866D0056031D00350392EA913000F7D9FF6CB974FA76A5BB0000087FA03B
:209060000B803B6003403B30015002866D0042031D002103913000F7D9FF4C9909F00A09CF
:20908000913000F7D9FF4C9909F10E09A2107FA00A803B000750029402866D002B031D0087
:2090A0000A03913000F7D9FF7C89826034F091300047D9447C896DFF8DF8913000F7D9FF5D
:2090C00040C9DA0074FF6DFF15F9913000F7D9FF54B985FF100174FF913000F7D9FF4C99A6
:2090E000081F5E2F913000F7D9FF4C9909F4060940C4B02402A50B9810686D00CB063C0E19
:20910000913000F7D9FF4C9909F4060940C4B02402A50B9810686D00BD07DF02140091304D
:2091200000F7D9FF50B985FF100174FF82146DFF41EF3B000750029402866D00DB021D0006
:20914000BA02913000F7D9FF50B985FF100174FF913000F7D9FF4C9991300027D9224C9975
:20916000092F060942AF89FF0609913000F7D9FF4C9991300027D9224C99092F0E0942FA58
:2091800089FA0E09913000F7D9FF4C9991300027D9224C99092F520889FF1308913000F70B
:2091A000D9FF4C9991300027D9224C99092F5208C21F89FF1208913000F7D9FF7C89DA05A1
:2091C00034FF91300047D9447C896DFF03F8DA7634AF0CC12CA182046DF79CFE913000F7C2
:2091E000D9FF5CB985FF100174FF49A4000A822402856DFF6FF8913000F7D9FF58B985FF5E
:20920000100174FF913000F7D9FF60B991300027D92258B9542F74FF1D004D023B7003001D
:209220005F096A81913000F7D9FF4C9914F0F6093B200250029402866D005C021D003B0273
:20924000913000F7D9FF4C990810DF200B801E593B300150029402866D004C021D002B02A1
:20926000913000F7D9FF4C990810DF200C001E1A1E593B300150029402866D003B021D0006
:209280001A020B9810486D006505F6246D00E203762C82146DFF8EEE3B00075002940286A4
:2092A0006D0028021D0007026D00C40A913000F7D9FF4C9909F00E09913000F7D9FF4C99BC
:2092C00009F10A095F100D0082146DFF73EE3B000750029402866D000D021D00EC019130AB
:2092E00000F7D9FF7C893B80000034F091300047D9447C896DFF6EF7913000F7D9FF4C994B
:209300000810DF205E806D00B503F62C82146DFF51EE3B000750029402866D00EB011D00AA
:20932000CA01DF5F2F8040C4B0146DFF63F4022A913000F7D9FF4C9909F40209913000F789
:20934000D9FF4C9909F50A090B9810686D00C2045FA21800913000F7D9FF7C89682A9130F0
:209360000047D9447C896DFF35F782246DFF22EE3B000750029402866D00BC011D009B0137
:20938000913000F7D9FF7C893BA0000034F091300047D9447C896DFF1DF70B9810486D0027
:2093A000F903762C82246DFF05EE3B000750029402866D009F011D007E016D003B0A91303E
:2093C00000F7D9FF7C893B90000034F091300047D9447C896DFFFEF6DF5F3080B01C40C482
:2093E0006DFF08F4022F913000F7D9FF4C9909F40209913000F7D9FF4C9909F50A090B982E
:2094000010686D00A703022A913000F7D9FF7C896CF291300047D9447C896DFFDBF63EAC4D
:2094200082246DFFC7ED3B000750029402866D0061011D0040013C12913000F7D9FF4C99C6
:20944000081F5E2C82246DFFB5ED3B000750029402866D004F011D002E01913000F7D9FF5E
:209460004C99DA0034FF913000F7D9FF7C89DA002CF1913000F7D9FF4C99081F5E2F913084
:2094800000F7D9FF7C89DA0F34FF913000F7D9FF7C897B3000F06CF13C07913000F7D9FF7C
:2094A0007C89DA0C34FF91300047D9447C896DFF91F682046D00FE02DA7734AF82046DF760
:2094C00029FD913000F7D9FF4C99081F5E2C49A4000A821402856DFFEDF6F62482446DFF91
:2094E00069ED3C0749A4000A821402856D0072011D00E1003B5008005F0923801E293B3091
:209500000150029402866D00F5001D00D4000CC1167F1E1A1E293B200150029402866D0071
:20952000E9001D00C8003B500C0034A02CA149A4000A822402856D004D011D00BC003B1022
:2095400001005F09B2801E293B300150029402866D00D0001D00AF00913000F7D9FF7C89B1
:20956000082FDF2F4880913000F7D9FF7C8914FFDF3F3A00913000F7D9FF7C8914FFDF4F08
:209580003300913000F7D9FF7C8914FFDF5F2C00913000F7D9FF7C8914FFDF6F25009130AA
:2095A00000F7D9FF7C8914F0DA08BE0D913000F7D9FF7C8914F0DA09BE06913000F7D9FF56
:2095C0007C8914F0DA0A3E0F913000F7D9FF7C8914F0DA0D3E08913000F7D9FF7C8914F0F2
:2095E000DA0E7E083B9000600B9810486D0092003C61DA5134AF0CC12CA1913000F7D9FF03
:209600007C89082FDE2F913000F7D9FF7C8914F0DA0FFE086DFF1EECDF021500913000F755
:20962000D9FF7C89DA1034FF913000F7D9FF7C89DA002CF191300047D9447C896DFFCAF54F
:209640003C15913000F7D9FF7C89082F5E2F913000F7D9FF7C8914F0DA117E086DFFFAEB05
:2096600076256DFF27EC6DFF95F4913000F7D9FF48A9DA0174FF49A4000A822402856DFF7C
:2096800019F6913000F7D9FF48A9DA0274FF6D004101913000F7D9FF48A9DA0374FF8244A5
:2096A0006DFF88EC3C073B100350029402866D002100009002563B8007506D000D00009039
:2096C0002008DA7F34AF89A4010889A5020849A4000A823402656D0065000090024F025897
:2096E00002646DFF4DEB3B40025002F402866DFFE7FF009020080258FF240A803B70024017
:209700003B30015002866DFFD7FF3C3D0C416E03BF9F0A803B7002403B10035002866DFF25
:20972000CBFF3C316F0F1C00DF240A003B7002403B30015002866DFFBFFF3C253B700600DE
:2097400034A02CA149A4020A82046D00A50049A4000A826402856D001F003C15DF640A0049
:209760003B7002403B30015002866DFFA5FF3C0B3B70060034A02CA149A4000A82240285EB
:209780006D000A0000906DFF70EE00900B4510887B3000A0BBF0FFBF9BCB05B0BBF0FFCF38
:2097A0009B2C00C0F69382123C4D1A987F8F048082123C4802846DFF6BF1F6261A9892F47E
:2097C0006DFF66F1762382423C3D7B00F00A3F080A80BBF0FFFF9BFFFFFA3F8F0480824258
:2097E0003C31B70818F07B0000083E067B00000A3E0382323C27B708830E1A90C2FF913015
:2098000000F7D9FF7C890821DF210A80F6057EC47B3000F03E9382323C153C0D3F0C0680F9
:20982000BF0F048082423C0E3FA004807FFB048082323C088FF001F16E0382223C03820226
:209840003C0100908F843FF0344F8944010800908F841EF0344F8F041FF02C418F841FF03B
:209860002C42894403080090604F34F5009020086D004F026D009D076D00EB02DA0034AF9C
:20988000DA002CA1DA002CA249A4000A49A5010A49A6020A6D006D0B762614A8821909AA03
:2098A00042083C0482088219820A913000F7D9FF54A991300047D9447C896D00FA0A74F2DF
:2098C000913000F7D9FF7C89082FDF2F2780913000F7D9FF7C8914F0DA10FE0F6D00E90120
:2098E000DF021C00913000F7D9FF7C89DA1134FF913000F7D9FF7C89DA002CF19130004724
:20990000D9447C896D00950B913000F7D9FF50A9DA019B6F00F074FF02A46D00AA08DF02A1
:209920001E006D00A60A3B000F409B04004982256D000F17910000F7D9FF1C00DA0174FF76
:20994000910000F7D9FF1800DA0074FF910000F7D9FF2810DA0134FF3C22DF181B8091001B
:2099600000F7D9FF1C0074F9910000F7D9FF1800DA0074FF910000F7D9FF2810DA0134FF24
:209980003B000F409B04004982256D00E2163C07910000F7D9FF2810DA0034FF913000F7A9
:2099A000D9FF7C8914FF6E19913000F7D9FF7C89082FDE23910000F7D9FF1C00DA0174FF99
:2099C000910000F7D9FF1800DA0074FF910000F7D9FF2810DA0134FFDF1804806D00490AE1
:2099E0006D0007086D007507910000F7D9FF180054FFDF1F29806D008C07DF0212009130DC
:209A000000F7D9FF7C8914FFEE09913000F7D9FF7C89081FEE036D00EC096D00CA0791008A
:209A200000F7D9FF1800DA0074FF910000F7D9FF1C00DA0174FF3B000F409B04004982250F
:209A40006D008716910000F7D9FF1C0054FF370F6840910000F7D9FF1C006D00BA0774F22F
:209A6000910000F7D9FF1C00DA0174FF91000147D944C07091000157D955C08091000167A6
:209A8000D966C0C06DF865116DF8830A3C0E910000F7D9FF241091000027D9222410542FF2
:209AA000C21F74FF6D0015033CF30090DA003C08104F1052142034F0C21F370F70F03F4FC2
:209AC000F9FF0090404C405D02488209406F3C1709FACA081AA97FF805005A98370F70A0A2
:209AE00076AA01C90046C81502A46DFFDDFF42A9370970903F8903803C04D4FFBD0FEAFF2D
:209B0000B4D9009082023C03C212D444BD04FEFF3C010090911000F7D9FF308C09FFC008F2
:209B20006E0382123C0382023C010090911000F7D9FF108C14FF6E023C73910000F7D9FFF2
:209B4000082454FF6E10910000F7D9FF0824D4FF54FF6E09910000F7D9FF0824D4FFD4FFAD
:209B600054FFEE023C5D910000F7D9FF082408CF6E08911000F7D9FF108CDA0134FF3C508A
:209B80006D00E60291100047D9443C8C82043B0013506D009D06911000F7D9FF3CDCDA000D
:209BA00034FF911000F7D9FF2CDCDA0034FF911000F7D9FF348CDA0034FF911000F7D9FF40
:209BC00038DCDA0034FF911000F7D9FF208CA002F4F2911000F7D9FF148CA002F4F2911087
:209BE00000F7D9FF2C8CDA0074FF911000F7D9FF388CA002F4F26D009B0E91000047D944CA
:209C000008246D00B50E76223C0B6D0091066D00FF06911000F7D9FF108CDA0134FF0090E9
:209C2000BC58911000F7D9FF148CD4FF7D5F040082023C0C804F911000F7D9FF2C8C54F046
:209C40003E0382023C0382123C0100908200BC427C59911000F7D9FF186CDA0174FF820284
:209C60003C3A404F3C1B481FEE09911000F7D9FF186CDA0274FF82023C2E09FFCA0842F0ED
:209C8000BBF0FFFF7F0F0A80911000F7D9FF186CDA0374FF82023C1FD4FFBD0FE6FF9110BB
:209CA00000F7D9FF106C74F0B450370070F00940C8083E09911000F7D9FF186CDA0474FFB5
:209CC00082023C09911000F7D9FF186CDA0074FF82123C010090911000F7D9FF108C14FFFA
:209CE0006E07911000F7D9FF288C14FF6E023C2F6D00C310911000F7D9FF244CDA0174FF6F
:209D0000911000F7D9FF288C14FFEE1B911000F7D9FF204C91100027D922204C542FC21F94
:209D200074FF911000F7D9FF387C91100027D922387C542FC21F74FF6D001F106D002D11F7
:209D4000911000F7D9FF244CDA0074FF0090911000F7D9FF2C8C91100027D9222C8C542F20
:209D6000C21F74FF911000F7D9FF2C8C54FFEE07911000F7D9FF2C8CDA0174FF911000F711
:209D8000D9FF2C8C54F23C0100906DFFE0FF911000F7D9FF148CA002F4F26D00A80D6D00AE
:209DA000B601911000F7D9FF304C91100027D922304C542FC21F74FF911000F7D9FF1C8CD2
:209DC00054FF6E08911000F7D9FF1C8CD4FF2D0F00000090911000F7D9FF244CDA0174FFD5
:209DE000911000F7D9FF108C14FF6E07911000F7D9FF288C14FF6E08911000F7D9FF244C42
:209E0000DA0074FF3C27911000F7D9FF204C91100027D922204C542FC21F74FF911000F718
:209E2000D9FF387C91100027D922387C542FC21F74FF911000F7D9FF244CDA0274FF6D00AC
:209E40008B0F6D009910911000F7D9FF244CDA0074FF0090911000F7D9FF108C14FFEE0286
:209E60003C036D00F90F0090911000F7D9FF308C09FFC0087C4482021D008E00911000F71B
:209E8000D9FF308C09F0C0080941C8084210BB0002187F0106806D00290182023C7C9110B2
:209EA00000F7D9FF308C09F0C008F60E911000F7D9FF347C85F0100174F0911000F7D9FFD8
:209EC000307C820074F0404F3C2209F0CA08BF101E8091000027D92200441024C81509F4C6
:209EE000CA086DFFA3FD91100027D9223C7C91100047D9443C7C544009F1CA084210742006
:209F000009F0CA08420F370F70F0D4FFBD0FDFFF911000F7D9FF308CB4FF911000F7D9FFB3
:209F2000207C91100027D922308C092FC00874FF911000F7D9FF308C09FFC008913000F7DF
:209F4000D9FF48C954F07FF00D80913000F7D9FF48C991100027D922308C092FC00874FF45
:209F6000911000F7D9FF308C09FFC008911000F7D9FF287C54F07FF00D80911000F7D9FF21
:209F8000287C91100027D922308C092FC00874FF82123C0100904046405C0248BC69BCC8B5
:209FA000911000F7D9FF348C14FFBF4F048082023C69911000F7D9FF3CDC14FF53CF24F0D2
:209FC000911000F7D9FF3C8C10F4911000F7D9FF3CDC14FF53CF24F0911000F7D9FF3C8C3C
:209FE00010FF49F5001A3B0004406DFF26FD911000F7D9FF3CDC14FF53CF24F0911000F783
:20A00000D9FF3C8C10FF49FF021A54CF74FF911000F7D9FF3CDC14FF53CF24F0911000F72E
:20A02000D9FF3C8C10FF49FF061AB4F8911000F7D9FF3CDC14FF53CF24F0911000F7D9FF1C
:20A040003C8C10FF49FF081ADA0134FF911000F7D9FF3CDC91100027D9223CDC142FC21F2A
:20A0600082404B0F110234F1911000F7D9FF348C91100027D922348C142FC21F34FF8212EE
:20A080003C010090911000F7D9FF1C5C91100027D9221C5C542FC21F74FF911000F7D9FF89
:20A0A000085C74F40090911000F7D9FF288CDA0034FF911000F7D9FF308CDA00B4FF9100C9
:20A0C0000047D94400448204BB0002586D00AD030090913000F7D9FF80A9DA0074FF9100F9
:20A0E00000F7D9FF604380F46D08550AF62A913000F7D9FF80A9DA0174FF82021D00840357
:20A10000910000F7D9FFC05180F46D08440AF62A913000F7D9FF80A9DA0274FF82021D00CE
:20A120007303910000F7D9FF40A180F46D08330AF62A913000F7D9FF80A9DA0374FF820295
:20A140001D006203910000F7D9FF40A180F46D08220AF62A913000F7D9FF80A9DA0474FFFD
:20A1600082021D005103910000F7D9FF403280F46D08110AF62A913000F7D9FF80A9DA055C
:20A1800074FF82021D004003910000F7D9FF60A180F46D08000AF62A913000F7D9FF80A93B
:20A1A000DA0674FF82021D002F03910001F7D9FF207180F46D08EF09F62A913000F7D9FFF6
:20A1C00080A9DA0774FF82021D001E03910000F7D9FF806180F46D08DE09F62A913000F757
:20A1E000D9FF80A9DA0874FF82021D000D03910000F7D9FFA01180F46D08CD09F62A9130A7
:20A2000000F7D9FF80A9DA0974FF82021D00FC02910000F7D9FF60B180F46D08BC09F62A12
:20A22000913000F7D9FF80A9DA0A74FF82021D00EB02910000F7D9FFA00180F46D08AB09E2
:20A24000F62A913000F7D9FF80A9DA0B74FF82021D00DA02910000F7D9FF807180F46D0816
:20A260009A09F62A913000F7D9FF80A9DA0C74FF82021D00C902910000F7D9FF80B180F498
:20A280006D088909F62A913000F7D9FF80A9DA0D74FF82021D00B802910000F7D9FFC00108
:20A2A00080F46D087809F62A913000F7D9FF80A9DA0E74FF82021D00A702910000F7D9FF56
:20A2C000C07280F46D086709F62A913000F7D9FF80A9DA0F74FF82021D009602910000F7FD
:20A2E000D9FF805280F46D085609F62A913000F7D9FF80A9DA1074FF82021D00850291007D
:20A3000000F7D9FF60A280F46D084509F62A913000F7D9FF80A9DA1174FF82021D007402E7
:20A32000910000F7D9FF601380F46D083409F62A913000F7D9FF80A9DA1274FF82021D004B
:20A340006302910000F7D9FF804180F46D082309F62A913000F7D9FF80A9DA1374FF8202A5
:20A360001D005202910000F7D9FFA08180F46D081209F62A913000F7D9FF80A9DA1474FFAD
:20A3800082021D004102910000F7D9FFA0A180F46D080109F62A913000F7D9FF80A9DA157D
:20A3A00074FF82021D003002910000F7D9FF802280F46D08F008F62A913000F7D9FF80A99B
:20A3C000DA1674FF82021D001F02910000F7D9FFA06280F46D08DF08F62A913000F7D9FF76
:20A3E00080A9DA1774FF82021D000E02910000F7D9FFA0D280F46D08CE08F62A913000F7B6
:20A40000D9FF80A9DA1874FF82021D00FD01910000F7D9FF004380F46D08BD08F62A913005
:20A4200000F7D9FF80A9DA1974FF82021D00EC01910000F7D9FF00E380F46D08AC08F62A30
:20A44000913000F7D9FF80A9DA1A74FF82021D00DB01910000F7D9FF402380F46D089B0810
:20A46000F62A913000F7D9FF80A9DA1B74FF82021D00CA01910000F7D9FF808280F46D08E4
:20A480008A08F62A913000F7D9FF80A9DA1C74FF82021D00B901910000F7D9FF40E280F497
:20A4A0006D087908F62A913000F7D9FF80A9DA1D74FF82021D00A801910000F7D9FF404237
:20A4C00080F46D086808F62A913000F7D9FF80A9DA1E74FF82021D009701911000F7D9FF36
:20A4E000188C54FF6E12911000F7D9FF188C54F46D085108F62A913000F7D9FF80A9DA1FE9
:20A5000074FF82021D008001911000F7D9FF1C8C54FF6E12911000F7D9FF1C8C54F46D08E6
:20A520003A08F62A913000F7D9FF80A9DA2074FF82021D006901911000F7D9FF248C54FF15
:20A540006E12911000F7D9FF248C54F46D082308F62A913000F7D9FF80A9DA2174FF8202A8
:20A560001D005201910000F7D9FF40B080F46D081208F62A913000F7D9FF80A9DA2274FFD0
:20A5800082021D004101910000F7D9FF00B080F46D080108F62A913000F7D9FF80A9DA2300
:20A5A00074FF82021D0030016DFF35F5DF021180913000F7D9FF80A991300027D922A0A969
:20A5C000542F1B8F3EF074FF82021D001D01910000F7D9FFA06380F46D08DD07F62A9130DD
:20A5E00000F7D9FF80A9DA2474FF82021D000C01910000F7D9FFA0A380F46D08CC07F62AC5
:20A60000913000F7D9FF80A9DA2574FF82021D00FB00912000F7D9FF40E780F46D08BB0721
:20A62000F62A913000F7D9FF80A9DA2674FF82021D00EA00913000F7D9FF00E880F46D08E2
:20A64000AA07F62A913000F7D9FF80A9DA2774FF82021D00D900912000F7D9FF205380F41B
:20A660006D089907F62A913000F7D9FF80A9DA2874FF82021D00C800912000F7D9FF6063CB
:20A6800080F46D088807F62A913000F7D9FF80A9DA2974FF82021D00B700913000F7D9FF0B
:20A6A000205980F46D087707F62A913000F7D9FF80A9DA2A74FF82021D00A600912000F77B
:20A6C000D9FF605180F46D086607F62A913000F7D9FF80A9DA2B74FF82021D009500910083
:20A6E00001F7D9FFC05380F46D085507F62A913000F7D9FF80A9DA2C74FF82021D008400BB
:20A70000910001F7D9FFE04380F46D084407F629913000F7D9FF80A9DA2D74FF82023C73FC
:20A72000910001F7D9FFE0A380F46D083407F629913000F7D9FF80A9DA2E74FF82023C639B
:20A74000910001F7D9FFE06380F46D082407F629913000F7D9FF80A9DA2F74FF82023C53DA
:20A76000910001F7D9FFC06380F46D081407F629913000F7D9FF80A9DA3074FF82023C43F9
:20A78000912000F7D9FF400180F46D080407F629913000F7D9FF80A9DA3274FF82023C33BA
:20A7A000910000F7D9FFC04180F46D08F406F629913000F7D9FF80A9DA3374FF82023C231A
:20A7C000910000F7D9FF80F380F46D08E406F629913000F7D9FF80A9DA3474FF82023C13A7
:20A7E000910000F7D9FF002080F46D08D406F629913000F7D9FF80A9DA3574FF82023C03F9
:20A8000082123C010090DA003C06104F34F4C21F370F70F03F5FFBFF0090911000F7D9FF15
:20A82000188CF4F4911000F7D9FF1C8CF4F5911000F7D9FF248CF4F600907643DA013C021F
:20A84000DA00911000F7D9FF288C34FF0090911000F7D9FF208C3BE002406D010A10F4F250
:20A860006D00F707911000F7D9FF208C54FFEE023C5A911000F7D9FF208CD4F2911000F7FE
:20A88000D9FF208CD4FF089F96042C29911000F7D9FF208CD4F491000057D9553C103B80CA
:20A8A00045436D01E60BDF021200911000F7D9FF208CD4F46D013D0C911000F7D9FF208C07
:20A8C000A002F4F26D00C5073C2E911000F7D9FF208CD4F43BF00F406D01CB0EBD02128057
:20A8E000911000F7D9FF208CD4F46D01220C911000F7D9FF208CA002F4F26D00AA073C13C7
:20A90000911000F7D9FF208CF4F26D00A207911000F7D9FF208CD4F491000057D95560A223
:20A920006D01670A0090911000F7D9FF388C3BE002406D011A35F4F2911000F7D9FF388C40
:20A9400054FFEE023C36911000F7D9FF388CD4F2911000F7D9FF388CD4FF089F96042C29AB
:20A96000911000F7D9FF388CD4F491000057D9553C103B8045436D017832762F911000F7E1
:20A98000D9FF388CD4F46D015035911000F7D9FF388CA002F4F23C0D911000F7D9FF388C27
:20A9A000D4F491000057D9556013A0066D012D350090405FF6427CF382A23C67911000276B
:20A9C000D922148C542F6E1A91100027D922148CD42C6DFF80F9A00540C46D01FC0AA005C7
:20A9E00040C46D01A810A00540C46D01C40C82246DFF11FB40C46D01DE0991100027D9220C
:20AA0000148CF42F6DFF47F96D00150791100027D922284C91100047D944284C544FC21F0A
:20AA2000742F6DFF18FB3B00044040F46D01531191100027D9222C8C542F60F540F46D017A
:20AA4000CA0A91000057D955C07240F46D01731091000057D955805240F46D018C0C40F45F
:20AA60006D01C90A089F16F72CF9911000F7D9FF188C54FF6E08911000F7D9FF188CD4FFF8
:20AA80002D0F000082023C0100907649911000F7D9FF308C09FFC0087F4F1680911000F772
:20AAA000D9FF245C91100027D922245C542FC21F74FF911000F7D9FF086CDA0474FF6DFF83
:20AAC000C6FA3C56911000F7D9FF308C09FFC008A24F370F7080911000F7D9FF345C74F895
:20AAE000BF182080911000F7D9FF086CDA0774FF91000047D9440044910000F7D9FF0044CA
:20AB000001F4005602846DFF42F7911000F7D9FF008C91100027D922008C542F428F74FFAD
:20AB2000911000F7D9FF086CDA0874FF911000F7D9FF308CB4F8911000F7D9FF207C911057
:20AB40000027D922308C092FC00874FF911000F7D9FF046C91100027D922046C542FC21F2D
:20AB600074FF911000F7D9FF086CDA0974FF009002483C49911000F7D9FF148CD4FFBD0F1A
:20AB80001580911000F7D9FF344C91100027D922344C542FC21F74FF911000F7D9FF005C4A
:20ABA000DA0174FF82123C4440F46D01632791100027D922148CD4227DF21B8009FF2C1957
:20ABC000EE1709FF3019EE14911000F7D9FF344C91100027D922344C542FC21F74FF911072
:20ABE00000F7D9FF005CDA0174FF82123C216D00D108911000F7D9FF288C14FFEE036D0010
:20AC00004908C2F8FF18B8FF911000F7D9FF384C91100027D922384C542FC21F74FF9110A8
:20AC200000F7D9FF005CDA0074FF82023C010090804F911000F7D9FF2C8C54F03E0D911024
:20AC400000F7D9FF187C91100027D922187C542FC21F74FF3C13911000F7D9FF3C4C91107B
:20AC60000027D9223C4C542FC21F74FF911000F7D9FF045C74F46DFF1DF80090911000F772
:20AC8000D9FF148CD4FF7CF382123C1C40F46D01E7266D00750891100027D922288C142FBB
:20ACA000EE036D00ED0791100027D922148CD4227DF2078009FF2C19EE0382123C0282025F
:20ACC0003C010090404C405DBCC3BD0D1680911000F7D9FF006C91100027D922006C542F11
:20ACE000C21F74FF911000F7D9FF086CDA0274FF82021D009800A00FF4CFDA00B4DF911014
:20AD000000F7D9FF308C09FFC008FF8F058082021D008900911000F7D9FF205C91100027E7
:20AD2000D922205C542FC21F74FF911000F7D9FF086CDA0174FF911000F7D9FF285C80CF50
:20AD400074FF911000F7D9FF2C5C80DF74FF911000F7D9FF3C5C91000027D9220044802F08
:20AD600074FF911000F7D9FF385C91100027D922308C092FC00874FF91000047D944004431
:20AD8000B0446D0791F3BB8001F87F2F2480911000F7D9FF245C91100027D922245C542F8B
:20ADA000C21F74FF911000F7D9FF086CDA0474FF6DFF2AF9911000F7D9FF248C54FF6E0892
:20ADC000911000F7D9FF248CD4FF2D0F000082023C298B8200F0911000F7D9FF308C09F039
:20ADE000C0087FF0048082023C1D910000F7D9FF0044F4CFB4DF911000F7D9FF307C85FF21
:20AE0000100174FF911000F7D9FF305C09DFC00874FF911000F7D9FF086CDA0574FF8212C5
:20AE20003C010090404C405DBCC3BD0D1680911000F7D9FF006C91100027D922006C542FAF
:20AE4000C21F74FF911000F7D9FF086CDA0274FF82021D001601911000F7D9FF308C09FF7F
:20AE6000C008FF8F058082021D000B01911000F7D9FF205C91100027D922205C542FC21FBB
:20AE800074FF911000F7D9FF086CDA0174FF911000F7D9FF285C80CF74FF911000F7D9FFE7
:20AEA0002C5C80DF74FF911000F7D9FF3C5C91000027D9220044802F74FF911000F7D9FFA7
:20AEC000385C91100027D922308C092FC00874FF911000F7D9FF308C09FFC008BB0002082B
:20AEE0007FF01880911000F7D9FF245C91100027D922245C542FC21F74FF911000F7D9FFD1
:20AF0000086CDA0474FF6DFF7FF882021D00B90091000047D9440044B0446D07C5F2BB809C
:20AF200001F87F2F2580911000F7D9FF245C91100027D922245C542FC21F74FF911000F723
:20AF4000D9FF086CDA0474FF6DFF5EF8911000F7D9FF248C54FF6E08911000F7D9FF248C89
:20AF6000D4FF2D0F000082021D008B008B820000911000F7D9FF308C09FFC0087F0F04807B
:20AF800082023C7E370070F0911000F7D9FF305C74FF911000F7D9FF086C825174F1B4D0CD
:20AFA00091000057D955004440C402F46DFFCCF4911000F7D9FF3C7C91100027D9223C7C6E
:20AFC000542042F074F0911000F7D9FF086C826074F0911000F7D9FF308C09F0C008A2F0BE
:20AFE00037007080911000F7D9FF345C74F8BF181F80911000F7D9FF086C827074F091007D
:20B000000047D9440044910000F7D9FF004410F502846DFF99F4911000F7D9FF008C9110C3
:20B020000027D922008C542F428F74FF911000F7D9FF086CDA0874FF911000F7D9FF308C36
:20B04000B4F8911000F7D9FF207C91100027D922308C092FC00874FF911000F7D9FF046C66
:20B0600091100027D922046C542FC21F74FF911000F7D9FF086CDA0974FF82123C0100902B
:20B080002008404C405D406F02488200B4A091100027D9220C6C91100047D9440C6C544044
:20B0A000C210742091300027D92244C991300047D94444C95440C210742091100027D9224B
:20B0C0001C6C80C0742091100027D922386C80D0742091100027D922246C80FF742F9110B3
:20B0E0000027D922206C742891100027D9223C6CDA01742FBD0F370040F46DFF53F4911092
:20B100000027D9222C7C91100047D9442C7C544F422F742F91100027D922247C542F7F2F6D
:20B12000078091100027D922247C742291100027D922286C09FFCA08B42F91100027D922B8
:20B14000346C09FFC808B42F91100027D922306C08EFB42F91100027D9222C6C54FF742F0A
:20B160003C1991100027D922286CDA00B42F91100027D922346CDA00B42F91100027D92283
:20B18000306CDA00B42F91100027D9222C6CDA00742FF683BD0D1B8091100027D9223C6C35
:20B1A000DA02742FBCFA91100027D9223C6CDA03742F40F46D015603911000F7D9FF3C6C5C
:20B1C000DA0474FF82021D00F20040C440D56DFF89F4DF021A8091100027D922187C911016
:20B1E0000047D944187C544FC21F742F91100027D9223C6CDA0E742FBCF440F46D013203B3
:20B2000082021D00D400BD0F3480911000F7D9FF3C6CDA0574FFA00540D46D01B306A0054A
:20B2200040D46D015F0CA00540D46D017B0840D46D014807DF021200911000F7D9FF3C6C9B
:20B24000DA0674FF82146DFFBDF640D46D018A053B30FF2F1D00AB006DFF14F5911000F767
:20B26000D9FF3C6CDA0774FF82021D00A00091100027D9223C6CDA08742F91100027D92206
:20B28000048C91100047D944048C544FC21F742F91100027D922347C542FEE0891100027AE
:20B2A000D922347C85FF1001742F49A5000A40F46DFF38F4DF02188091100027D922146C2B
:20B2C00091100047D944146C544FC21F742F91100027D9223C6CDA0D742F40F46D01C20267
:20B2E00082023C6440F46DFF4DF5DF02158091100027D9223C6CDA09742F91100027D9221E
:20B30000248C542F6E0891100027D922248CD4222D02000091100027D9223C6CDA0A742FFA
:20B3200009DFE808EE0C91100027D9220C8C91100047D9440C8C544FC21F742F09DFE80844
:20B3400091000027D922000454207F0F098091000027D922000409DFE808742F09DFB008D9
:20B36000CEF409DF42186E0C91100027D922088C91100047D944088C544FC21F742F09A48B
:20B38000C00840D46D01DE0B91100027D9223C6CDA0B742F40F46D016502911000F7D9FF0E
:20B3A0003C6CDA0C74FF82023C010090404C02488209824A911000F7D9FF0C5CB4F89110E9
:20B3C00000F7D9FF105C8200B4F0911000F7D9FF148C54FFEE0C911000F7D9FF047C91101E
:20B3E0000027D922047C5420C21074F07CCC911000F7D9FF087C91100027D922087C54200A
:20B40000C21074F0F68C911000F7D9FF147C91100027D922147C542FC21F74FF911000F7B2
:20B42000D9FF148C54FF6E03BCC2F6831D00FE001D00DA00911000F7D9FF148CD4FD7CDE8C
:20B44000911000F7D9FF047C91100027D922047C542FC21F74FF1D00CB0009DFE418EE2602
:20B46000911000F7D9FF148CD4FF7DDF108040D46D01DE226D006C04911000F7D9FF288C7A
:20B4800014FFEE036D00E4033C0E911000F7D9FF107C91100027D922107C542FC21F74FFE8
:20B4A0001D00A600C2FA1D009F000B988000370070B07FBF038002FB3B405BF07FBF048091
:20B4C0003B405BB0911000F7D9FF148CD4FF7DDF0F00911000F7D9FF107C91100027D922D9
:20B4E000107C542FC21F74FF1D00820001C90056821540D402B46D019B28DF022D8042B90F
:20B5000037097090824A911000F7D9FF105CB4F9911000F7D9FF148CD4FF7DDF108040D4B3
:20B520006D0186226D001404911000F7D9FF288C14FFEE036D008C033C0D911000F7D9FF93
:20B54000107C91100027D922107C542FC21F74FF3C4E3C49911000F7D9FF1C7C911000275A
:20B56000D9221C7C542FC21F74FF911000F7D9FF145C74F23B50FFFF3E2A3B10FFFF3E277C
:20B580003B20FFFF3E243B30FFFF7E2B911000F7D9FF148CD4FF7DDF04806DFF69F33C27F0
:20B5A000911000F7D9FF148CD4FF7DDF108040D46D013E226D00CC03911000F7D9FF288C7A
:20B5C00014FFEE036D0044033C0D911000F7D9FF107C91100027D922107C542FC21F74FF48
:20B5E0003C06C2FA7F890480FF1A26FF911000F7D9FF105CB4F95F890E80911000F7D9FF14
:20B600000C7C91100027D9220C7C542FC21F74FF3C0C911000F7D9FF007C91100027D92289
:20B62000007C542FC21F74FF0090405CBC427CC382023C5C911000F7D9FF348C14FFEE03FE
:20B6400082023C54911000F7D9FF2CDC14FF53CF24F0911000F7D9FF3C8C10FD09D4C0181B
:20B6600040D56DFF64F109DFC018B4CF09DF48186E16911000F7D9FF30DC09DF021974FFF3
:20B68000911000F7D9FF34DC09DFC618B4FF911000F7D9FF38DCDA0134FF3C07911000F744
:20B6A000D9FF38DCDA0034FFDA0089DF8018DA0089DF0818911000F7D9FF2CDC9110002715
:20B6C000D9222CDC142FC21F82404B0F110234F1911000F7D9FF348C91100027D922348C3C
:20B6E000142FC2FF34FF82123C010090406F7CF23C0D7C7540F46D019B003C0840F44075F1
:20B700006DFFC6F340F46D01930000902008404C0248911000F7D9FF388C54FF6E03BCC2CB
:20B72000F6823C3A3B8003403B00286002856D005FFE402F7CF23C30C81440C502846DFFED
:20B74000E7F091100027D92238DC142F6E1491100027D922388CD42491100067D96630DCA4
:20B7600091100027D92234DC0924C00840F56D013F2E3C0F82FF74AF91100027D922388C7B
:20B78000D42449A6000A3B80454340F56D01302E40F46D014D000090911000F7D9FF2C4C0D
:20B7A00091100027D922148C542F74FF911000F7D9FF185C91100027D922208C542F74FFE7
:20B7C00000908FF40FF18F8F01F0BB00F00F26408F800000A60F7BF00F0026400680A60F48
:20B7E000B70418008F801E20A6F23C0100908FF40FF18F8F2020BB00F0FF26F48684A6422D
:20B800003C0100902010404C89A40809405D3BA000B03BA000C03BA000D0DA0A780182080C
:20B820008209820A820E1D008600538E21F091100027D922542C1022092F540874AFDA0ABC
:20B840007ED554AFEE0302ED3C7454AF6E721E17FF2F06803B4012406DFE56FCBD0C1A00C9
:20B8600054C0538E21F0911000F7D9FF542C10FF481F7E0FBCDB538E21F0911000F7D9FFD6
:20B88000542C10FFC82F7DFD058002E21D00BB0054AFDF1F3880538E21F0911000F7D9FF4C
:20B8A000542C10FF54FF6E18538E21F0911000F7D9FF542C10FF09FFD2083F8F0D8089AEBB
:20B8C0000409538E21F0911000F7D9FF542C10FF09F8D2083C16538E21F0911000F7D9FFDB
:20B8E000542C10FF09FFD2083F9F0C8002EB538E21F0911000F7D9FF542C10FF09F9D208B3
:20B900003C18BF2F1780538E21F0911000F7D9FF542C10FF09FFD2083FAF0C8002EC538E32
:20B9200021F0911000F7D9FF542C10FF09FAD208C21EDA0A3FFE7B7F5802AE15DA0A7ED5CB
:20B940005802AE0382F23C5EDA0A7FFD03003C2ADA0A7FFC110002CD538C21F0911000F73E
:20B96000D9FF542C10FF54FF6E053BE016406DFECBFB3C10DA0A7FFB040002BD3C0BDA0A60
:20B9800009A004097FF0050009AD04093C0382F23C393C053B0018406DFEB6FB02D46D005F
:20B9A00033003C053B4018406DFEAEFB538D21F0911000F7D9FF542C10FF09FF54086E0565
:20B9C0003B5018406DFEA0FBBCCA538D21F0911000F7D9FF542C10FF54CF6CF1538D21F097
:20B9E000911000F7D9FF542C10FFDA00ACF9538D21F0911000F7D9FF542C10FFE82D02D2F0
:20BA00003C0100900248538821F0911000F7D9FF542C10FF54FF6E14538821F0911000F7CB
:20BA2000D9FF542C10FFD4F46D00BE15538821F0911000F7D9FF542C10FFA002F4F2538849
:20BA400021F0911000F7D9FF542C10FFDA0089FF140800902018404C405D7CD31D00990062
:20BA600009CE840909EFC0083B0010007E090CE45E670CE55E4509E0C208DA08BE0E912075
:20BA80000027D922D4CF91200047D944D4CF094FE808C21F892FA808912000F7D9FFD4CF75
:20BAA00091200027D922D4CF092FDE08C21FACFF40C46D0071153C6C912000F7D9FFD4CFA4
:20BAC00091200027D922D4CF092FDA08C21FACFD49A40C0A49E50E0A82446D072D1949A496
:20BAE000100A49E5180A82446D0726194CD1EE04820882093C0B580409D004090B0F00811B
:20BB000009A00C094CD10BF00091768382143C02822449A50C0A49E6080A40D46D00EC0396
:20BB200009E0C6083B0010F03E053B0020F0BE0E3C1EDF081800DF09168040DFB04FF4AF21
:20BB400049EF080AF80149AF0C0AF80249D5260A49E6080A49D7260A822440D46D008C0206
:20BB60003C044CD1EE023C013C103C0F912000F7D9FFD4CF91200027D922D4CF092FEC08DF
:20BB8000C21F89FFAC083C0140C46D00051500902008404C405D406E7CC53BF031406DFEE9
:20BBA000A9FA7CD53B0032406DFEA4FA7CE53B1032406DFE9FFA54E440C46D004B08762720
:20BBC00091000077D9772C101D00A70054EF16F03B000E00FE02DA0134AFDA002CA1DA5EDE
:20BBE0002CA20CE1167F2CA30CE22CA40CE32CA549A7000A1D00910054E04CC226F04CC19B
:20BC000009C10809261F3E0F54EFB70F10F8BB90EA0F3E094CC36E0449CE0C0A3C0482C2E9
:20BC20001D00840091100027D922446C142F538F21F0911000F7D9FF542C10FF09FF540857
:20BC4000BF2F3780911000F7D9FF446C14FF538F21F0911000F7D9FF542C10FFC82F7DCFD7
:20BC6000288054E0911000F7D9FF446C14FF538F21F0911000F7D9FF542C10FF481FFE0856
:20BC8000912000F7D9FFD4CF91200027D922D4CF092FEE08C21F89FFAE08911000F7D9FF4E
:20BCA000446C14F440C440D56D0044003C3E82043C2B538421F0911000F7D9FF542C10FFB4
:20BCC00009FF5408BF2F2080538421F0911000F7D9FF542C10FFC82F7DCF168054E05384A7
:20BCE00021F0911000F7D9FF542C10FF481F7E0B911000F7D9FF446C34F440C440D56D0076
:20BD000019003C13C214BFA4D6FF40C440E540D66D0090003C0A49C6260A3B00804040C4ED
:20BD200040D56D0017043C010090404C405D0248538821F0911000F7D9FF542C10FF09FF33
:20BD40005408FF2F06803BF02E406DFED0F9538821F0911000F7D9FF542C10FF09FF5408B7
:20BD6000DF2F5280538821F0911000F7D9FF542C10FF09FFD2083BD011003F0F19005388B8
:20BD800021F0911000F7D9FF542C10F5B04540C46D00ED01F62B538821F0911000F7D9FFCC
:20BDA000542C10FFDA0389FF14083C2D538821F0911000F7D9FF542C10FF09FFD2083BE022
:20BDC00010003F0F2100538821F0911000F7D9FF542C10F5B045538821F0911000F7D9FFB2
:20BDE000542C10FF49F60C0A40C46D00D001F62B538821F0911000F7D9FF542C10FFDA0334
:20BE000089FF140849C6260A538821F0911000F7D9FF542C10FF49F70C0A3B00804040C4FF
:20BE200040D56D0094033C0100902008404C405D406E49C2260AF4A282F8820954D440C41B
:20BE40006D000507F62954DF8F0F0F01DAE03E04BCD354DFEE053B00FF2F1D00FC008214A0
:20BE600040D440C56DFFC3FC022AFF0A1400BCEE912000F7D9FFD4CF91200027D922D4CFF2
:20BE8000092FE408C21F89FFA408370A48201D00E2003C053B203C406DFE29F9538A21F02E
:20BEA000911000F7D9FF542C10FF09FF5408EE148219538A21F0911000F7D9FF542C10FF95
:20BEC000DA0189FF1408538A21F0911000F7D9FF542C10FFE82C538A21F0911000F7D9FF84
:20BEE000542C10FF09FF54089E10538A21F0911000F7D9FF542C10FF09FF5408FF2F06809C
:20BF00003BE03C406DFEF3F8F693BD0E218040C440D56D002C01022876823C15538A21F02B
:20BF2000911000F7D9FF542C10FF09FF54085E1BF69A538A21F0911000F7D9FF542C10FFA8
:20BF4000DA00ACF97CE402821D0085007CE53BA03E406DFECCF8538A21F0911000F7D9FF95
:20BF6000542C10FF09FF5408BF2F1980911000F7D9FF446C34FA538A21F0911000F7D9FF9B
:20BF8000542C10FF49F70C0A3B00804040C440E5D4A66D00DC0202283C5B538A21F0911083
:20BFA00000F7D9FF542C10FF09FF5408DF1F5180820840EF3C1109F0CA0809FFC8087E07C2
:20BFC00054FF6E053BA03F406DFE91F808CF2E6382183C04D4FFBD0FF0FF768A3B00014001
:20BFE0003B00285040E46D00E211402E3C0440E46D00BD13BD0E1F00538A21F0911000F78B
:20C00000D9FF542C10FF54FF6E0B538A21F0911000F7D9FF542C10FFD4F46D00B812538A24
:20C0200021F0911000F7D9FF542C10FFF4FE82083C0F912000F7D9FFD4CF91200027D92233
:20C04000D4CF092FE408C21F89FFA40882F802823C0100902008404C89A58409F4A6407D73
:20C06000024882097CC53B0046406DFE35F83B0001403BC001503B0028606D005D10402E7E
:20C08000BD0E1180912000F7D9FFD4CF91200027D922D4CF092FE408C21F89FFA40882F2FE
:20C0A0003C5409E0CA08DA1C7FF006803BB046406DFE12F8CCE102846D007E41A83209CF53
:20C0C0006C081E653B2047406DFE06F849F4080A826440D56D07201649F4120A826409A53D
:20C0E0008C096D07191649F40E0A824409A588096D07121649F4180A824409A590096D0732
:20C100000B163B0010F0B4FFDA08ACF1DA062CF4DA042CF53B60804040C440E509A68409D2
:20C12000D4A76D000902912000F7D9FFD4CF91200027D922D4CF092FD808C21FACFC40E4AE
:20C140006D001A1202923C01009091000067D9662C106D000C003C0100902010404FB04F6E
:20C16000F4AF910000F7D9FF3410F80189A588094945260A4947260A82146DFF60FF3C01A4
:20C18000009082081D008B00538821F0911000F7D9FF542C10FF09FF54086E7F538821F0B5
:20C1A000911000F7D9FF542C10FF538821F091100027D922542C1022092FD208C21FACF987
:20C1C000538821F0911000F7D9FF542C10FF09FFD2083BC012007F0F1780538821F09110D3
:20C1E00000F7D9FF542C10FF09FF5408DE10538821F0911000F7D9FF542C10FF09FFD208C2
:20C20000BF5F068002846DFFCEFB3C47538821F0911000F7D9FF542C10FF09FF54085E3C53
:20C22000538821F0911000F7D9FF542C10FFDA0489FF14083C32538821F0911000F7D9FFC7
:20C24000542C10FF09FF54085E4C538821F0911000F7D9FF542C10FFDA0289FF14083C1D7D
:20C26000538821F0911000F7D9FF542C10FF09FF5408DE13538821F0911000F7D9FF542CA2
:20C2800010FFC824538821F0911000F7D9FF542C10F5B0456DFF47FFC218DA0A3FF8767F31
:20C2A0000090404D405C406E024809DF6C081E653BA01A406DFEF7F6BCCD54CF6E0B54C424
:20C2C00040D46D00A004F62654CF16F03B000E007E043B00FF2F3C5B40C4028440D56DFF1E
:20C2E00062FA0228CE84370848203C51538821F091100027D922542C102FDA0289FF140844
:20C30000538821F0911000F7D9FF542C10FFE82D538821F0911000F7D9FF542C10FF49F4F5
:20C320000C0A826440E56D07DE14538821F0911000F7D9FF542C10FFDA00ACF9538821F020
:20C34000911000F7D9FF542C10FF54FF6E1E538821F0911000F7D9FF542C10FFD4FC538869
:20C3600021F0911000F7D9FF542C10FFA002F4F249D6260A3B00804040D440C540E76D002E
:20C38000C20040C46D00DF1082023C010090404F405C3B00018009F0CA08DA103F0F1C0024
:20C3A00091200027D922D4CF91200047D944D4CF094FE808C21F892FA80891200027D922EB
:20C3C000D4CF91200047D944D4CF094FDE08C21FAC2F3C7FC8140949CE0808FFEE0509C086
:20C3E00070089A102CFF0C426F0F1A000C425E1B0C43EE0809404408DA5E7E0408DF961022
:20C400002CFD3C0DB02491000057D9552C1082646D078F14F62408DF96082CFDDA083E950A
:20C420003B8060F0BE913C3909CF6D08AE323C5140F402846D007D1176223C4B40F440C566
:20C440006D0097003C4409CF6D08AE323C4240F402846D006E11DF021C0091200027D92237
:20C46000D4CF91200047D944D4CF094FE208C21F892FA20891200027D922D4CF912000476E
:20C48000D944D4CF094FDE08C21FAC2F3C2240F440C56DFFAEFA3C1B91200027D922D4CF6A
:20C4A00091200047D944D4CF094FE808C21F892FA80891200027D922D4CF91200047D944A8
:20C4C000D4CF094FDE08C21FAC2F3C0382023C0640F46D002E1082023C0100902008404DD5
:20C4E000405EF4A6407C6D003B3F022F3B00014040E46D00A50D76223C1CCCE1ACF740F4FD
:20C50000B024826440C56D07DB1349F4080A8264D4A56D07D51309DF6C081E653BA01340E3
:20C520006DFEAEF5CCD640D440E52D0F00003C0F912000F7D9FFD4CF91200027D922D4CFF2
:20C54000092FCA08C21FACF582E23C010090024582346D006E0100902008404CF4A59120B7
:20C560000027D922D4CF91200047D944D4CF094FCA18C21F892F8A18911000F7D9FF486CA5
:20C58000C82D14DF160F534F2080DA147FF804801D00170109C0CA08FF4004801D001101A1
:20C5A000CCC114FF82003E063B8000003E051D00CD001D000201911000F7D9FF486C49FEA2
:20C5C000120A911000F7D9FF486C09FF12098F0F0F01DAE07E031D000501911000F7D9FF7C
:20C5E000486C09F41209911000F7D9FF486CD4F46DFF74FF76231D00F50009CFC808FF8FC3
:20C6000004801D00DE0040C46D006801DF02140040C46D00030C912000F7D9FFD4CF912078
:20C620000027D922D4CF092FD018C21F89FF90181D00E9008B08014040C46D007F09DF0250
:20C64000440009CFC808428F370F705009CFC8087FF504801D00C6003B0001403B00286055
:20C660006D00BC09402F7CF31D00BC0009FFCA088B8800007F0F078040F46D00CF0B1D0037
:20C68000B100C81440D502846D07980F40F402846D00C40C762A3B600B406DFE6FF140F4DB
:20C6A0006D00BC0B1D009E0040F440C56D00E60A762640F46D00B20B1D00940040C46D00D9
:20C6C000AD0B40FC3C0D8B08014040C46D00A60C76273B700C406DFE51F11D00830009CD6F
:20C6E000840940C402846D00290976223C2DCCC154EF6CF391100027D922486C092F0E098E
:20C700006CF4DA0034DFDA002CCFDA00ACD1DAFF2CF8DA00ACF5912000F7D9FFD4CF912054
:20C720000027D922D4CF092FC818C21F89FF8818A0063BF00F408205821640C440E5D4A730
:20C740006DFFACFD76213C385E323C1C3BB000007E023C183BC000007E023C145E423C1259
:20C760005E523C103BD000007E023C0C3BE000007E023C083B1001007E023C043B200100A3
:20C780007E01912000F7D9FFD4CF91200027D922D4CF092FD818C21F89FF9818912000F798
:20C7A000D9FFD4CF91200027D922D4CF092FCE18C21F89FF8E1840C46D00300B3C2340C44C
:20C7C0006D002C0B912000F7D9FFD4CF91200027D922D4CF092FD218C21F89FF92183C1299
:20C7E00040C46D001B0B912000F7D9FFD4CF91200027D922D4CF092FDC18C21F89FF9C18C0
:20C800003C0100902008404C0248025F3BC0019009C0C8087F90048009C9C8083B400240D5
:20C820008B890000370070503B0028606D00CC08402E7CE23C3E09E0CA088B8900107F1035
:20C8400006803BE016406DFE8FF009CD8409CCE134F82CF1DA006CF13B80005040E440C533
:20C8600002946D00510A4CD374AF49A4000A6DFFBBFDBD021C00DA00ACF1912000F7D9FF2B
:20C88000D4CF91200047D944D4CF094FC818C21F89FF8818A00549A6000A3BF00F4082055D
:20C8A000821640E440276DFFEFFC40E46D00AC0A009082088209404F3C24C81409F4CA0878
:20C8C0006D00390042928F021F00B70210180B10009009F0CA08DA00670F81FF370061006F
:20C8E0002BF020F06E0D8B0800828FF90FF18F8F0010BB00F00F269006800F01A090D4FFBE
:20C90000BD0FDDFF768A8FF90FF18F8F0000BB00F0FF26F90689A609B70910F882F0C60FB3
:20C92000370F70203C01009082018200804F16016E098E4814423721081437017010B014D6
:20C94000C2F43C060942C0084220B024C2E4FF24FB7F8E4414423721081042108F001F10AB
:20C96000B700100842018F011F00B701101842106E0A8FF00FF18F8F0010BB00F0FF26F0DF
:20C980000680A610370070203C0100902008DA0074AF49AF000A80FF60FF49A2000A7D2F21
:20C9A00006003BB015406DFE73B6ED804D036DFF3FC76DFFBDCBED804D03ED804D03ED8093
:20C9C0004D036DFF15FB00902008404C405D91200027D922D4CF91200047D944D4CF094F24
:20C9E000F208C21F892FB20809CE840914EF86CFDF4F220040C46D00C90F912000F7D9FF15
:20CA0000D4CF91200027D922D4CF092FC418C21F89FF8418912000F7D9FFD4CF91200027E9
:20CA2000D922D4CF092FF608C21F89FFB60882021D00BC0114EF160F534F209009E4C2086C
:20CA40006D00C43E022809CFC8087FF8068040C402846D003B1009CFCA083F9F098009CF6D
:20CA6000C8083F8F0580DA147FF92D80DA147FF9028009CFCA087F9F028009CFC8087F8F98
:20CA8000028040C46D00820F912000F7D9FFD4CF91200027D922D4CF092FFA08C21F89FFD6
:20CAA000BA08912000F7D9FFD4CF91200027D922D4CF092FF608C21F89FFB60882021D001D
:20CAC000750191100027D922486C4CE4892F1209911000F7D9FF486C4CE389FF0E099110D3
:20CAE00000F7D9FF486C09FF120916F03B000E007E0F09DF6D082E03DA013C02DA006E05C0
:20CB00004CD16E03F4AD3C03A00FF4AF3C2640D46D005C017623F4AD3C20A00FF4AF91108C
:20CB200000F7D9FF486C09FF120916FF3BF00700BE04912000F7D9FFC4CFD4FFF4AF3C0B76
:20CB40007DDF03803C06D4A46D00400176223C05D4FFF4AFBD0FF6FF911000F7D9FF486C5A
:20CB600009F40E0940D46D007102F62B911000F7D9FF486C09FF0E0916F03B000E00FE04F8
:20CB800040C46D00030F912000F7D9FFD4CF91200027D922D4CF092FF608C21F89FFB6081C
:20CBA00082021D000301D4AFBD0F1580912000F7D9FFD4CF91200027D922D4CF092FF6081D
:20CBC000C21F89FFB60840C46D00E00E82021D00ED0009EFC608BBF0F30F260F6E2140C406
:20CBE0006D00D40E912000F7D9FFD4CF91200027D922D4CF092FC218C21F89FF8218912087
:20CC000000F7D9FFD4CF91200027D922D4CF092FF608C21F89FFB60882021D00C700DA1479
:20CC20007F9F228040C46D00B10E912000F7D9FFD4CF91200027D922D4CF092FC218C21F78
:20CC400089FF8218912000F7D9FFD4CF91200027D922D4CF092FF608C21F89FFB608820238
:20CC60001D00A400911000F7D9FF486CD4A2F4F2911000F7D9FF486CE81D911000F7D9FFDA
:20CC8000486CE82E911000F7D9FF486C14EF160F534F20F0ACF640C440D56D00A70F0228C4
:20CCA000DF185C0040C402946D00700F0CE98210BE0182603E0A3B1001003E023C1040C44F
:20CCC00040D56D0093393C4940C440D56D00EE1B3C4440C440D56D00F9013C3FDF280380ED
:20CCE0003C38911000F7D9FF486C09F41209D4A46D00AC01DF021480911000F7D9FF486C59
:20CD000009FF120916F03B000E003E0940C402946D008C0E822440C46D00C801912000F731
:20CD2000D9FFD4CF91200027D922D4CF092FC018C21F89FF8018912000F7D9FFD4CF91201D
:20CD40000027D922D4CF092FF608C21F89FFB60840C46D001B0E3C01911000F7D9FF486CB6
:20CD6000A002F4F2911000F7D9FF486CA002E812911000F7D9FF486CA002E822911000F703
:20CD8000D9FF486CDA00ACF6911000F7D9FF486CDA0089FF0E09911000F7D9FF486CDA00F0
:20CDA00089FF120982023C010090094F6D082E03DA013C02DA006E164C416E14911000F763
:20CDC000D9FF486C09F012094C413E0A911000F7D9FF486C09F412096D00290176238212DE
:20CDE0003C0382023C010090BC66BC53545FEE034075B0456D000A003C0100902008404C2C
:20CE0000405D406E0248025B026989A784090CCE1E153B6037406DFE53F3BD0E59003B4089
:20CE200001A03B40014040C46D002A0BDF021100912000F7D9FFD4CF91200027D922D4CF64
:20CE4000092FC418C21F89FF841882E23C6ECCC109C0CA08DA147FF006803BA03A406DFEE0
:20CE60002FF32888289954EF6CF48B0A80F2CA3A86EA8F0A44F134FF281B09C4C8086D00B3
:20CE80008F3CA812DA00ACF391100027D922606C0924C0086D00843CA82291100027D92256
:20CEA000606C91100047D944606C094FC008C21FB42F7CD891000027D9223C10542F6CF3BC
:20CEC0003C0354DF6CF3DA00ACF53C1A09C0CA08DA147FF01180912000F7D9FFD4CF912053
:20CEE0000027D922D4CF092FC418C21F89FF841882E23C1BCCC1484F74AF49AE000A9120A0
:20CF000000F7D9FFD4CF91200027D922D4CF092FF008C21F89FFB00809A48409CC4540C588
:20CF200040E62D0F00003C010090912000F7D9FFC4CFD4F23C22092F6D082E03DA013C0294
:20CF4000DA006E1A092F6D082E23DA013C02DA006E134C216E1154404C2226F04C21092162
:20CF60000809261F7E023C4A092F6D08AE1554404C237E023C43D422BD02DFFF912000F7A8
:20CF8000D9FFC0CF54FF6E25912000F7D9FFC0CFD4FF09FF6D082E03DA013C02DA006E193A
:20CFA000912000F7D9FFC0CFD4FF09FF6D082E23DA013C02DA006E0D912000F7D9FFC0CF44
:20CFC000D4FF481F6E06544F16FF3BF00700FE00912000F7D9FFD4CF91200027D922D4CF22
:20CFE000092FFE08C21F89FFBE08A0023C07912000F7D9FFC0CFD4F23C01009082FFC64FA7
:20D000006E02F64382123C20094F6D08AE1382023C1B4C417E4382023C174C420FF48000D8
:20D020004C4109410809261F7E0D4C4282F0C60F26F44C4282F0C60F82F0260F7E43821278
:20D040003C0382023C010090404F820808CFEE19D4F2D422D424ED8078B3C824ED8002C5DD
:20D06000762382123C116D00610191100027D92258AC542F6E0382123C07DA012CFC3C0294
:20D08000821802823C010090DA003C06104F1052142034F0C21FBF6FFBFF00906D00000169
:20D0A000402F40F46D001C01022840F46D0008014C243C01911000F7D9FF54AC54F05200BC
:20D0C000F6823C2F4B8011A2F6A23C2B3B4006007FA00880911000F7D9FF54AC74FF3C2188
:20D0E000911000F7D9FF54AC91100027D92254AC542F038A0AFF74FF82083C116D007001BC
:20D100006D008E03911000F7D9FF64BC91100027D92264BC542FC21F74FFC2183FA8F0FF17
:20D120000090911000F7D9FF449CC88C7CC23C336D0039E66D0007E6911000F7D9FF5CACB0
:20D140003702E1F974FF3702E1F9EE0740C46D002A006D0048003C1F370261F85E18D4CFEB
:20D160008210081F370F81F22CF13C07D4CF8200081F370F81F22CF13702E2F8EE06D4C41C
:20D1800082046DFF90E63C05D4C482146DFF8BE66D0029000090BC43544FEE023C16D44FAE
:20D1A0008210081F370F81F22CF1D44482146DFF74E6911000F7D9FF50AC91100027D9223D
:20D1C00050AC542FC21F74FF009091100047D944449C6D00BCFC911000F7D9FF449C9110F1
:20D1E0000027D922449C092F6D08960589FF2D080090BC43544FEE0382023C1CD44F19F0FD
:20D2000020513700E1F3370061140611A61F3700E1140621A61F370061160631A61F370011
:20D22000E1160641A61F3700E3098F800020A6F23C010090910000F7D9FF182454FF6E08CF
:20D24000910000F7D9FF1824D4FFC8223C02A0023C010090BC49544F6E07D44F54FF6E04C3
:20D26000D44FD4F23C04C5F200013C010090BB00100E9B505F00BC48544F6E06D44F481F38
:20D280006E03D44F48103B803EF04BF01102531020203C0100902018911000F7D9FF58AC4F
:20D2A000DA0074FFBB008CFA9B1F10F07805BB008CFA9B1FA0F07803BBF0FFFF9BFF0FF061
:20D2C00078046DFFAAFF40246DFFB7FF4C243C01911000F7D9FF54AC74FF6D01BE2D9110AD
:20D2E00000F7D9FF449C49F4340A910000F7D9FF1824D4FFD4FFD4FF49F5170A82646DFF3E
:20D300007CFEDA0074AF912000F8D9FFAA48F801912000F7D9FF4001F80291100047D9446A
:20D32000449C49A50C0A49A6100A49A7140A6D0064FA7C28911000F7D9FF58ACDA0174FFC1
:20D340003C056DFF1AFF6DFFB8FE0090911000F7D9FF449C09F1C81809FFFC08C21F89FFB6
:20D36000BC0809FFFC083B803E003F0F0780DA0089FFBC088F21401109FFFE08C21F89FF71
:20D38000BE0809F0FE08DAFA3FF00780DA0089FFBE088F41401109FFC018C21F89FF801814
:20D3A00009FFC0183B401F003F0F0780DA0089FF80188F81401109FFC218C21F89FF8218DE
:20D3C00009F0C218DA643FF00780DA0089FF82188F01411189F188180090DA204DC0E20F06
:20D3E0003700E1078B0020023C010D00400300003C01911000F7D9FF64AC54F1DF011800DA
:20D40000911000F7D9FF70AC91100027D92270AC5421C21174F1911000F7D9FF74AC9110C3
:20D420000027D92274AC5421C21174F1911000F7D9FF64AC821174F176030D00000391105B
:20D4400000F7D9FF68AC91100027D92268AC5420C21074F091100047D944449C6DFF4FE6E2
:20D46000762C911000F7D9FF6CAC91100027D9226CAC5420C21074F06E04C2FF370F68F02C
:20D480007622EEE9762DEE0C911000F7D9FF60AC91100027D92260AC542FC21F74FF4DC051
:20D4A000E2FF370FE1F78B0F20F23C010D00400300003C01911000F7D9FF64AC820074F091
:20D4C0006E030D0000030090911000F7D9FF449C6DFF8CFD4DC0E2FF370FE1F78B0F20F23E
:20D4E0003C010D00400300003C0109F8C818820089F088186E030D0000036F280B00911022
:20D5000000F7D9FF449C09FF6D082E236D01CE026F380B00911000F7D9FF449C09FF6D08D1
:20D520002E236D0173076F180B00911000F7D9FF449C09FF6D082E236D0068EB6F48040087
:20D540006DFFA4FD0090911000F7D9FF58BC91100027D92258BC542FC21F74FF911000F764
:20D56000D9FF60BCDA0074FF911000F7D9FF5CBCDA0074FF91100047D944449C6DFF95E2CD
:20D58000762F911000F7D9FF54BC91100027D92254BC542FC21F74FF6DFFD7FD3C0C911093
:20D5A00000F7D9FF50BC91100027D92250BC542FC21F74FF911000F7D9FF44BC91100027B2
:20D5C000D9227CFC542F74FF0090911000F7D9FF449CC884911000F7D9FF7CFC54F9820AF5
:20D5E000911000F7D9FF449C09FF6D082E09911000F7D9FF449C09FF6D082E22821A8218D4
:20D60000BD042400544F6E21911000F7D9FF40BCD4421920205174F0911000F7D9FF48BCEF
:20D62000D4421920084174F0911000F7D9FF7CACD442192F0C5174FFD44F39FF084116016D
:20D640006E0382183C0282086DFF91FD911000F7D9FF4CBC74F26F3205006DFF68FF3C74F6
:20D66000911000F7D9FF78AC54FF6E0A911000F7D9FF78ACDA0074FF6DFF59FF3C65DF0A1C
:20D680001480911000F7D9FF60BCDA0074FF911000F7D9FF5CBCDA0074FF911000F7D9FFD8
:20D6A00044BC74F93C51F68D911000F7D9FF60BC91100027D92260BC542FC21F74FF3C0768
:20D6C000911000F7D9FF60BCDA0074FF911000F7D9FF44BC54FFBE93911000F7D9FF60BCD1
:20D6E000DA0074FF911000F7D9FF5CBCDA0074FF911000F7D9FF44BC74F93C26762D911085
:20D7000000F7D9FF5CBC91100027D9225CBC542FC21F74FF3C07911000F7D9FF5CBCDA00CB
:20D7200074FF911000F7D9FF60BC54F0DAC87FF00A80911000F7D9FF5CBC54F0DAC83FF06E
:20D7400004806DFFF4FE0090911000F7D9FF68BC91100027D92268BC542FC21F74FF009075
:20D76000911000F7D9FF68BC54F23C0100903B50C30006503C02C2F0912000FF39FF008DF9
:20D7800016016E03FF10F9FF760382123C0282023C0100902010911000F7D9FF800CDA0157
:20D7A00034FF911000F7D9FF800CDA0089FF0209911000F7D9FF800CDA0089FF06099110BF
:20D7C00000F7D9FF800CDA0089FF0A09911000F7D9FF800CDA0189FF0E09911000F7D9FF93
:20D7E000800CDA0189FF1209911000F7D9FF800CDA0089FF1609911000F7D9FF800CDA00CC
:20D8000089FF1A09911000F7D9FF800CDA0089FF1E09911000F7D9FF800CDA0089FF22094F
:20D82000911000F7D9FF800CDA0089FF260982048205BB0000686D002F03F62A911000F7D4
:20D84000D9FF800CDA0734FF82021D00AD003B50C38006588204820549A4000A6D00BC02A7
:20D86000F62A911000F7D9FF800CDA0734FF82021D009A00C2F854AF2EF3FF18EDFF54AF59
:20D880006FFF1700911000F7D9FF800CDA0734FF911000F7D9FF800C91100027D922800CA8
:20D8A000092F1609C21F89FF160982023C7C820482453B101E606D00EF02F629911000F722
:20D8C000D9FF800CDA0734FF82023C6D820482053B0020616D00E002F629911000F7D9FFFC
:20D8E000800CDA0734FF82023C5E911000F7D9FF800CDA0189FF0209911000F7D9FF800C04
:20D90000DA0534FF8204821549A4040A6D006402DF0248008204821549A4080A6D005C02FA
:20D92000DF02400082043B00015049A40C0A6D005302DF0237005802AE2458036F0F3200A0
:20D94000911000F7D9FF800CDA0189FF06095803AE13DA013C02DA00911000F7D9FF800C4E
:20D9600089FF0E0958032E23DA013C02DA00911000F7D9FF800C89FF1209911000F7D9FF5A
:20D98000800C91100027D922800C092F2609C21F89FF2609911000F7D9FF800CDA0634FF9E
:20D9A00082123C0100908202911000F7D9FF800C09FF06096E04DA0137F28129911000F7B7
:20D9C000D9FF800C09FF12096E04DA0137F20128911000F7D9FF800C09FF0E096E04DA01B9
:20D9E00037F282283C0100902010911000F7D9FF800C14F0DA01BE04DA02BE0ADA035F0FCB
:20DA00004E00DA045F0F6F00DA055F0FEA00DA065F0F5C01DA075F0FC1011D00BF0191108C
:20DA200000F7D9FF800CDA0234FF1D00B8018204820549A4000A6D00B901F629911000F7C4
:20DA4000D9FF800CDA0734FF1D00A90154AFAEF8911000F7D9FF800CDA0334FF3C1D9110D8
:20DA600000F7D9FF800C91100027D922800C092F1609C21F89FF1609911000F7D9FF800C21
:20DA800009F01609DA143FF00880911000F7D9FF800CDA0734FF1D008201820482453B1081
:20DAA0001E606D00E3017628820482053B0020616D00DC01F628911000F7D9FF800CDA07EB
:20DAC00034FF3C0E911000F7D9FF800CDA0089FF1A09911000F7D9FF800CDA0434FF1D001E
:20DAE0005E018204821549A4040A6D005F01DF0211008204821549A4080A6D005701762970
:20DB000082043B00015049A40C0A6D004F01F629911000F7D9FF800CDA0734FF1D003F01A7
:20DB20005802AE2458036F0F3E00911000F7D9FF800CDA0189FF06095803AE13DA013C02FF
:20DB4000DA00911000F7D9FF800C89FF0E0958032E23DA013C02DA00911000F7D9FF800CB5
:20DB600089FF120958022E53DA013C02DA00911000F7D9FF800C89FF0A09911000F7D9FF2D
:20DB8000800C91100027D922800C092F2609C21F89FF2609911000F7D9FF800CDA0634FF9C
:20DBA0003C1D911000F7D9FF800C91100027D922800C092F1A09C21F89FF1A09911000F742
:20DBC000D9FF800C09F01A09DA323FF00880911000F7D9FF800CDA0534FF1D00E000820471
:20DBE000821549A4040A6D00E100DF0211008204821549A4080A6D00D900762982043B0091
:20DC0000015049A40C0A6D00D100F629911000F7D9FF800CDA0734FF1D00C1005802AE2439
:20DC200058036F0F3E00911000F7D9FF800CDA0189FF06095803AE13DA013C02DA009110AF
:20DC400000F7D9FF800C89FF0E0958032E23DA013C02DA00911000F7D9FF800C89FF12098C
:20DC600058022E53DA013C02DA00911000F7D9FF800C89FF0A09911000F7D9FF800C9110A2
:20DC80000027D922800C092F2609C21F89FF2609911000F7D9FF800CDA0634FF3C159110D6
:20DCA00000F7D9FF800CDA0089FF0609911000F7D9FF800C91100027D922800C092F2209EA
:20DCC000C21F89FF22093C6A8204821549A4040A6D006C00DF0211008204821549A4080A0B
:20DCE0006D006400762982043B00015049A40C0A6D005C00F628911000F7D9FF800CDA07DB
:20DD000034FF3C4C58026F2F208058036F0F1D80911000F7D9FF800CDA0089FF060991102C
:20DD200000F7D9FF800C91100027D922800C092F2209C21F89FF2209911000F7D9FF800C46
:20DD4000DA0534FF3C29911000F7D9FF800CDA0189FF06095803AE13DA013C02DA0091102E
:20DD600000F7D9FF800C89FF0E0958032E23DA013C02DA00911000F7D9FF800C89FF12096B
:20DD800058022E53DA013C02DA00911000F7D9FF800C89FF0A093C023C010090024F025868
:20DDA000404FBD0F1180911000F7D9FF800C91100027D922800C092F1E09C21F89FF1E093D
:20DDC00082023C3F6DFF5C1BDF021180911000F7D9FF800C91100027D922800C092F1E0945
:20DDE000C21F89FF1E0982023C2C161F8F5F01008FF801F18F0F01F0A6F08FC040F19601CE
:20DE00009120002F592F008D6DFF3A1BDF021180911000F7D9FF800C91100027D922800C8F
:20DE2000092F1E09C21F89FF1E0982023C0A9120002F192F048DB70F10F874FF82123C015E
:20DE40000090024F0B5610886DFF0D1BDF021180911000F7D9FF800C91100027D922800C97
:20DE6000092F1E09C21F89FF1E0982023C2BB7091008912000FF59F0048D161F8F5F010042
:20DE80008FF801F18F0F01F0A6F08F4040F19601912000FF59FF008D6DFFE51ADF021180DB
:20DEA000911000F7D9FF800C91100027D922800C092F1E09C21F89FF1E0982023C038212D1
:20DEC0003C010090404C7CC31D009A0080CF16076E143BF025406DFEC7EF912000F7D9FFD4
:20DEE000D4CF91200027D922D4CF092FD828C21F89FF98281D00840049CD28FA80DF9110CF
:20DF000000F7D9FFB00C54F03F0F0C8049CF100A80FF911000F7D9FFB40C54F07FF0148030
:20DF20003BB026406DFEA0EF912000F7D9FFD4CF91200027D922D4CF092FD828C21F89FF5C
:20DF400098283C5D40D46D002F0209CF6CF8EE133B8027406DFE88EF912000F7D9FFD4CF52
:20DF600091200027D922D4CF092FD828C21F89FF98283C4540D46D00A700DF0214803B1061
:20DF800028406DFE71EF912000F7D9FFD4CF91200027D922D4CF092FD828C21F89FF982854
:20DFA0003C2EDA0089CF2CF880DF911000F7D9FFAC0C54F07F0F0780911000F7D9FFAC0C99
:20DFC000F4FD912000F7D9FFD4CF91200027D922D4CF092FD42809C0E8F891100027D92217
:20DFE000B00CD422012D2020802137017010A210A20F89FF942840D46D00660300903C0546
:20E000003B401F406DFE2DEF911000F7D9FFB00C91100027D922B80C802F8B8F00F0C2FF72
:20E02000B70F03F074FF911000F7D9FFB00CD4FF3B0000F4B4FFDA00ACF1DA002CF49110C1
:20E0400000F7D9FFB40C3B0000446D00BA03F4F2911000F7D9FFB40CD4FFDA012CF4911003
:20E0600000F7D9FFB40CD4FF3B0000F4B4FF911000F7D9FFB40CD4FF3B0000F4ACF19110EC
:20E0800000F7D9FFAC0C91100027D922B00CD422F4F2912000F7D9FFD4CF3B0000F489FFC4
:20E0A0009228DA006E053BB020406DFEDAEE0090404F40F46D00DE01022809F4C0086D00E0
:20E0C0007903402C09F4C2086D00740309FFC0083B0000043FF0188009FFC2083B000004C6
:20E0E0003FF0128009FFC2083E84092FC0087E8B911000F7D9FFB40CD4FF7DFC070009CF67
:20E10000C2083E8382023C0382123C0100900248F684A0021D0032018B880000C2F0B7001E
:20E12000030037007000DA107FF004803B0001008B000200370070903B0000043F900480C6
:20E140007F890580A0021D001901911000F7D9FFAC0CD4F46D008D01022A1D00FB0002A484
:20E160006D002703402F084FDF0FEF8009F0C0088B8A0010A2103F90E88009F0C0088B8A40
:20E1800000F0A2F08B8900F08B0F01F03FF050808B8A00F0429F370F70B03B0000F47EB5C1
:20E1A0003B3037406DFE55EE02B46D000203DA002C2409F0C008B420892A8208B4FBDA0121
:20E1C0002CF40920C0083B0000F43E070924C0086D00EF02B022B42B91200027D922D4CF40
:20E1E00091200047D944D4CF094FD4288B890000420F892F942891200027D922D4CF092F8C
:20E20000D62891200027D922D4CF0920D4287F0F0E8091200027D922D4CF91200047D944BE
:20E22000D4CF094FD428892F96283C30DA012CF4912000C7D9CCD4CF91200027D922D4CFD4
:20E24000092FD42809F0C008420F40F46D001101A22F89CF942891200027D922D4CF092F32
:20E26000D62891200027D922D4CF0920D4287F0F0E8091200027D922D4CF91200047D9445E
:20E28000D4CF094FD428892F962891100027D922AC0CD4227D2F318091100027D922AC0CC8
:20E2A000D4223C050924C0086D0083020C246E0891100047D944B40CD4447D42F5FF911069
:20E2C0000047D944AC0CF44291100027D922AC0CD42291100047D944B40CD4447D420D00D2
:20E2E00091100027D922AC0CD4220C246E053B103A406DFEAEED80FF8B8F00F042F99110DA
:20E300000027D922B40C542F7F9F06803B503A406DFE9FED80FF8B8F0000DA084BF011022F
:20E3200076153B703A406DFE94ED80FF16076E053B903A406DFE8DED40F402846D00690078
:20E3400049F2180A3C1A02A46D003302092AC0083B0000F4A29F3FFA04FF912000F7D9FF9B
:20E36000D4CF91200027D922D4CF092FD028C21F89FF9028A0023C010090494F180A0944BD
:20E38000C60840F46D000B000090404F01F400C682083C0B01C800261420DACD3E053BA070
:20E3A00006406DFE44EDC218DA103FF8F5FF49FF30FA82083C0B01F800261420DACD3E050C
:20E3C0003B3007406DFE33EDC218DA103FF8F5FF0090494F180A8944860840F46D000B00C0
:20E3E0000090404F024F49F430FA3BD00C403B0001506D07180B10F43BD00C403B000150E5
:20E400006D07110B0090911000F7D9FFB00CD4FF01F420F080FF370F70203C010090404C2A
:20E4200002488B8800F0C2FFB70F03F0370F70F03B0001007F0F0380DA108B0F02F0370F66
:20E4400070903B0000043F9004807F890580A0021D00EC0080C0911000F7D9FFB00C54F141
:20E460003F100A8080C0911000F7D9FFB40C54F13F1006803BD02B406DFEB3EC80C09110D8
:20E4800000F7D9FFB00C54FF3FF00A8080CF911000F7D9FFB40C54F03F0F1280912000F79A
:20E4A000D9FFD4CF91200027D922D4CF092FD828C21F89FF982840C21D00B80049CD28FAFB
:20E4C00040D46DFF2EFF40D46DFF9BFF022A09C0E8F8A2A0370070008B801D00370070B038
:20E4E0007F9B06803B002D406DFE7BEC7F9B0580A0021D009B005FB9058040C21D009600B7
:20E5000009C4E8F86D001D01402F084FEE4309C0E8F83B0000F47E053B102E406DFE61EC00
:20E5200009FCC0088B8A00004290370070D091100027D922AC0CD4227DF20A80911000F7AE
:20E54000D9FFAC0C02D46D00FC00F4F202D46D00F800DA002C24B42C892A8208B4DD0920CA
:20E56000C0083B0000F43E070924C0086D00E900B022B42D912000F7D9FFD4CF9120002766
:20E58000D922D4CF092FD428A29BA2BF89FF94283C468B8900F08B0F01F03FFB41808B8AA6
:20E5A00000F0429F370F70C009C0E8F83B0000F47E053B2030406DFE14EC02C46D00C1008F
:20E5C000802F911000F7D9FFAC0C54F07F0F0780911000F7D9FFAC0CF4F2DA002C2409CFFB
:20E5E000E8F8B42F892A8208B4DC0920C0083B0000F43E070924C0086D00A300B022B42C6F
:20E60000912000F7D9FFD4CF91200027D922D4CF092FD428A29BA2BF89FF942840D40284B1
:20E620006DFFBFFE40C23C010090404C80CF91100027D922B00C54207F0F06803BB01C40B9
:20E640006DFEC5EB80CF91100027D922B40C54203F0F06803BC01C406DFEB9EB0CC46E05DC
:20E660003BD01C406DFEB3EB09CFC0083B0000047FF006803B001D406DFEA9EB09C4C0082A
:20E680006D0055007D2C29000C24EE2691100047D944B40CD44F7DF22000911000F7D9FFBB
:20E6A000AC0CD4FF7D2F0780911000F7D9FFAC0CF4FC092FC008B4CF092FC0083B000004C2
:20E6C0003E0B0924C0086D003200B022402F40C46DFF8DFEB4F209C4C2086D002800402FE0
:20E6E0007DCF2200084FEE1F91100027D922AC0CD4227DC2078091100027D922AC0CF42F73
:20E7000009CFC008B4FF09CFC0083B0000043E0B09C4C0086D000B00B022402C40F46DFF93
:20E7200066FEB4C20090911000F7D9FFB00CD4FF01F400263C010090404F405C80C0DA083B
:20E740004BF0110276153BC016406DFE37EB49C220FAD4F4D4F5095FC408C2FFAC42C8346D
:20E76000D444F424C834F44240F46D005701F6253B5018406DFE22EB0090404C09C28C094C
:20E78000D42DBD0D2B0009C28C09D4D4F424A00FF4DF89D5840989D4080980D0DA084BF01B
:20E7A000110276153B8011406DFEF9EAD4CFD4C2092FC408C21FACF2D4CF09FFC408D4CF8B
:20E7C00009F0C6087FF00780D4CFD4C2092FC408ACF349D2200A3C09D4CFD4C2092FC008DD
:20E7E000C21FB4FFA0023C010090024F404FBF8F03803C107CF23C0E6D009900534F20F0A9
:20E8000091000027D922C0931022D42440F56DFF7EFF009082083C1E534820F0910000F703
:20E82000D9FFC09310FFD4F46D002600534820F0912000F7D9FFD4CF10FF534820F091002A
:20E840000027D922C0931022D422D42289F29C29C218BF88E3FF6D005F000090404FC832FD
:20E86000A004F424482F8B8F00F0C2FFB70F03F060FC82083C10C832D422F4C2C832F42CEF
:20E8800040C440F56D008C0009FFC40810C2492C300AC21809FFC6083FF8EF7FD4F209FFCE
:20E8A000C608AC210090024F404F0258BF8F0480A0023C106D001900534F20F09100002743
:20E8C000D922C0931022D42440F502846DFF2DFF3C01009082093C3C534920F0910000F769
:20E8E000D9FFC09310FFD4FF482F8B8F00F0C2FFB70F03F060FC82083C1E534920F0910093
:20E9000000F7D9FFC09310FFD4F540C46D002400534920F0910000F7D9FFC09310FFD4FF27
:20E9200009FFC40810CF49FF300A80FF60FCC21837087080534920F0910000F7D9FFC0935F
:20E9400010FFD4FF09FFC6083FF8D9FFC219BF89C5FF00904944200A0954C4086DFF9CFC95
:20E9600000904944200A0954C4086DFFCCFC0090CC43D4FFBD0F1200D4F23C0C7D2F048065
:20E9800082023C0DD4FF542F6E04D422D4223C02A002BCF3BD02F4FF82123C010090404FC5
:20E9A000D4A209AC840909A488097CF4A0021D0086007CC4A0021D0082007C559100005772
:20E9C000D9553C107C6591000067D9663C107C7591000077D9773C10DA006CF1DA006CF255
:20E9E000DA006CF3912000D7D9DD0003E85DDA0089FFA408DA0089FF2D08A00DE87DE88237
:20EA000091200027D922C8CF142F89FF3008E84440F46D00060140F42D0C00007623A0020D
:20EA20003C4D09F07008DAFF7E04DA0089FF3008820891200027D922C4CFD42C3C1B7DFC27
:20EA400006803B801A406DFE5CE9C218DAFF7F8F06003BA01A406DFE54E909CF700809F07E
:20EA600070087E0709FF7008C21F89FF30083C04D4CCBD0CE6FFBD0CD6FF09F07008DAFE03
:20EA80007E0891200027D922C8CFDA00342F3C0991200027D922C8CF09FF7008C21F342FD6
:20EAA00091200027D922C4CFD422F4F291200027D922C4CFF42F40F23C010090404F405C61
:20EAC00040F440C56D00EC0A40F440C56D00783040F440C56D003405009054504C433AF080
:20EAE000EE087C53DA003C02545F6C4382123C0382023C0100902008404F405C406D7CC572
:20EB00003B801E406DFEF9E87CD53B901E406DFEF4E854C0481F3AF0EE1554CF74AF481F7A
:20EB200074DF49A5000A40D46DFFC7FF7CC3DA003C0254CF6CF1821440F46D003E00821264
:20EB40003C0382023C01009054504C423AF0EE087C53DA003C02545F6C4282123C03820234
:20EB60003C010090DF041200912000F7D9FFC4CFD4F23C09092F7008C21F370F68F07E42C6
:20EB80003C06D422BD02F8FFA0023C010090404F02487CF53B4039406DFE9BE809FF6D086F
:20EBA0002E2409FF6D08AE023C0D6F080C00481F6E0909FF6D082E3640F5B04540F46DFF81
:20EBC000C8F000903B40FF2F3C0100902008404F405C406D407E7CC5910000C7D9CC3C102F
:20EBE0007CD5910000D7D9DD3C107CE5910000E7D9EE3C10DA00BCC354C0F602DA016E08B8
:20EC000049A6000A40F440C56DFF52FF762140F440D5A0066DFF7CFF762140F440E5A00602
:20EC20006DFF36FF7621EE0849A6000A40F440C56DFF3EFF762100907C423C01912000F701
:20EC4000D9FFC0CFF4F4009082056D000F003C010090404F0B5410887CF53B401E406DFECA
:20EC60000AE8BCF5BBF0FF0F7F90048082123C2CF69382023C2909F0C808429037007000F5
:20EC80007F90048082123C2008CF2E7C481FA29F60F249F4100A014230F4EE0382123C14E3
:20ECA0003C087685481FA29F60F23C0382123C0CE81209FFCA08429FACF509FFC80842F997
:20ECC000A84982023C0100900B451088026ADA013EACDA413EAA3B2018F03EAF3B00280023
:20ECE0005FA067001D00A900A0040B9A10486D00AD00402C1D00A700A00CA00D8274A0040A
:20ED00003B500F506DFF62FD402F7CFA6D008E02BCC440C46D00FA01A0021D0096003B00E0
:20ED200060008B8800F0C2FFB70F03F0A2F07F090480029B3C093B0060B08B8800F0C2FF67
:20ED4000B70F03F0A2FB01F800264922100A802F8B8F00F0C2FFB70F03F060F5820740F474
:20ED60000B9B104802A66D0041024810DA084BF0110276153B2010406DFE78E73B0060F02A
:20ED80008B880000C2F0B7000300A20FEE053B4010406DFE6BE77CC340FC3C02F4DF40FDFF
:20EDA000A2B9370970908208FF19AAFF3C4B8B8800F0C2FFB70F03F08B890000C2F0B700EC
:20EDC0000300420F370F70F08B0F0100370070408B890000C2F0B70003003F0F09808B894C
:20EDE00000F0C2FFB70F03F07FF40480A0023C2C6DFF9CF8402C7CC3A0023C2601C800F63A
:20EE000049FF100A80FF8B8F00F0C2FFB70F03F060F5820740C40B99104802A66D00E601B3
:20EE20004CC13B8000004B0F110276153B4012406DFE1CE73C073B9012406DFE17E7A0026C
:20EE40003C0340C23C010090404F0B451088DA413E97DF1906003BC014406DFE07E78264B1
:20EE6000A0043BE014506DFFB1FC402C7CC3A0023C0B820740C440F50B88104802966D0010
:20EE8000B50140C23C010090404F405CBCF27CC23C277DCF06803BF035406DFEE7E63C0885
:20EEA00009FFC80809C0C808420FACF4D4FF54FFEEF809FFC80809F0CA083E053B703640DD
:20EEC0006DFED4E654FF6E053B8036406DFECEE609FFC80809C0C808420FACF4F4FC009015
:20EEE000405F40F56DFFCEFF40F46D00FB01009082023C05C21237027020D444BD04FCFFA2
:20EF00003C0100900256404F09F5C8086DFFCCFE402C7CC3A0023C0C40C440F56D001400EA
:20EF200076253BC054406DFE8FE640C23C0100907C543B00FF2F3C070954C80882056D005B
:20EF400049003C010090405C02488209820A7C4382023C317CC382023C2E404F3C27765BFE
:20EF600009F0CA083F05088009F0CA08A205370570503C1B09F0CA08A250370070F07FF86A
:20EF80000380028F01C90046C8120125005602F46D076B0442FA370A70A042F93709709016
:20EFA000A2F8370870808205D4FF7683BD0FD9FF02A23C010090404F405C0B451088820A81
:20EFC000BCC509C0C8087F8005803B00FF2F3C69BCF609F0C80842857F5005003B00FF2F06
:20EFE0003C6009F0CA08A29009CFCA08A2AF3FF0068009CFCA08A2AF3C0409FFCA08A29F72
:20F000007FF80480028F3C01C8120129004609C28409012A005602F46D071F0442F942FA00
:20F02000A2F83708708009FFCA087F9F06803BA03F406DFEF2E509CFCA087FAF06803BB0A4
:20F040003F406DFEEAE509CFCA083FFA0980820AD4CC7CC576843B00FF2F3C2309FFCA0882
:20F060007E988209D4FF7CF576843B00FF2F3C19BCCA09C0CA0809CFC8087E0554CF6E0313
:20F0800082A23C0FBCFA09F0CA0809FFC8087E0554FF6E0382A23C05DF08A5FF82023C01B0
:20F0A0000090404F7CF87CF53B002E406DFEABE582023C3182083C2B08EFEE053B502F40E2
:20F0C0006DFEA1E508EFC2FF370F68F02CFEEE1ED4FC08CF160F5E26827440F46DFFC3FA10
:20F0E0003C105E16826440F46DFFBDFA3C0AEE0540F46DFFB8F53C053B3031406DFE83E59D
:20F10000C2183708688040CF3C02A00FBD0FD6FF02823C01009082056D001F003C01009020
:20F1200082156D000F003C010090CE4532546D009E003C046DFF3BFD3C010090A00FF44FA8
:20F14000894584098944880889458A0889460C0889470D08DA012C4EDA002C4F00909120E4
:20F1600000F7D9FFCCCFDA0134FF0090404F02497CF53BA019406DFE0BE509F0C8083F099C
:20F1800003803C3F09F0C808A290370070803C1009F0CA085A09370F709009F0C808A280A4
:20F1A000A840D4FF7CF53B101B406DFEF1E409FFCA083F9FEFFF08CF160FEE1A09FFCA08B9
:20F1C000BE97C81201F22020802F429F370F704040F46DFFFDF7402C7CC53BF01B406DFE15
:20F1E000D7E47DFC06003B101C406DFED1E4A859A84954FF6E04D4F46DFF1AFFA002F4F282
:20F200000090BC4A0C4EC21F2C4E0C4EEE053B6034406DFEB8E40090404F024F7CF53B0024
:20F2200025406DFEABE4BCF5BBF0FF0F7FF0048082123C17EE0382023C1409F0CA087FF02C
:20F24000048082123C0EC8121022E81209F0CA08A2F0A85009F0C808A2F0A84082023C01ED
:20F260000090404C820891100027D922486C0924120991100027D922486CD4246DFF23F239
:20F280000229CCC1089AA00D91200027D922D0CFD42F3C4509FF50085FAF408040F4029479
:20F2A0006D005100DF023A0009FF51082E0A481F91100027D922486C09200E095F0F2E80A2
:20F2C000485F6E2B09CE84098228C852C86491100057D955486C49570E0A40F540C62D029E
:20F2E0000000DF021300BCDFC83289D28C0991200027D922D0CFD422E83291200027D92240
:20F30000D0CFF42F82123C0F09C284097DE206003B000C406DFE27E440FDC83FBD0FBCFFC7
:20F3200002823C0100900C486E0F0C48911000F7D9FF486CC81F09F07008C210370068006A
:20F340003E0382023C1BDA016E1776490C492E56BC43544FEE0382123C113C0EBC4B544F31
:20F360006E09544F911000F7D9FF486C09F012097E0382123C0382023C010090BD041600BF
:20F38000544F6E13BD051200545F6E0F912000F7D9FFD0CFD4FF3C0754FF54407E03545FF5
:20F3A00074FFC83FBD0FFAFF0090404C024B7CC31D00870009CF54085E153B0024406DFE11
:20F3C000B6E309C05408DA0A7E0C91200047D944ECFF40C56D008B0640C46D00C8033C7016
:20F3E0008208820909CA101909CC240909CD902909CE900909CF5408EE2609CFD6086E226D
:20F4000091200027D922D8FFD42F7DCF0A80912000F7D9FFD8FF09C28C09F4F23C119120CE
:20F4200000F7D9FFD8FFD4FF3C09C8327DC2068009C28C09E8323C04C83FBD0FF8FFA00F1C
:20F44000ECC33C1102B809C9D60891200047D944D0FF40C56D004B06912000F7D9FFD4FF4C
:20F46000821034F009CF30196E0509C4B0196D00AE0709CF2C196E0509C4AC196D00A7074D
:20F4800009CF34196E0509C4B4196D00A00740C46D003D01768C40C6B04609C7D80840C4C5
:20F4A0000BAC104840C502966D00D12240C46D005E03BCD63B30FF4F40E42D0D0000009035
:20F4C00082146DFF6FFF0090BC46094F54085E13894598090090405F7CF53B0031406DFEDF
:20F4E0000CE340F46DFFD9FF3B30FF2F3C01009002488224A0043B4073506DFFABF8402FEF
:20F50000BD0F7B806D0046036D00D4038224A0043BD073506DFF9EF8402FBD0F5C803B902E
:20F5200000406D0097038224A0043B3074506DFF91F8402FBD0F3D803B8000406D008A0329
:20F540008224A0043B9074506DFF84F8402FBD0F1E8002846D003E038224A0043BF07450A4
:20F560006DFF78F8402FBD0F120091200027D922D4CF0922A42991200047D944D4CF0944EF
:20F58000A429094FC008C2FFB42FBD0F120091200027D922D4CF0922A42991200047D94479
:20F5A000D4CF0944A429094FC008C2FFB42FBD0F120091200027D922D4CF0922A4299120CD
:20F5C0000047D944D4CF0944A429094FC008C2FFB42FBD0F120091200027D922D4CF0922C7
:20F5E000A42991200047D944D4CF0944A429094FC008C2FFB42FBD0F4B0082043B400A5036
:20F6000040F46D07870089F815083B000CF189FFA418BBE000F889FFAA0889FFA808DAFFC3
:20F620002CFB3B8021F089FFB208DA0689FF8018DA0689FFBE0882FF89FFB008DA0189FF43
:20F64000881891200027D922E0FF542F6CF891200027D922E8FF142F89FF1E083B000CF18E
:20F6600089FF8A1891200027D922801489F28429BB00D0FD9BDF06F089FF14293BF049F2AE
:20F68000063F89FF1829DA0989FF1C2940F23C010090BC43894590090090404F7CF53BF08C
:20F6A00013406DFE0CE209FFDA086F9F1D0009FF3C196E1909F2BC19092F5D08EE053B30DA
:20F6C00014406DFEFCE109F2BC1909F4BC19094F5D08C2FF892F1D0809FFDA08BBF0DF0F0E
:20F6E000260FACFD0090404C405D82407CD5910000D7D9DD3C107CC43B00FF2F3C5009CFE9
:20F7000054086E0382A23C4B0CC92E228230F6486D00FB030224F64382E23C413C278201CB
:20F720003C23534120F091000028D92284301022D42FD4FF3C1609FFD608FE420CC92E23B8
:20F74000089FAE2EDA016E0CBCF954FF6E07BCD654DF6E0454FF54D27E2382823C20C83F9C
:20F76000BD0FEBFFC2113F01DE7FBCD854DF6E067CD3DA003C0254DF74CF89C496089120AF
:20F7800000F7D9FFD8FFD4FFECC3912000F7D9FFD8FFF4FC6D00592682023C0100907C44FD
:20F7A0003B00FF2F3C0C094F54081E15094FDA089610AC4D82146D0004003C010090404C78
:20F7C000024F7CC53BE015406DFE6BE16E5E09CF54081E4509CF5408DF7F588009CF38197A
:20F7E000EE0709CFE808BBE000085F0F4F0009CFDA08AE453B4016406DFE53E109C41019D9
:20F8000009C5240940C6B04609C6D60809C7D80840C440C56D00D52040C46D00E203912022
:20F820000027D922D0FFD4227DC2098091200027D922D0FFCCC3F42F3C11912000F7D9FFF8
:20F84000D0FFD4FF3C09C8327DC2068009C28C09E8323C04C83FBD0FF8FFA00FECC391206F
:20F8600000F7D9FFD4FFDA0134FF912000F7D9FF1800D4FF7DCF05806D00E31A3C0440C4EE
:20F880006D002F0182023C5909C05408DA003E08DA015F0F2E00DA025F0F39003C4809CF17
:20F8A000D6086E22912000F7D9FFD8FFD4FF7DCF0A80912000F7D9FFD8FF09C28C09F4F23D
:20F8C0003C11912000F7D9FFD8FFD4FF3C09C8327DC2068009C28C09E8323C04C83FBD0F20
:20F8E000F8FFA00FECC340C46D00FB003C2440C46D00D70191200047D944DCFF40C56D003C
:20F90000B00340C46D00FD003C1691200047D944D0FF40C56D00A503912000F7D9FFD4FF23
:20F92000DA0134FF40C46D00DC003C0540C46D0008003C0382023C010090404F7CF53BC027
:20F9400019406DFEACE009FF540882303E068240BE008270BE073C2040F46D00E020022F98
:20F96000EE0740F46DFF8BFE825089F014083C1640F46D00D420022FEE04825089F0140891
:20F980003C0D40F46D00CB20022FEE053B90000089F014083C0382023C0FEE0540F46D006C
:20F9A000BE1B3C085EF709FFDA089608ACFD82023C0302F23C0100900248404F7C553BF04B
:20F9C0008C406DFE6BE07CF302823C1409FFE4086E0F3B8002007FF007808B8F1DF0370FD1
:20F9E00070F03C02DA007FF803803C0202F802823C010090404F405CBCFA09FF54085E1554
:20FA00003B6081406DFE48E089FC90290090912000F7D9FFE8FF91200027D922E8FF142FC5
:20FA2000C21F34FF912000F7D9FFD0FFD4FF3C4409FF5E0891200027D922E8FF14205F0F46
:20FA40003B0091200027D922E8FF142F89FF1E0809FFDA082E0E09FFDA089602ACFD40F43B
:20FA60006D00571B09FFDA08BBC0FF0F260FACFD09FFDA082E3A09FFDA08BB70FF0F260FAC
:20FA8000ACFD40F46DFF55FFC83C09FF38196E1191200027D922D4FFDA00342F40F46D0069
:20FAA0003803912000F7D9FFD4FF14FF6E023CBB40CF3C02C83FBD0FBDFF0090404F09FF3B
:20FAC00054085E153B400D406DFEDADF822440F46DFF06F50090404F09FF54085E153BF009
:20FAE0000D406DFECADF823440F46DFFF6F40090404F09FF34196E0809F4B4196D000A0436
:20FB0000A00289F2B4190090912000F7D9FFD0FFD4F43C0ECC43094FDA082E39094FDA0820
:20FB2000BB70FF0F260FAC4D6DFFF0FE40F4BD04F3FF0090DA7F7F4F05803BF007403C0132
:20FB4000F6423C2A9AF48200A004912000F7D9FFD0FFD4FF3C1C09F155083FF10E8009F1CA
:20FB60005508FE1491200027D922E0FF54214882A2213F010C8091200027D922E0FF542070
:20FB8000488FA2F040F409FF5508C83FBD0FE5FFBC436DFF31FC0090DA083E463C053B1092
:20FBA0006E406DFE4BDF8200A004912000F7D9FFD0FFD4FF3C1609FF5408FE4291200027EC
:20FBC000D922E0FF5421488FA2F13F010A8091200027D922E0FF5420488FA2F040F4C83FD8
:20FBE000BD0FEBFFBC4482046DFF68FB00908200A004912000F7D9FFECFFD4FF3C13912006
:20FC00000027D922E0FF5421488FA2F13F010A8091200027D922E0FF5420488FA2F040F477
:20FC2000C83FBD0FEEFFBC436DFFD3FB0090404F7CF53B1011406DFEFCDE09FF54081E15C3
:20FC40003B2011406DFEF5DE82183C0E534820F091000028D92284301022D422D42440F56E
:20FC60006D00E702C218BF48F3FF0090A0056D000F003C010090404F0248405CA00D7CF54A
:20FC80003B00FFFF1D00930009FF54086E053B10FFFF1D008C00DA005E1640FD3B70FFFF7E
:20FCA0001D008500089F6F2F170091200027D922DCFFD4223C0E0920D60809FFD6087E07E6
:20FCC000542054FF7E04A00D828F3C7009228C09BD02F3FF8234A0043B3037506DFF4DF407
:20FCE000402D7CD382FF3C62C84289D2900909FFD608ACDBDA0189DF140809FF550889DF92
:20FD00001508089F2CD9088F2CD808BF2CDB08AF2CDA54FF74DF09FFD6086E2391200027FF
:20FD2000D922D8FFD4227DF2098091200027D922D8FFC834F4243C1391200027D922D8FF4C
:20FD4000D4223C0B09248C097DF40680C83489248C093C0509228C09BD02F6FFA002E832FE
:20FD600040F46DFF7AFE912000F7D9FFA0B3ECD6DA0089DF1D0809DF54081E153B40394004
:20FD80006DFE4BDE76823C02821889D81C08912000F7D9FFDCFFD4FFECD3912000F7D9FF0D
:20FDA000DCFFF4FD6D000923DA00BCC234CF40D23C010090404C405DBD0C260054CF6E23D8
:20FDC000912000F7D9FFD0FFD4F540C46D002400912000F7D9FFD8FFD4F540C46D001C00C9
:20FDE000BD0D120054DF6E0F912000F7D9FFDCFFD4FF3C0754FF54C07E0354DF74FFC83F71
:20FE0000BD0FFAFF0090404C405F7CC53BA090406DFEFBDD3C0B54FF54C07E07C83D40F4C7
:20FE20006DFFC3FA40DF3C02C83FBD0FF6FF00903B0004406DFFDEFA3C0100908200910041
:20FE400000F7D9FF242491000027D9222424092FC008C21FB4FF910000F7D9FF242409FF4C
:20FE6000C008BBF0FF1F7E18910000F7D9FF2424BB0000FCB4FF82013C20534120F0910035
:20FE800000F8D9FF843010FFD4FFD4FF3C1309FFD60891000027D92224240922C0087E295F
:20FEA000C2103BF0FFF37F0F040082023C0F3CC8C83FBD0FEEFFC211BF41E1FF910000F7F3
:20FEC000D9FF242409F2C0083C0100907C453B908B406DFE7DDD910000F7D9FF2024910021
:20FEE0000027D9222024542F91200027D922E0FF5420420F74FF910000F7D9FF202454F245
:20FF00003C010090404F7CF23C3909FF54086E3609F05408DA0A5F0F320009FF5408DF1F5F
:20FF20002E0040F46DFF40FB09FF38196E0809F4B8196DFF99F7A00289F2B81909FF2C19E4
:20FF40006E0109FF30196E0109FF34196E0440F46DFF7AFD82FF89FFB00809F4AC196D00A4
:20FF6000830109F4B0196D007F01A00289F2AC1989F2B019DA0089FFA8180090404C405D49
:20FF80007CD53BD088406DFE1BDD7CC53BE088406DFE16DDD4C27DD2068009D28C09F4C2C7
:20FFA0003C0DD4CF3C09C8327DD2068009D28C09E8323C04C83FBD0FF8FFA00FECD340D42B
:20FFC0006DFF9EFF09D05408DA0A3E0E09DF54081E1B09DFDA082E0809DFDA089602ACDD4B
:20FFE00040D46D002D1809DF54089E1609DF2C196E053BD089406DFEE3DC09DF30196E0501
:02000004800179
:200000003BE089406DFEDCDC09DF34196E053B008A406DFED5DCDA0089DF1408DA00ACDB51
:200020003C053B808A406DFECBDC0090404F7CF43B00FF2F3C4A09F2B81909284D0809FC13
:20004000B819A00289F2B81909FF04296E0A09F28429C844820440F540C62D0200003C074D
:20006000A004820440F540C66D004200DF0222806F581F0009FFE808BBE000083E0609FF1C
:20008000E808C21F89FFA80809FF04296E0A09F28429C844A006820440F52D0200003C0228
:2000A00082023B30FFFF7E243B30FF2F3C0E3C0B3B30FFFF7E243B30FF2F3C0789FCB8194A
:2000C00082B23C0382023C010090404F405CBCFA09FF54085E153B807E406DFE68DC89FCF7
:2000E00084290090406F7C543B00FF2F3C12BCFA09F4C80840546D00170040F46DFFA4F6B8
:200100003C06F64540546DFFCFFA3C0382023C010090404F02487CF23C2F09FF54085E1580
:200120003B603D406DFE37DC09FFE808428F370F70F0BBE000083FF0068009F0E8087F0FEB
:200140000780BBE000F889FFA8083C0389FFA80840F46D002003DA006E043B3000F23C032A
:200160003B006DF13FF2098009FFDA089602ACFD40F46D0050170090404F405C7CC53BF0D2
:200180000F406DFEFBDB3C0909F2BC197DC20580A00289F2BC19C83FBD0FF8FF0090404C1E
:2001A0007CC53B6068406DFEDCDB8244A0043B8068506DFF86F1402F7CF3A0023C0C3B00D6
:2001C000014040F440C56D06ECF9C8146DFF09F740F23C010090404FBCFA481F6E04C8140C
:2001E0006DFF0BF6824440F46DFFE7F000903C05D44F6DFFEEFF40F4BD04FCFF00907C42CA
:200200003C03894415080090912000F7D9FFE0FF91200027D922E0FF542FC21F74FF91208C
:2002200000F7D9FFE8FF91200027D922E8FF142FC21F34FFA00C91200027D922D0FFD42FA6
:200240007CF11D00F80109FF5408EE053B204C406DFE6CDB09FF54085E153B304C406DFEF2
:2002600065DB09F05408DA0A7E053B404C406DFE5DDB09FF5E0891200027D922E8FF14207C
:200280007E0540FCC83F1D00D60191200027D922E8FF142F89FF1E088208820909FF540880
:2002A0005E2809F04218BF600580C2181D00C40009F04218BFC00580C2181D00BD0009F002
:2002C0006128BF104F8009FF30196E053B804D406DFE2CDB09FF2C19EE053B904D406DFE76
:2002E00025DB09FF6228BFCF0480C2183C3909FF612891000028D92294301022092F7FF821
:2003000009F060287FF0078009F06028C21089F0202809F060283FF02480821A09FFE01862
:20032000EE0740F46D00921E7622820A3C0C09F4E01840F46D006A1BF62640F46D003616E7
:20034000F622820A76ADDA0089FF202809FF6128FF7F078009FF6128C21F89FF21283C6BAC
:2003600009FFB0080EFC09FFB0083BF0FF077F0F070009FFB008C21F89FFB00809FFB0088C
:2003800009F080183F0F580040F46D00FF19762709FF3019EE5009FF2C196E4D09FF5408D5
:2003A000DF2F210009FF4218FFCF058009FF42183C02DA0C09F0BC0886D009F1BE084210AE
:2003C00091000028D922B4201022142F0FF010003BF0FFF77FF003003C033BF0FF0789F095
:2003E0008018DA0089FFB00809FFC81809F0E0187F0F058009FFC8183C0309FFE0188FFFAA
:200400003F0089F08A1886FF09F0F2088610370070007F0F078009FFF208861F89FF8A18E7
:2004200009FFF20889FF8818DA0089FFAA1840F46D008C1909FF54085E6F09FFDA082E4C93
:2004400091200027D922E0FF5420488FA2F0DA287F0F0380C218089F6F3F3F0009FF540828
:200460001E4509FF5408DF7F388091200027D922E0FF5420488FA2F009FF1C2909F1182988
:2004800009F21429031F0AF23B401F104B1F11227F020580C218C2193C1F91200027D922D6
:2004A000E0FF5420488FA2F009FF632809F1182909F21429031F0AF23B401F104B1F112215
:2004C0007F020B8040F46D004115F62609FF6328C21F89FF232809FF34196E11912000270A
:2004E000D922E0FF5420488FA2F009FF8018536F20F03FF0058040F46DFF58FA09FF5408C9
:200500005E3C91200027D922E0FF5420488FA2F0DA287F0F0380C21809F05408DA097E0B04
:2005200091200027D922E0FF5420488FA2F0BFD00380C218DF08510009FD902940F46DFFA9
:2005400095FCBD0C110091200027D922D0FFD4227D2F06803B1057406DFEE8D9C83289C213
:200560008C093C1291200027D922D0FFD4227DF206003B5057406DFED9D991200027D92279
:20058000D0FFC834F424769E09F41019489540F6B04609F6D60809F7D80840F440F56D00A2
:2005A0005519C84E40F4C83F6DFFE0F991200027D922D4FFDA00342FBCD63B30FF4F40E4E5
:2005C0002D0D000091200027D922D4FF142F6E031DFF32FE3C2F40FCC83F09CF5C08C21F70
:2005E00089CF1C0809CF5C0809C05D083F0F2380DA0089CF1C0891200027D922D4FFDA004E
:20060000342F09CF0C296E0909C28C2909C4900940C52D0200003C02820291200027D92244
:20062000D4FF142F6E031DFF07FEF62440C46D00BD14BD0F0AFEA00C91200027D922ECFF78
:20064000D42F3C4209F05408DA0A3E053B505A406DFE6CD9820091200027D922E0FF54211F
:20066000488FA2F1BFD10380C210DF002C0040F46DFFFCFBBD0C110091200027D922ECFFF1
:20068000D4227D2F06803B305B406DFE4FD9C83289C28C093C1291200027D922ECFFD422BD
:2006A0007DF206003B705B406DFE40D991200027D922ECFFC834F42440F4C83F6DFF56F933
:2006C0003C0340FCC83FBD0FBFFF00906DFFE0F8912000F7D9FFE4FF91200027D922E4FF21
:2006E000142FC21F34FF912000F7D9FFE4FF14FF2E036DFF7DFD0090404F7CF53BA03A4031
:200700006DFEFCD8489F09F0E808420F09F0F2083B7000147F0105803B7000043C0309F0DB
:20072000F20848B142105200EFF0098009F0E80889F0AA0848B052023C1948BF4890A20F75
:20074000EFFF0600DA0089FFAA083C0E48BF4890A20FBBF0FF0F7FF006803BA03B406DFE48
:20076000CDD889FFAA0882023C010090404C405F407D3C2F40FED4FF09E484096DFF08F205
:20078000022F09C0E6187FF006803B4046406DFEAFD809C0E618A2F089C0A6189120002741
:2007A000D922080091200047D9440800094FC00809E0C808420FB42F40E46DFFD9FC09CFCF
:2007C000E6186E077CF67CD53BE046406DFE90D8BD0F1F00C8320924CC086D00F9218FF281
:2007E00003F116036E03DA013C02DA0091200027D922F0FF5428C832092404096D00C821C0
:2008000009F0C80842F04202A228EFF8B57F40F23C010090912000F7D9FF1C0009FFC00849
:20082000912000F7D9FF1C0091200027D9221C000920C008C210B4F0912000F7D9FF28001E
:2008400054F07609912000F7D9FF240009F0C0087F0F0C80912000F7D9FF2000D4FF49FF9B
:20086000140A10FF14F23C12912000F7D9FF240009F0C008A20F370F68F0912000F7D9FFC3
:200880002800D4FF10FF14F23C010090200889A48409A00CA00DD8017CF53B3008406DFED8
:2008A00017D8912000F7D9FFD4CF91200027D922D4CF092FFA18C21F89FFBA189120002753
:2008C000D9222000D801C81FF42FD80109F0CA08DA147FF01180912000F7D9FFD4CF9120B4
:2008E0000027D922D4CF092FC228C21F89FF82281D005104911000F7D9FF486C09F4120950
:20090000911000F7D9FF486CD4F46DFF91E5F62B911000F7D9FF486C09FF120916F03B0060
:200920000E00FE00912000F7D9FFD4CF91200027D922D4CF092FC828C21F89FF88281D00B4
:200940002A04912000F7D9FF2000D4FF09F4CC086D002E218F423F408624DA143FF40780C7
:20096000D80109FFC8087F4F1180912000F7D9FFD4CF91200027D922D4CF092FC228C21FCB
:2009800089FF82281D000704912000F7D9FF2C008BC41EF0B4FF912000F7D9FF2800A002F7
:2009A000F4F2D80109FFCA083F4F0E80912000F7D9FF24008BC41EF0B4FF09A484096DFF28
:2009C000D7F23C5C54FFEE053B200C406DFE80D73B40014009A484096DFFCAF29120002711
:2009E000D922240009FFCA08B42F912000F7D9FF2C0009FFC00809A484090940CA08A20F99
:200A0000370F70F00944CA086DFFB2F2D801D4FF09F0CA087FF01180912000F7D9FFD4CF67
:200A200091200027D922D4CF092FC228C21F89FF82281D00B00391200027D9222800D80167
:200A4000D4FFC81FF42FD801D4F402F46DFF90F209F0C808A2F0A84009FFCA086E053BF079
:200A60000D406DFE35D709FFC808D4FF09F0C8083E053B000E406DFE2BD7912000F7D9FF85
:200A80002000D4FE912000F7D9FF2000D4FF09F4C0086D008D20B4E2912000F7D9FF2000DC
:200AA000D4FF91200027D9222000D4220924C2086D007E20A812912000F7D9FF2000D4FF4B
:200AC00048146D005520912000F7D9FF2000D4FF6812912000F7D9FF140074F2912000F749
:200AE000D9FF2000D4FF48246D004220912000F7D9FF2000D4FF6822912000F7D9FFF0FF84
:200B000074F2912000F7D9FF2000D4FF91200027D9222000D4220924CE086D004920A87220
:200B2000912000E7D9EEF4FF912000F7D9FF2000D4FF09F4CC086D003B208FF203F134EFBF
:200B400091200027D9223000D80109FFC808B42F912000F7D9FFF4FF14FF16036E2491201C
:200B60000027D9223000D80109FFC808C21FB42F912000F7D9FF300009FFC008D80109F05C
:200B8000C8087F0F1180912000F7D9FFD4CF91200027D922D4CF092FC228C21F89FF822898
:200BA0001D00F902A00FF4AF912000F7D9FFD0FFD4FE1D00810009EF5408EE053BB00F408B
:200BC0006DFE86D609E05408DA0A7E053BC00F406DFE7ED609EF54085E153BD00F406DFE0D
:200BE00077D60CE86E0F0CE8911000F7D9FF486CC81F09F07008C210370068003E03F4AE73
:200C00003C5809EFD808912000F7D9FF2000D4FF09F0C0085F0F4D8009EFD608912000F77B
:200C2000D9FF2000D4FF09F0C2085F0F42804CE1911000F7D9FF486C09F00E095F0F39806E
:200C400054EF911000F7D9FF486C09F012095F0F3080CCE37DEF06803BD010406DFE38D686
:200C6000D4AFBD0F110009E28C09E832912000F7D9FFD0FFD4FFECE3912000F7D9FFD0FF3A
:200C8000F4FE3C0E912000F7D9FFD4CF91200027D922D4CF092FCE28C21F89FF8E28CCE383
:200CA0007DEF06803B5011406DFE12D63C06F4AE09EE8C09BD0E81FFBD0EB680912000F7AF
:200CC000D9FFECFFD4FE3C4809E05408DA0A3E053BF011406DFEFCD50CE86E0E0CE89110D2
:200CE00000F7D9FF486CC81F09F07008C210370068003E023C2F09EFD808912000F7D9FFA5
:200D00002000D4FF09F0C0085F0F258009EFD608912000F7D9FF2000D4FF09F0C208FE0AF8
:200D20004CE1911000F7D9FF486C09F00E09FE0254EF911000F7D9FF486C09F012097E0A4F
:200D400040E46D00150F09A484096DFF11F01D00330209EE8C09BD0EB9FFA004912000275A
:200D6000D922DCFFD4253C330C586E0F0C58911000F7D9FF486CC81209207008C210370048
:200D800068003E0340543C21095FD60891200027D9222000D4220920C208FE06DA006E0447
:200DA000405D404C3C11DA016E0F545F91100027D922486C092012097E023C0BBC53545F6E
:200DC000EE03405D404C405409558C09BD05CEFF7C5340D540C4BD052700BC4FCC53EC43B9
:200DE000912000F7D9FFDCFFD4FFEC53912000F7D9FFDCFFF4F53C0E912000F7D9FFD4CFD5
:200E000091200027D922D4CF092FCE28C21F89FF8E2840546D000C0209A484096DFFA8EFC3
:200E20001D00CA01BD0E5401912000F7D9FFF8FFA002F4F291200027D922F8FFD80109FF00
:200E4000C808AC2491200027D922F8FFEC2191200027D922F8FF912000F7D9FF2000D4FFDE
:200E6000EC23912000F7D9FF0C00A002F4F2912000F7D9FF1000DA0034FF912000F7D9FF32
:200E80000800DA00B4FF912000F7D9FFF4FF14FF2E35D80108DF96012CFD09EF38196E2677
:200EA00040E46DFF55F83B30FFFF3E2B09EF38196E1D912000F7D9FF300009FFC0086E16AB
:200EC00009EFEA08EE0440E46D000215912000F7D9FFD4CF91200027D922D4CF092FFE18A7
:200EE000C21F89FFBE181D00D300912000F7D9FF1800F4FE40E46D007B033B30FFFF5F2F33
:200F0000C700912000F7D9FF100014FF6F3F190009EF10296E0909EF902909E490093B2066
:200F2000FF4F2D0F000091200047D944D0FF40E56DFFAEF740E46DFFEBF41D00A900912027
:200F400000F7D9FF080009FFC0086E1E912000F7D9FF080009F4C00809EF00296E0909EF81
:200F6000802909E4900940E52D0F00003C0282023B30FFFF7E231D008B00912000F7D9FFED
:200F80000800DA00B4FF40E46D00220176223C7F912000F7D9FF0C0054FF6E3D09EF3819E2
:200FA0006E053B601E406DFE93D409EFDA082E4C912000F7D9FF0C00D4F46DFFD9EE40E4F4
:200FC0006DFF56F13C6409EF04296E0F09EF842909E4900991200027D9220C00D426820492
:200FE00040E52D0F00003C0BA004912000F7D9FF0C00D4F6820440E56DFF0AF83B30FFFFCD
:201000007E223C457628912000F7D9FF0C00D4FF89EFB819912000F7D9FF100014FF6F5FF8
:20102000290009EF38196E0909E2B81909EFB81908DF96202C2D3C1D09EFE808BBE0000868
:201040003E0609EFE808C21F89EFA80809EF04296E0B09EF842909E49009A006820440E541
:201060002D0F00003C0282023B30FFFF7E223C0F912000F7D9FF1800A002F4F240E46D006D
:20108000A70076223C0440E46D00620F912000F7D9FF1800A002F4F2912000F7D9FF0C0023
:2010A000A002F4F2912000F7D9FFF8FF481F6E0E912000F7D9FFF8FFC8146DFF59EE912097
:2010C00000F7D9FFF8FFA002E8123C5E912000F7D9FF2000D4FF09F4CC086D00691D8FF25C
:2010E00003F16F2F4E80912000F7D9FFD4CF91200027D922D4CF092FC828C21F89FF8828B6
:20110000912000F7D9FFD4CF91200027D922D4CF092FFE18C21F89FFBE18911000F7D9FF39
:20112000486CC814912000F7D9FFF0FF54F4912000F7D9FF140054F5912000F7D9FF3000DB
:2011400009FFC00842F5911000F7D9FF486C49F5120A911000F7D9FF486C49F60E0A9120DE
:2011600000F7D9FF2000D4FF09F6C208912000F7D9FF2000D4FF09F7C0086D00891309A4F3
:2011800084096DFFF5ED3C053B9024406DFEA0D33C12912000F7D9FFD4CF91200027D922E2
:2011A000D4CF092FFE18C21F89FFBE1809A484096DFFDEED0090404F7CF53BA025406DFE53
:2011C0007CD391200027D9221000142F6F4F1B0009FFDA08AE4B09FF10296E0809F2902973
:2011E000C8443B10FF4F2D02000091200047D944D0FF40F56DFF41F640F46DFF7EF38212BA
:201200003C0382023C010090404C91200027D922F4FF142F2E231D00FC007CC53B1028404B
:201220006DFE44D391200027D922F4FF142F6F4F3600911000F7D9FF486CC814912000F787
:20124000D9FFF0FF54F4912000F7D9FF140054F5912000F7D9FF300009FFC00842F591104A
:2012600000F7D9FF486C49F5120A911000F7D9FF486C49F60E0A912000F7D9FF2000D4FFA3
:2012800009F6C208912000F7D9FF2000D4FF09F7C0086D00EB121D00BB0091200027D92235
:2012A000F4FF142F6F1FB40009CF5D0809C05C083F0F04801D00AD0009C455086DFFF6EF35
:2012C000402FBD0F1B80912000F7D9FFD4CF91200027D922D4CF092FC428C21F89FF842866
:2012E0004CC66E09CCC609C49009A00582F42D0F00003C011D008D0009CF5D08C21F89CFB9
:201300001D0809FFDA08B71F81F4ACFD91100027D922486C092F120974FF91100027D922CA
:20132000486C092F0E096CF109CFD608ACFB91200027D9222000D422092FC008ACFCDA0382
:2013400089FF140891200027D9221400542FC21F6CF9489F6CFB40F46DFF28F589F2181982
:2013600089F2101989F2041989F21C1991200027D9221400542FC2FF89FF141909C290093D
:20138000E84289FCBC190CC9160C2CF90CC82CF891200027D922D0FFD422E832912000272B
:2013A000D922D0FFF42F6D00511791200027D922D4FFDA01342F40F46D0098009120002776
:2013C000D9222000D422092FCE0889FFA01809FFE01889FFA21840F4B0446DFFA7DF09F455
:2013E000F20840F5B04540246DFFF0F189F2B2083B20014040F46D00B90C7626820440F48B
:201400006DFF94EE3C0540F46D00900D3C010090404C405D7CC53BC042406DFE3BD209C268
:201420008C090924CC086D00A51B8FF203F12E0640D46DFF7FF6A00D3C493C1809D28C0955
:201440000924CC086D00961B8FF203F12E0BCCC309C28C09092FCC0882146D008B1BA62F46
:20146000ACF640D4D4DD6DFF55F6BD0D1200912000F7D9FF140054F009CFC80842F0CCD321
:20148000481F09D1C808421FA2F0EFF0D97FBD0D1E00CCD3481F912000F7D9FF140054F04B
:2014A00009C1C8084210A20FEFFF1100CCD3481F912000F7D9FF140054F0A20FACC409C4C4
:2014C000840909C4C8086DFFD5ECF4CD0090404C7CC53BD078406DFEDCD1912000F7D9FF3C
:2014E0002C0009FFC0086E5A912000F7D9FF1C00DA00B4FF3C456DFF6CF9DA003E26DA0194
:201500003E25DA023E243C2A3C493C3A6DFF61F9DF421280912000F7D9FF1C0009FFC008E4
:20152000C2EFC24F912000F7D9FF2C0009F0C0087FF003003C336DFF4CF98F8220F06DFF5D
:2015400048F9A62F3B405B003FF00380EE043B405BF03C0189CFB2083C136DFF3AF9FF22D7
:2015600003803C1C912000F7D9FF1C0091200027D9221C000920C0089AE242F0B4F0912011
:2015800000F7D9FF1C0009FFC008912000F7D9FF2C0009F0C0083F0FB0FF0090404C820880
:2015A0007CC53BF031406DFE6BD191200027D922F4FF14206F20520009CF54085E2B91205E
:2015C0000027D922F0FF542009CF10197E0282183C2391200027D922140054204CC97E031B
:2015E00082183C1A912000F7D9FF140054F04CC9A2F0EFF012804CC909C0E808420F91203B
:2016000000F7D9FF140054F0A20FEFFF068009CFDA089602ACCDDF081E0009CF5408EE0587
:201620003BB033406DFE2CD1912000F7D9FF100091200027D9221000142F960834FF09CF85
:20164000DA08BBE0FF0F260FACCD3B20FF2F1D00700382021D006D03912000F7D9FFF4FFB4
:2016600014FF2E1E09CF54081E2B09CF54081E3809CFDA089602ACCD82021D005A0309CF63
:20168000DA08AE47912000F7D9FFE0FF54FF6CC8DA0089CF2328DA0089CF222840C46DFF24
:2016A0000FFF912000F7D9FFF4FF14FF2E1A09CF54081E2709CF54081E3482021D00390372
:2016C00009C05408DA093F0F0D00DA023FF00A005AF0910000F8D9FF9C3090FFD4FFDC0FCE
:2016E0001D002403912000F7D9FFF4FF14FF6F4FB900912000F7D9FFF4FF14FF6F1FB200E3
:20170000912000F7D9FFF0FF54F009CF0419C21F5F0FA880912000F7D9FF140054FFC21FE2
:201720006CC94CC96CCB912000F7D9FFF0FF54FF89CF0419912000F7D9FF2000D4FF09FF76
:20174000CE0889CFA01809CFE01889CFA218912000F7D9FF140054FFC2FF89CF1419DA04B6
:2017600089CF140840C4B0446DFFCADD09C4F20840C5B04540246DFF13F089C2B20809CF79
:20178000F208532F20F03BC011017FF0078009CFF208532F20F03C033BC011F109C0F20857
:2017A000534020007FF0078009CFF208534F20F03C1009CFF208532F20F03BC011017FF0D0
:2017C000078009CFF208532F20F03C033BC011F189CF881809CFE618EE053B7037406DFE94
:2017E0004FD009CFE618C2FF89CFA61809CFB0197CFC09CFAC197CF53BF037406DFE40D0D9
:20180000D4F289C2AC193C04D4F289C2B01940F46DFF76F409CF3019EE0582FF89CFB00829
:201820003C07DA0089CFB008DA0089CF021809CF08296E0A09CF882909C49009820440C534
:201840002D0F00003C0282023B30FFFF7E253B30FF2F1D006E0209CFDA089602ACCD3C4011
:20186000912000F7D9FFF4FF14FF6F4F3A00912000F7D9FFF0FF54F4912000F7D9FF14009F
:2018800054F5912000F7D9FF300009FFC00842F5911000F7D9FF486C49F5120A911000F732
:2018A000D9FF486C49F60E0A912000F7D9FF2000D4FF09F6C208912000F7D9FF2000D4FF96
:2018C00009F7C00840C46D006B0F09CF4218FF6F0880DA0089CFB00840C46D00D10E1D00D6
:2018E0002602912000F7D9FFF4FF14FF2E1E912000F7D9FF140054F04CC9C2FF7E0440C4BA
:201900006D002E0E1D00C900912000F7D9FFF4FF14FF6F4FC200912000F7D9FFF0FF54FF70
:2019200009C00419C210A20FEFFF898009CF1019912000F7D9FFF0FF54F0A20FEFFF7F80F5
:20194000DA0489CF140809CF3C19EE0382A23C1C09CFBC19486FEE053B803B406DFE90CF44
:2019600040C46DFF7DED09CFBC19486F6E0B09CFBC19C86F09C49009820440C52D0F00009F
:201980003C033B00FF2F762B3B30FFFF3E2440C46DFF46EC3B30FF2F1D00CB0140C46D009E
:2019A000CF01912000F7D9FF080009FFC0086E0D912000F7D9FF080091200027D922080021
:2019C000092FC008C2FFB4FF09CFF208532F20F03BC011017FF0078009CFF208532F20F0C8
:2019E0003C033BC011F109C0F208534020007FF0078009CFF208534F20F03C1009CFF2089D
:201A0000532F20F03BC011017FF0078009CFF208532F20F03C033BC011F189CF88189120E8
:201A200000F7D9FF100014FF2E5809CFDA089602ACCDDA0789CF14083C2F912000F7D9FF23
:201A4000F0FF54F4912000F7D9FF140054F5912000F7D9FF300009FFC00842F5911000F723
:201A6000D9FF486C49F5120A911000F7D9FF486C49F60E0A912000F7D9FF2000D4FF09F693
:201A8000C208912000F7D9FF2000D4FF09F7C00840C46D00850E1D004A0140C46D00500113
:201AA000912000F7D9FF100014FF2E5809CFDA089602ACCDDA0789CF14081D00380140C483
:201AC0006D003E01912000F7D9FF100014FF6F5F5C00912000F7D9FFF4FF14FF6F4F4D00FC
:201AE000912000F7D9FFF0FF54FF09C010195F0F448009CF2C19EE4009CFDA089602ACCDEA
:201B000040C46DFF5DF1912000F7D9FFD0FFD4FF7DCF0A80912000F7D9FFD0FF09C28C0960
:201B2000F4F23C11912000F7D9FFD0FFD4FF3C09C8327DC2068009C28C09E8323C04C83F8B
:201B4000BD0FF8FFA00FECC3912000F7D9FFD4FFDA0134FFDA0A89CF1408912000F7D9FF2B
:201B6000ECFFD4FFECC3912000F7D9FFECFFF4FC6D0056133C0809CFDA089602ACCDDA08D6
:201B800089CF14083C15912000F7D9FFF4FF14FF2E4F912000F7D9FFF0FF54FF09C01019C9
:201BA0007E0709CF2C19EE04DA0689CF14081D00BE0040C46D00C400912000F7D9FF10009D
:201BC00014FF6F5F400009CFDA089602ACCD40C46DFFF6F0912000F7D9FFD0FFD4FF7DCF55
:201BE0000A80912000F7D9FFD0FF09C28C09F4F23C11912000F7D9FFD0FFD4FF3C09C83218
:201C00007DC2068009C28C09E8323C04C83FBD0FF8FFA00FECC3912000F7D9FFD4FFDA01EF
:201C200034FFDA0A89CF1408912000F7D9FFECFFD4FFECC3912000F7D9FFECFFF4FC6D0064
:201C4000EF123C7440C46D007B00912000F7D9FFF4FF14FF6F4F4800912000F7D9FFF0FFEC
:201C600054FF09C010195F0F3F8009CF2C19EE3B40C46DFFA5F0912000F7D9FFD0FFD4FF85
:201C80007DCF0A80912000F7D9FFD0FF09C28C09F4F23C11912000F7D9FFD0FFD4FF3C0925
:201CA000C8327DC2068009C28C09E8323C04C83FBD0FF8FFA00FECC3912000F7D9FFD4FF30
:201CC000DA0134FFDA0A89CF1408912000F7D9FFECFFD4FFECC3912000F7D9FFECFFF4FC56
:201CE0006D009E123C2340C46D002A00912000F7D9FFF4FF14FF6F4F1800912000F7D9FFF1
:201D0000F0FF54FF09C010197E0F09CF2C19EE0C912000F7D9FF100091200027D922100078
:201D2000142F961034FF3C023C0182023C0100902008404C7CC53B7048406DFE9BCD09CFE8
:201D40005408FF4F06803B8048406DFE93CD91200027D922F4FF142F6F4FFD0109C0E018BF
:201D600009CF181942F009CF141991200027D92214005421A21FEFFF288009CF14199120BA
:201D80000027D922140054217E1B09CF1819912000F7D9FFF0FF54F1A21FEFFF168009CF25
:201DA0001819912000F7D9FFF0FF54F15F1F2E80912000F7D9FF2000D4FF09FFCE0809C1F7
:201DC000E0187FF12380912000F7D9FF2000D4FF09FFCE0889CFA01809CFE21809C1E01803
:201DE0007F1F068009CFE01889CFA218912000F7D9FF140054FF89CF1419912000F7D9FFF1
:201E0000F0FF54FF89CF181909CF0419912000F7D9FFF0FF54F1A21FEFFF4F80912000F728
:201E2000D9FF300009FFC008EE4509CF181909C1E018421F5F0F3F8009CFB008BF0F3B00A5
:201E400009CF0419912000F7D9FFF0FF54F05F0F328009CF4318C21F370F68F009C04318E4
:201E60007FF0078009CF4318C21F89CF031809CF4318BF4F198009CFC81809C0F208420F3F
:201E8000370F70F009C0C8183F0F0A8009CFC81809C0F208420F89CF88183C05BBF0FFFF6D
:201EA00089CF881809CF4318BF3F058040C46D00910B1D001801912000F7D9FFF0FF54FF6F
:201EC00009C00419C210A20FEFFF0A8109CF1019912000F7D9FFF0FF54F0A20FEFFF00814C
:201EE00009CFDA082E2E09CFDA08BBB0FF0F260FACCD09CFCA1889CF8818DA0089CFAA1845
:201F0000DA0089CF021809CFBC0886DF09C0BE08420F89CF8018912000F7D9FFF0FF54FFE2
:201F200009C00419A20F370F70F0820089C00318912000F7D9FFF0FF54F089C0041909C09C
:201F40005408BF40678009C0C81809C1CA187F102A8009C0DA086FB0040082103C02822071
:201F600009C1F208E201370170107F1F03803C0609CFF208E2F0370070F009C0C81842F089
:201F80003700700009C1C8183F10088009C0C81842F089C088183C05BBF0FFFF89CF881873
:201FA0003C3809C0EA1842F03700700009C1EA183F10088009C0EA1842F089C0AA183C051D
:201FC000BBF0FFFF89CFAA1809CFEA1809C0C8183F0F208009CFEA1809C0C818A20F89CF41
:201FE000AA1809CFC81809C0F208420F370F70F009C0C8183F0F0A8009CFC81809C0F208B1
:20200000420F89CF88183C05BBF0FFFF89CF881809C5B01991000068D966310009C7AC1900
:2020200040C46DFF67F389C2B01909C5AC1991000068D966390009C7B01940C46DFF5AF368
:2020400089C2AC1909CF3019EE0582FF89CFB0083C04DA0089CFB008DA0089CF1C0809CF73
:202060002C19EE04DA0089CFA81809CFE418912000F7D9FF080009F0C008420F89CFA418B5
:2020800009CFDA086FBF2B0009CF3019EE1609CF2C196E0C09CFAC19C83F48146D003A15B5
:2020A00009CF0C19A2F2EFF2088009CFDA08BBF07F0F260FACCD3C1209CFB019C83F481433
:2020C0006D00281509CF0C19A2F2EFF2088009CFDA08BBF07F0F260FACCD3C0440C46D000A
:2020E000C90B4CCD6E374CCE912000F7D9FFF0FF54F0A20FEFFF2F00912000F7D9FFE0FF54
:2021000054F04CCDA2F0370050F009C0BC0886D0A20F370F50F009C0BC0842F089C0BC0873
:20212000CEF4325F370F50F009C0BE0886E0A20F370F500009CFBE08420F89CFBE0809CFA5
:20214000BC0886DF09C0BE08420F89CF8018DA006CCD912000F7D9FF300009FFC008BF1F15
:20216000B18409CF5408FF7FAD844CC9912000F7D9FF140054F0C210A20FEFFF7880912040
:2021800000F7D9FF140054FF912000F7D9FF300009F0C008420FC2FF09C02409A20FEFFFF1
:2021A0006680912000F7D9FFF8FFC81D4CC991200027D922140054205208912000F7D9FF93
:2021C000F8FF481FEE053BA059406DFE53CBBBF0FFFF3FF806803BB059406DFE4BCB370807
:2021E0007080912000F7D9FFF8FFC81F09FFC8087F8F06003BD059406DFE3CCB912000F7E7
:20220000D9FFF8FF91200027D922F8FF092FC808A28FACF4912000F7D9FFF8FFC81F09FFE6
:20222000C808A28F370F70003C0B09DFCA08A2F83708708089D08808DA00ACD5D4DD09DF40
:20224000CA083F8FF4FF40D402846DFF63E6912000F7D9FF14004CC974FF912000F7D9FF00
:20226000F8FFC83F4CC96CF13C0E912000F7D9FF140054F04CC9A2F0EFF0060009CFDA0886
:202280009602ACCD912000F7D9FF140054F04CC9A2F0EFF013844CC909C0E808420FC2FF58
:2022A000912000F7D9FF140054F0A20FEFFF06844CC9912000F7D9FF140054F05F0FA88298
:2022C000912000F7D9FFF8FFC83F09F4CC086D0041148FF203F116036E0382103C0282009C
:2022E000912000F7D9FF300091200027D922F8FF092FC808420FB4FF912000F7D9FF3000A8
:2023000009FFC00809C0E8087FF08C80912000F7D9FFF8FFC83F09F4CC086D001B148FF24D
:2023200003F16F0F2200912000F7D9FFF8FFC83F09F4CC086D000E148FF203F1B70F0140AF
:20234000912000F7D9FFF8FFC83D912000F7D9FFF8FFC83F09FFCC08BBF00F0C260F6D003F
:20236000F913A62FACD6912000F7D9FFF8FF09CFE808ACF4912000F7D9FFF8FFC83F09F4A0
:20238000CC086D00E7138FF203F12E1D912000F7D9FFF8FF91200027D922F8FF092FC808F9
:2023A000C2FFACF4912000F7D9FFF8FFC814912000F7D9FFF8FF09F4C8086DFF4BE59120D8
:2023C00000F7D9FFF8FFC83F09F4CC086D00C2138FF203F116036E0382103C02820091201B
:2023E00000F7D9FF300091200027D922F8FF092FC808420FB4FF912000F7D9FF140054F030
:20240000912000F7D9FF300009FFC00842F04CC909C1E808421F3E053B105D406DFE2ACA50
:2024200009CF3419DF0FF500912000F7D9FFF8FFC83F09F4CC086D008D138FF203F16F0F45
:2024400011003C0A09C4B41909CFB419D4FF89CFB4196DFF4FEE09CF3419EEF51D00D90047
:2024600009CDB4193C4909D28C090924CC086D0071138FF203F16F0F3C00912000F7D9FF23
:20248000F8FFC83F09F4CC086D0064138FF203F16F1F2F80912000F7D9FFF8FFC83E9120A9
:2024A00000F7D9FFF8FFC83F09FFCC0882146D005113A62FACE6912000F7D9FFF8FFC83F27
:2024C00009F4CC086D0046138FF203F116036E0382103C028200912000F7D9FF30009120B3
:2024E0000027D922F8FF092FC808420FB4FF40D4D4DD6DFFFFEDBD0D1600912000F7D9FF3A
:20250000140054F0912000F7D9FF300009FFC00842F0CCD3481F09D1C808421FA2F0EFF02F
:20252000A47FBD0D7400CCD3481F912000F7D9FF140054F0912000F7D9FF300009F1C008EA
:202540004210A20FEFFF630091200027D922F8FFCCD3481F912000F7D9FF140054F0A20FCE
:20256000AC24912000F7D9FFF8FFC83F09F4CC086D00F0128FF203F12E1D912000F7D9FF8D
:20258000F8FF91200027D922F8FF092FC808C2FFACF4912000F7D9FFF8FFC814912000F716
:2025A000D9FFF8FF09F4C8086DFF54E4912000F7D9FFF8FFC83F09F4CC086D00CB128FF2C1
:2025C00003F116036E0382103C028200912000F7D9FF300091200027D922F8FF092FC808A9
:2025E000420FB4FF912000F7D9FF140054F0912000F7D9FF300009FFC00842F0CCD3481F47
:202600003E053B2060406DFE35C989CDB419912000F7D9FF140054FF912000F7D9FF300059
:2026200009F0C008420F6CC909CFE808912000F7D9FF300009F0C0087F0F06803BD060405B
:202640006DFE18C909CFE808912000F7D9FF300009F0C008A20F89CFA80840C46DFF0AF0D2
:20266000912000F7D9FFF8FFC81F09FFC8086E1191200027D9220C00912000F7D9FFF8FF4F
:20268000C81FF42F91200027D922F8FFA00FEC21912000F7D9FFF8FFC83F09F4CC086D00EE
:2026A00059128FF203F12E0C912000F7D9FF100091200027D9221000142F962034FF1D0044
:2026C000880009CDB41991200027D92214004CC9742F09D28C090924CC086D003B128FF284
:2026E00003F116036E0382113C0282014CC909D0C8084210420F6CC9CCD309F4CC086D0095
:2027000029128FF203F116036E03DA013C02DA0009C1E80809D0C80842F07F0106803B10A6
:2027200063406DFEA7C8CCD309F4CC086D0012128FF203F116036E03DA013C02DA0009C15F
:20274000E80809D0C80842F0A20189C1A80840C46DFF90EFCCD109FFC8086E1A912000F77D
:20276000D9FF0C0054FF6E0B912000F7D9FF0C00D4F409D584096DFF8DE13C08912000F724
:20278000D9FF0C0009D28409F4F2A00FECD1CCD309F4CC086D00DE118FF203F16F0F1300C9
:2027A000912000F7D9FF100091200027D9221000142F962034FF09CF54085E44DA0789CF6B
:2027C0001408D4DF89CFB41940D46DFF93EC09CF34196E0909CFB419C83F481F09C0240961
:2027E0005F0F717F09CFDA082E0C09CFDA08BBE0FF0F260FACCD09CFDA089602ACCD3C056A
:2028000009CFDA089601ACCD1D00570109CF3419EE0B91200047D944F8FF6DFF4BEC89C261
:20282000B4191D004701A00D09CEB4191D00400191200027D92214005420CCE3481F5F0FD8
:202840002480912000F7D9FFF8FF09FFC80809E0C8087FF0188054EFEE031D002B01912097
:202860000047D944F8FF6DFF25ECBC2ABCD3F4D23C0389C2B419402440E56DFFBBF51D002C
:2028800019011D001701BD0D1C80912000F7D9FF140054F0CCE3481FA2F0EFF01100912062
:2028A0000047D944F8FF6DFF05ECBC2789C2B419402440E56DFF9EF51D00FC003C45912092
:2028C00000F7D9FF140054F0CCD3481FC21FA2F0EFF03B80CCE3481FC2FF912000F7D9FF67
:2028E000140054F0A20FEFFF308091200047D944F8FF6DFFDFEBF4A2BD022500912000F7CD
:20290000D9FF140054F0CCD3481F09D1C808421FA2F0EFF01200912000F7D9FF140054F01B
:20292000CCD3481FA2F089D0880809D4840909D4C8086DFF8FE2D4AFF4DFD4A440E56DFFC3
:2029400059F51D00B70040ED54EFDF0FB080CCE3481F912000F7D9FF140054F0A20FEFFF3A
:20296000A600CCE309F4CC086D00F4108FF203F12E031D009F0091200047D944F8FF6DFFE6
:2029800099EBF4E254EFDF0F9100912000F7D9FF140054F0CCE3481F09E1C808421FA2F080
:2029A000EFF01200912000F7D9FF140054F0CCE3481FA2F089E0880809E4840909E4C80876
:2029C0006DFF48E24CC909C0E808420F912000F7D9FF300009F0C008912000F7D9FF14003D
:2029E00054F14210A20FEFFF6100D4EFC83F09F4CC086D00AF108FF203F16F0F1900D4EFAA
:202A0000C83F09F4CC086D00A5108FF203F1B70F0140D4EFC83DD4EFC83F09FFCC08BBF027
:202A20000F0C260F6D009610A62FACD6D4EF4CC909C0E808420F91200027D922140054209F
:202A4000A20FACF4D4EFC814D4EF09F4C8086DFF01E2D4EFC83F09F4CC086D007B108FF293
:202A600003F116036E0382103C028200912000F7D9FF3000D4E2092FC808420FB4FF912063
:202A800000F7D9FF140054F0912000F7D9FF300009FFC00842F04CC909C1E808421F3E05EA
:202AA0003B8070406DFEE6C63C04D4EEBD0EC2FE40C46D00DF063C0440C46D00DB063C1BC8
:202AC000912000F7D9FF140054F04CC9A2F0EFF00F804CC909C0E808420FC2FF912000F781
:202AE000D9FF140054F0A20FEFFF060009CFDA089602ACCD0090404F91200027D922F4FF51
:202B0000142F2E223C6D7CF53B102F406DFEA5C691200027D922F4FF142F6F1F47009120E9
:202B20000027D92214005420489FA2F0EFF03D80489F09F0E808420F91200027D9221400CE
:202B40005420A20FEFFF318091200027D922F0FF542491200027D92214005425912000273F
:202B6000D9223000092FC00842F591100027D922486C4925120A91100027D922486C49260C
:202B80000E0A91200027D9222000D4220926C20891200027D9222000D4220927C00840F426
:202BA0006D00EB053C1D3C0D91200027D922F4FF142F2E0791200027D922E0FF542F6CF83F
:202BC00091200027D9223000092FC0086E0809FFDA089602ACFD40F46D007F013C01009063
:202BE000912000F7D9FF100091200027D9221000142F961034FF0090404D405C024A0259E6
:202C0000026F7CD53B600A406DFE18C67CC53B700A406DFE13C62E0382483C0282088244C1
:202C2000A0043BB00A506DFFB9DB402F7CF640C46DFF54E0A0023C532CFAA002F4F2E81C43
:202C400009CFC8087F8F06803B300B406DFEF6C509CFC808A28FACF43B40014040C46DFFB7
:202C6000CDDDDF02140091200027D922D4CF91200047D944D4CF094FCC28C21F892F8C28EE
:202C800040F46DFF1BEAA0023C2AC81209228409E832C83C09D4D6086D00400FB4C2C83CE6
:202CA00009D4D8086D003A0F89C28208C83C02946D00140F89C20409C83C8B0880F2CA383F
:202CC00086E8C2588FC82040A6A46D00270F89C28C08C832DA00AC2940F23C010090404FB2
:202CE000024A82088F3A00F1EE053B3041406DFE98C57CF53B5041406DFE93C56F1A0300D1
:202D000082186F08040082493C0282093B8003403B00286002956DFFB4DD402CBD0C1580EB
:202D200009FFDA089680ACFD912000F7D9FFD4CF91200027D922D4CF092FC428C21F89FFC4
:202D4000842882F23C7309C0CA087F9006803BD043406DFE66C509F51C1940F440C502A43E
:202D600002866DFF3EFF402CBD0C158009FFDA089680ACFD912000F7D9FFD4CF91200027B4
:202D8000D922D4CF092FC428C21F89FF842882F23C4DDA006E043B8000003C0282404CC349
:202DA0004B0F110276153B6044406DFE3AC509CFC8086E053B7044406DFE33C509FF2C1998
:202DC000EE0489FCAC193C0809F2AC193C02D422542FEEFEF42CDA0089FFA8186F1A0480C1
:202DE0006F0A070009FF1C19C21F89FF1C196F0A060009FFDA089620ACFD09FFE61809C4DD
:202E000084096DFF5EDE422F89FFA61809FFE6186E0B09FF3019EE0809FF2C19EE053B90F5
:202E200046406DFEFEC482023C010090404FDA006E03DA043C02DA007CF53BA086406DFE41
:202E4000E7C409F41019C2F46D00320E820540F402F402266D007C01402C7CC382F23C0F11
:202E60008204820540F440C56D00420240F7B04740F440C540F66D00EB013C010090200870
:202E8000404C7CC53B504E406DFEBBC409CF54085E153B704E406DFEB4C491200027D922CC
:202EA0001800D4227DC2058082021D003F0109CFE01809C0C8187F0F058009C8E0183C03CB
:202EC00009C8C81809CDAC197CDB09CFDA082E1640C46D0096041D0029011D001F0140C6BC
:202EE000B04640C440C56D000C04F4A27C2482C21D001C01BCC354CFEE0BBC23B0423C02F8
:202F0000A0027C2482C21D001101542074C0CCD348146D00C60D09C00419A20209D0C808E6
:202F200042027F281E8009CFE018FE8009CF3019EE0D09CF6128EE0ADA0089CF2028DA01F0
:202F400089CF2128DA0089CF222809CFDA082E1640C46D0056041D00E9001D00DF00DA00AF
:202F600089CF212809CEB019BCE53C02D4EE54EFEEFE1D00C00009D28C090924CC086D0085
:202F8000B00D8FF203F12E253BA053406DFE39C409CF30196E1C09CFDA081644EE1809CF39
:202FA0002C196E0D09CFAC1954FFEE1109CFAC1909FFC80809C0F2087F0F0A8009CFE4183E
:202FC0006E0609C0E618DA183FF00480DA013C02DA00EE0709CFDA0816A0EE031D00980013
:202FE00009CF54081E2CCCD309D28C09092FCC083B0001406D00750DA62FACF640D440C53D
:20300000D4A66D008E01762709CFDA089680ACCD1D008C00D4DF89CFAC1909CF54081E2762
:2030200009CFDA08BBC0FF0F260FACCDCCD309F4CC086D00560D8FF203F116036E038219C5
:203040003C028209CCD348146D002B0D09DFC808429F42F209CF1019A22FEFFF040089C22B
:203060001019CCD309F4CC086D003B0D8FF203F116036E0382103C02820009DFC808420FA8
:203080006E34A00FF4DF09CF3019EE0589CDB01940DE3C2ACCD348146D00030D022FCCE3FD
:2030A00048146D00FE0CA22FEFFF1D0049CF301A3C02D4FF54FF6E12D4F209228C09092468
:2030C00004096D00EE0C022F09D28C09092404096D00E70CA22FEFFFEEFFD4F2F4D2F4FD18
:2030E0003C03F4ED40DE3C0440D46DFFCAE709CDAC19BCDDCCD348146D00D30C09CF0419B1
:20310000A2F209DFC80842F27F2837FF09CF2C19EE04DA0089CFA81809CFDA08BBF0F70FE6
:20312000260FACCD82023C0100902010404F0B451088026A7CF53B6074406DFE58C309FF2F
:20314000D608B4AF09FFD808ACA2DA102CA809FFEA08ACA6489402850B9A10686D001700EA
:20316000BC26489F09F0EA08420F6CFB3C0100900B541088027F09AAC00809ABC40809ACEE
:20318000480809ADCC083B4002408B48015042653B0028606DFF4EDB402CBD0C2D0009C04A
:2031A000CA088B4801107F1006003B7072406DFE11C3CCC102A46D007D0CB4F202B46D0036
:2031C000790CA8126CF102946D00540C68228B0880F2CA3886E8C2588FC82040A6C46D0049
:2031E000690CA86202D46D00650CA872DA00ACF8DA00ACF940C23C0100902008404F405C63
:20320000406D407E7CC53BA078406DFED8C240F440D540E66D0053027C2640C46DFF1FDD2B
:2032200082C23C09F4A240F440C540D640E76D0006003C0100902008404F405CF4A6407D0F
:2032400009AE88097CE53B107A406DFEB6C2BCF408B408A53C043BF00F408205912000F7DB
:20326000D9FFD4CF91200027D922D4CF092FF818C21F89FFB818826640C4D4A540D640E73A
:203280006DFF2BCF022F40C46DFFE7DC02F23C010090405F024F82087CF53BA075406DFEBD
:2032A0008AC2C81F49F2140A2E0382403C028200534820F010FF01F000F649FF140A7DF259
:2032C00006003B9077406DFE76C20090404F405D406E7CF53BC05B406DFE6AC27CD53BD05F
:2032E0005B406DFE65C27CE53BE05B406DFE60C240F46D008D00762482021D008600C83C0A
:2033000009D424096D00A40B89C20809C83C09D4EA086D00BD0B89C28E084CD909D0EA0852
:20332000420F6CDBC832492C140A08AF6F0F12003B405B4040D5B04540E46DFFC9E1B7020E
:2033400010487B4020F0A6F46D00820B74C2B04C09DFB008CEF4DA0089DFB0084CDDEE0E03
:2033600091200027D922E0FF542F6CDDC832092404096D006D0B89D23809483FC812092090
:203380000409A20F370F70F0EE01C812C8140940CA08A2F089208A08C812C8140940C8086D
:2033A000A2F089208808C812C83489248409C832DA00AC2808AF2E03DA043C02DA00C832B2
:2033C00010224922140A7D2C06003B0062406DFEEFC191200027D922D4CF91200047D94400
:2033E000D4CF094FF818C21F892FB818C81440D6B04609D44B0809D54A08826640D540E7ED
:203400006DFF66CE3C010090404F7CF53BE059406DFECCC1C81F08EF1E1382123C0382022D
:203420003C0100900248025F0269404C405F7CC53BB00E406DFEB8C17CF53BC00E406DFEFB
:20344000B3C13B0028600B8910486DFFDDD9402F7CF3A0023C0F54F076053BE010406DFEC7
:20346000A3C109F0CA08A2F0B4C0ACF4ACF540F23C010090404C7CC53B506C406DFE8CC11B
:2034800009CF3019EE0382A23C3509CDB01940D46DFFB2FF762382A23C2DD4D289C2B019D5
:2034A00049CE2C1A3C02D4EE54EF6E0ED4EFC83F48146D00C10A022FCCD348146D00BC0A33
:2034C000A22FEFFFF2FFD4EFF4DFF4ED54DFEE04DA0089CFA81809C04218DAFF7FF00780BC
:2034E00009CF4218C21F89CF0218DA006CCD82023C010090404F7CF53BD06F406DFE4CC1B1
:2035000009FF30196E3909FFDA086F2F368040F46DFFB2FFDF02318009FFC81809F0E018B9
:203520007F0F058009F0C8183C0309F0E0188B0080F2CA1086F089F08A1809FFCA1809F024
:20354000F208532020007F0F088009FFF208532F20F089FF8A1809FFF208823009F1CA187A
:20356000030F0AF189FF881809FFDA089604ACFDDA0089FFB0080090404F7CF53B106B4049
:203580006DFEFCC040F46D002900F62440F46D0005000090404F7CF53BC069406DFEECC02F
:2035A00009F04218DAFF7FF0078009FF4218C21F89FF021840F46DFF1FFC0090404C7CC5EC
:2035C0003B7066406DFECCC009CF3019EE0382A23C3C09CDB0193C0840D46DFFF1FE76230A
:2035E00082A23C33D4DD54DFEEF840D46DFFE8FE762382A23C2A09C2AC19F4D209C2B019FB
:2036000089C2AC19A00F89CFB01909CFDA08B71F81F5ACCDCCD309F4CC086D00110A8FF2D2
:2036200003F116036E0382183C028208CCD348146D00E60909DFC808428F42F289C20C1926
:20364000DA006CCD82023C010090BC480C486E06094448086DFFBBD73C0540646DFFB7CDCA
:203660003C010090404F405C406D40F440C540D66D000A00BC2740F4402540C640D76DFFDA
:2036800083FD00902010404F0B451088406C0B6710A87C553B407C406DFE56C07CC53B5048
:2036A0007C406DFE51C0DA006E03824C3C02820C3B00E8D002846D009709B4AA89AB840849
:2036C000DA142CA889AD8C0882060B9C104802276DFF0AFD402C7CC3A0023C09820482059C
:2036E00040F440C56DFFA0FD40C23C0100902008404F405C406DBCFFA00440C540D66DFFD3
:20370000B8FFBC28F4AFA004402540C640D76DFF50FD3C010090404FDA0082087CF53B0020
:2037200083406DFEFABF2E0382493C02820909F410196D004209820540F4029402266DFF1A
:203740008CFC402C7CC709FFDA089603ACFD82E23C1B40F440C50BF810486DFF4EFD40F7C9
:20376000B04740F440C540F66DFFF7FC762609FFDA089603ACFD3C0709FFDA08BBC0FF0F06
:20378000260FACFD3C010090404D7CD53BF03E406DFEBCBF09DF2C196E1F09DFAC193C026C
:2037A000D4FF54FFEEFEC8320924CC086D001E098FF203F11607EE10C83CC83F09FFCC08F1
:2037C00082146D001309A62FACC609DFDA089620ACDD82023C06821440D46DFFF7F93C0171
:2037E0000090404C0248A00D7CC53BE034406DFE8ABF09CFAC197CF482F21D00C000F68856
:203800003B6035406DFE7FBF82A21D00B80009F0C8083F08058082021D00B10009C0F2084C
:203820007F8006803BE035406DFE6DBF09F0C808F6053BF035406DFE66BF08A96F090400BB
:20384000824A3C02820A09F0C808A280370070B03B8003401AAB370F70503B0028606DFF98
:2038600082D7402E7CE23C72C8120920C80809F1C808A210428037007050C81409E2840919
:20388000012A005602B46DFFCED85FB203003C5EC8320924CC086D00A6088FF203F1820A1A
:2038A0002E35B70F81F18F8A40A12E05B70F01F08F1A40A1C832092404096D0074080B8255
:2038C000005040C440E502A402966DFFFCF8402D7CD3A00E3C3B09C8E618C8146DFF63D89E
:2038E000A22889C8A618C814C8120920C808A2B0370070406DFFF7D909F0C808A2B0A840C8
:20390000C83EC8320928CC0802F46D006C08A62889E88C0809CFE618C8146DFF44D8422F4D
:2039200089CFA61809CFE61809D484096DFF3BD8422F89CFA618D4F2F4D2F4FD54DFEE0489
:20394000DA0089CFA81882023C19912000F7D9FFD4CF91200027D922D4CF092FC428C21FFE
:2039600089FF8428BCD53BC03D406DFECCBEBCE440E46DFF18D982F23C0100902020404CE7
:2039800089A58C090248A00DA00EA00FF802A00FF8048209820089A08408820A7CC53B00A1
:2039A000FF2F1D00D50109C1F20809C0E2188B0080F2CA1086F07F01050009CBF2083C087B
:2039C00009C0E2188B0080F2AB1020BF86FB76B23C0309CBF2088F1540C1D8037CF53B00AB
:2039E000FF2F1D00B50140C402846D00B90176231D00AE0109CDE618DA006E03824E3C0283
:203A0000820E09CF2C196E4F09CDAC193C02D4DD54DFEEFE0CDA2E03DA043C02DA0009D0AD
:203A2000C80842F07F0B06003B901E406DFE68BE09D0C80842F05A0B370F70F009C0E8188B
:203A400089A0840809C0E818BF10248009A0C4087F0F06803BB01F406DFE52BE40DE09A060
:203A6000C4087F80058009A0C4083C0202807F0F040002FA3C0909AFC4087F8F058009AA24
:203A8000C4083C02028A42A909AFC408A2AFACA209AFC4086E075F8906003B3020406DFE65
:203AA0002FBE3C0809CFE8186E053BD024406DFE27BE1D009A005A98370F70F078055AEBBA
:203AC000370F700058057F0F03803C0389A014096F0C2D00A002D804012F00F434AF3B8055
:203AE0000340580542EF370F705049A4040A02B640C502C76DFF44FC402E7CE31D00FD00DB
:203B000009E0CA0858057FF006803B9026406DFEF7BD09E28409012E0046D80301F9005630
:203B200009A414096D060CDC3C2D09AFC4086E053B4027406DFEE4BD3B800340821609A5CE
:203B400014096DFF0DD689A298097C231D00D500D80301F90026D806E8123B8003403B0090
:203B6000286002E56DFFFCD5402E7CE709A498096DFF16D81D00C10040E409A598096DFF63
:203B8000CFD640E46DFF0CD7422D370D70D0DA016E03DA183C03BBC0FFFF7FDF078040E41B
:203BA0006DFFFED71D00A900820409C51C19429540C440E582066DFF83F7402E7CE31D001D
:203BC0009C00D8047CF489AE90093C08D8027CF53BE02A406DFE94BDF4FE89AE8809580546
:203BE00042F9370970903F8968FFBF1A1F80CCD13C1509FFC80842AFACF454FFEE0EC81223
:203C000009FFCA08102409A58C0902A46D0698DB09FFCA0842AFACF5D4FFBD0FECFF09DFE9
:203C2000C80842FA89DA880809AFC40889CFA818A00FBD0F13007CD53B302E406DFE60BDA9
:203C400009D48409A0056DFF6BD609DFC8080500080C420FACD43C1FDA006E1DBCD34CD19A
:203C6000EE053B902E406DFE4BBDCCD13C0609FFC808C20FACF4D4FF54FFEEFA09FFC80897
:203C8000C20FACF409FFCA08C20FACF509DFC808C20FACD47CD5D80489CFAC193C03D804F9
:203CA000F4DF09CF1C19428F89CF1C1909CFE418A28F89CFA41889CDA61876DB09CF301927
:203CC000EE0809CF2C19EE053B5031406DFE18BDBD0E11004CE36E0E6F1C0D80CCE309E269
:203CE0008C09092FCC083B8000406D007906A62FACF682023C2C09CFDA089680ACCD9120DF
:203D000000F7D9FFD4CF91200027D922D4CF092FC428C21F89FF8428A00FBCF4A0046DFF13
:203D20003FD7D804BCF509A490096DFF39E109CFE6186E0B09CF3019EE0809CF2C19EE059E
:203D40003BA032406DFEDCBC82F23C010090404F02487CF53B6013406DFECBBC09FF540844
:203D60001E4D09FF54081E7A09FF54081E2709FF54081E343B50FF2F3C45F68382023C42C8
:203D800009FFE4187F8F088009FFDA089680ACFD82F23C38DA016E03DA183C03BBD0FFFFF2
:203DA00009F0E6183FF0158091200027D922D4CF91200047D944D4CF094FC428C21F892F3D
:203DC000842809FFDA089680ACFD82F23C1B09FFE6186E0C09FF3019EE0809FF2C19EE05BC
:203DE0003B8015406DFE85BC3C0B09FF3019EE0409FF2C196E053BB015406DFE7ABC820258
:203E00003C010090404CDA006E0382483C0282087CC53B5089406DFE67BC09CFAC197CF33D
:203E200082023C6009C06228DAFF7FF0078009CF6228C21F89CF22288209C8320924CC08D5
:203E40006D00C2058FF203F12E0509FFC808EE028219769382053C028215C8320926040988
:203E600040C402846DFFE0F8402E7CE382F23C3A09ED8409769D09DFCC08BBF00F0C260F70
:203E80003B1001406D00A005A62FACD63C1109E284094925140AC8148214C812092FC80888
:203EA00009F0C808A20F370F70506DFFADD5C83F48146D006905C21209CF1019A22FEFFFC2
:203EC000040089C210198204820540C440E56DFF7BF940C7B04740C440E540C66DFF24F99E
:203EE0003C010090404FC8122D0200006DFE2CDA91200027D9223400542454FF42F45A2466
:203F0000BBF0FF0F9BF0FF077FF00480DA013C02DA006E0B54F4422491300047D94480485D
:203F200040F56D0031003C0891300047D944804840F56D0029000090024F404F405CBBF0FB
:203F4000FF0F9BF0FF037FF006803B9012406DFEC5BB6DFEF3D9122440F440C56D000E00A8
:203F600000900248404F405C8254A0043BC00B506DFF59D17C277C253BE00B406DFEA3BB63
:203F80003C4EA004F424EC22892C8C0989280409912000F7D9FF380054FFEE07912000F71D
:203FA000D9FF3800F4F23C3B912000F7D9FF3800D4FF481F0BF88000BBF0FF1F9BF1FF17B4
:203FC0007F010480DA013C02DA006E0D912000F7D9FF3800D4FFF42F912000F7D9FF380009
:203FE000F4F23C1D912000F7D9FF3800D4F43C15544F6E0ED44F481F5AF8BBF0FF0F9BF072
:20400000FF077FF00480DA013C02DA006E05D44FF42FF4423C04D444BD04ECFF0090821897
:204020003C19538820F0910000F8D9FFBC3010FF54F491300047D9448048538820F0910033
:2040400000F8D9FFBC3010FF80FF60F56DFF69FFC218BF28E8FF0090912000F7D9FF3C00F9
:2040600054FFEE1C912000F7D9FFD0FF54FFEE07912000F7D9FFECFF54FF6E10912000F768
:20408000D9FF3C00DA0174FF3BA00F4091300047D94480C8A0056DFF41FF00906DFFE0E119
:2040A000912000F7D9FFD0FF54FFEE07912000F7D9FFECFF54FF6E0B3BA00F409130004700
:2040C000D94480C8A0056DFF1BFF3C07912000F7D9FF3C00DA0074FF0090404C405D7CD5FA
:2040E000910000D7D9DD3C107CC43B00FF2F3C4E820891200027D9220010D42F3C067DFCF8
:20410000048082183C04C83FBD0FFBFFF6486D0076020224F64382823C393C23912000F772
:20412000D9FF0010D4FF3C1B7DFC19000CC92E24089F6F2F148009FFD208FE40DA016E0A68
:2041400054F054DF3E09BCD854DF6E06BCF554FF6E03DA006E0382823C19C83FBD0FE6FF95
:204160007CD3DA003C0254DF74CF89C49208F68C912000F7D9FF0010D4FFECC3912000F73F
:20418000D9FF0010F4FC82023C0100902008F4A4405CD4A27C253BF00C406DFE79BA7CC52D
:2041A0003B000D406DFE74BA91200027D922D4CF91200047D944D4CF094FE218C21F892FC5
:2041C000A218D4AF09FFCA08FF8F2180912000F7D9FFD4CF91200027D922D4CF092FEA18C6
:2041E000C21F89FFAA18912000F7D9FFD4CF91200027D922D4CF092FE618C21F89FFA6189E
:20420000D4A46DFF95D41D003F01C81F91100027D922486C0924120991100027D922486CD7
:20422000D4246DFFE5C7022809F4C0086D00A003022909F4C2086D009B03022AA00DA00EEB
:2042400091200027D9220010D42F3C5C09F0D2085FA0578040F440C502846D001901DF0210
:20426000500009F050086F201E807CE340FE3C1ADF08150091100027D922486C092F1209B7
:204280005EFDDA016E0454E04CC13E07DA016E0554F04CC17E0240FE3C05BCF454FF6E02DF
:2042A00040FE09FFD4085F9F2C80481F6E0A481F91100027D922486C09200E095F0F218026
:2042C000BD0D1100C83289D28C0991200027D9220010D422E83291200027D9220010F42F20
:2042E0003C0E91200027D922D4CF91200047D944D4CF094FF618C21F892FB6183C0540FDFB
:20430000C83FBD0FA5FF7CF240EFBCF3DA013C094CC191100027D922486C092012093A0FA9
:20432000DF0FAF003B800040D4A46DFF01D5DF0218003B0017406DFEABB9912000F7D9FF51
:20434000D4CF91200027D922D4CF092FE618C21F89FFA618D4A46DFFEBD31D009500BD0FC7
:204360005500089F6F2F3D00F68C91100027D922486C092F12098F0F0F01DAE05F0F318093
:2043800091200027D9220010D42D3C287DFD250009DFD2085FAF218040D440C502846D00B9
:2043A0007700DF021A004CD66E1782043B201850D4A46DFFCDD24026BC6F09D2980909D42E
:2043C0009C0991100057D955486C49570E0A40D502942D02000009DD8C09BD0DD9FF486FF8
:2043E0006E0FC862C87491100057D955486C49570E0A40F5D4A602942D0200003C05D4A41B
:204400006DFF96D33C403C3BDF081D80911000F7D9FF486C09FF120916F03B000E00BE02FA
:20442000911000F7D9FF486C09FFCC088B8F00F0370F5040D4A46DFFCBD38234D4A46DFF80
:2044400007C7912000F7D9FFD4CF91200027D922D4CF092FF018C21F89FFB018912000F7DC
:20446000D9FFD4CF91200027D922D4CF092FE618C21F89FFA618D4A46DFF5AD33C04D4A425
:204480006DFF56D33C010090404F405C02487CF53B7008406DFEFAB87CC53B8008406DFE15
:2044A000F5B8088F6E10088091100027D922486C09228409092F7008C21F370F68F03E0313
:2044C00082023C3BDA006E087685089FAE5382023C3482123C32DA016E2EDF082000089FD3
:2044E0006F5F1C00BD0F180054FF6E1591100027D922486C092F12091EFE54F04CC226F0CA
:20450000911000F7D9FF486C09F112094CC226F15F10048082123C113C0EBCFB54FF6E099E
:2045200054FF911000F7D9FF486C09F012097E0382123C0382023C010090BD041600544FD1
:204540006E13BD051200545F6E0F912000F7D9FF0010D4FF3C0754FF54407E03545F74FFA2
:20456000C83FBD0FFAFF00908214A0043BD04C506DFF2CCE402FBCF982043B00025040F42D
:204580006D0684D6DAFF2CFB40F23C0100906DFFE0FF3C0100908200910000F7D9FF2834F9
:2045A00009F1C008910000F7D9FF283491000027D9222834092FC008C21FB4FFBBF0FFFF31
:2045C0007E18910000F7D9FF2834BB0000FCB4FF912000F7D9FF0010D4FF3C1309FFD2088B
:2045E00091000027D92228340921C0087E19C2103BF0FFF37F0F040082023C0C3CCEC83FC5
:20460000BD0FEEFF910000F7D9FF283409F2C0083C0100907C423C058945980989469C09B3
:2046200000907C423C25912000F7D9FF0010D4FF7D4F0A80912000F7D9FF001009428C09A2
:20464000F4F23C13912000F7D9FF0010D4FF3C0B483F6E08C8327D42068009428C09E83245
:204660003C04C83FBD0FF6FF82146DFF0CCD0090404F405C406D02487CF43B00FF2F3C2E62
:204680007CC43B00FF2F3C2A7CD43B00FF2F3C263C0382A23C23088F6E0508846DFFFACE64
:2046A0003C0440D46DFFF6C4BD021180912000F7D9FFD4CF91200027D922D4CF092FEE1859
:2046C000C21F89FFAE1882C23C0940F440C540D6028440276D000E003C01009020087C44B6
:2046E0003B00FF2F3C257C543B00FF2F3C217C643B00FF2F3C1D7C743B00FF2F3C193C03CB
:2047000082A23C16BC48544F6E06544F16F03B000E007E04407FB04F3C0754404C713E0301
:2047200082C23C06404FF4AF6D000A003C0100902008404C405D89A684090248F4A77CC54A
:204740003B00FF2F1D0096007CD53B00FF2F1D009100D8017CF53B00FF2F1D008B0009A2CF
:2047600088097C253B00FF2F1D008400D4AF7CF43B00FF2F3C7EDA016E023C0382A23C7984
:204780000CC9AE59D80154F4D4A46DFFE3C4762382A23C6F09CFD208EE08820440C440C5F2
:2047A0006DFF48FC76223C6509DFC8088B8F00F0370F70F009D0C8087F0F048082F23C59E4
:2047C0003B80004040D46DFFF5CEDF0216003B4002403B8000503B0028606DFF3BCF402E35
:2047E0007CE382F23C4609DFC8086E0540E440D56DFF40D03C0240DE09EFCA08FF8F06804A
:204800003BD030406DFEF6B6CCE109C4D2086D006100B4F202846D005D00A812DA00ACF3BB
:2048200009E4C8086D005600A8223B10016009C44B0809C54A0840E409A5880909A68409A3
:20484000D4A76DFF77C302287DDE050040E46DFF21D1912000F7D9FFD4CF91200027D92235
:20486000D4CF092FE018C21F89FFA01802823C010090BB0068499B84C1446D00D819913044
:204880000047D9447C099110025F6D00DE0C913000F7D9FF7C0949F4080A91300057D9552C
:2048A0007C096D00C00C91300047D9447C09B0449100025F6D00C90C913000F7D9FF7C0953
:2048C00049F40C0A91300057D9557C09B0456D00AA0C6D0005006D00E90000906D002702B4
:2048E000913000F7D9FF7C0949F4100A913000F7D9FF7C0949F5080A6D00110D913000F7A4
:20490000D9FF7C09DA0389FF1408913000F7D9FF7C093B90D0F3065F6CF6913000F7D9FFBF
:204920007C09DA0189FF2938913000F7D9FF7C09DA0089FF1708913000F7D9FF7C09DA02A7
:2049400089FF1608913000F7D9FF7C09DA0289FF3408913000F7D9FF7C09DA0489FF350844
:20496000913000F7D9FF7C09DA0089FF3708913000F7D9FF7C09DA0189FF0818913000F731
:20498000D9FF7C09DA0089FF0A18913000F7D9FF7C09DA0089FF0918913000F7D9FF7C0989
:2049A000DA0189FF1018913000F7D9FF7C09DA0289FF3C08913000F7D9FF7C09DA0089FF38
:2049C0003D08913000F7D9FF7C09DA0089FF3E08913000F7D9FF7C09DA0289FF061891307D
:2049E00000F7D9FF7C09DA0289FF0718913000F7D9FF7C09DA0189FF0418913000F7D9FFBC
:204A00007C09DA0189FF051891300027D9227C09913000F7D9FF7C09484F892F14199130D7
:204A200000F7D9FF7C09DA0089FF9818913000F7D9FF7C09DA8089FF9A18913000F7D9FFD7
:204A40007C093B0018F089FF9C18913000F7D9FF7C093B0040F089FFA418913000F7D9FFFE
:204A60007C0949F4087A913000F7D9FF7C0949F5100A6D00F20B913000F7D9FF7C0909F409
:204A80008C7991000058D95530B03B00014082056D00C20191000048D94418C03B00084096
:204AA00082356D00D3010090913000F7D9FF7C0949F42C3A913000F7D9FF7C0949F50C0A4D
:204AC0006D002D0C913000F7D9FF7C09DA0089FF3038913000F7D9FF7C093B90D0F3065F49
:204AE00089FF3439913000F7D9FF7C09DA0389FFBC38913000F7D9FF7C09DA0E89FF3E3858
:204B0000913000F7D9FF7C09DA0389FF3F38913000F7D9FF7C09DA0189FFBA38913000F782
:204B2000D9FF7C093B90D0F3067F89FF0049913000F7D9FF7C09DA0089FF8848913000F735
:204B4000D9FF7C09DA0E89FF0A48913000F7D9FF7C09DA0389FF0B48913000F7D9FF7C0954
:204B6000DA0189FF8648913000F7D9FF7C09DA0189FF0578913000F7D9FF7C09DA0189FF97
:204B80003338913000F7D9FF7C09DA0289FF3238913000F7D9FF7C09DA0289FF1048913035
:204BA00000F7D9FF7C09DA0889FF1148913000F7D9FF7C09DA0789FF1348913000F7D9FF75
:204BC0007C09DA0189FF2448913000F7D9FF7C09DA0789FF2648913000F7D9FF7C09DA079F
:204BE00089FF2548913000F7D9FF7C09DA0189FF2C48913000F7D9FF7C09DA0289FF1848FB
:204C0000913000F7D9FF7C09DA0089FF1948913000F7D9FF7C09DA0089FF1A48913000F72B
:204C2000D9FF7C09DA0289FF2248913000F7D9FF7C09DA0289FF2348913000F7D9FF7C0950
:204C4000DA0189FF2048913000F7D9FF7C09DA0189FF2148913000F7D9FF7C0991300027AB
:204C6000D9227C09092F2C3989FF3049913000F7D9FF7C093B0080F089FFB448913000F71A
:204C8000D9FF7C093B0088F089FFB648913000F7D9FF7C093B0098F089FFB848913000F766
:204CA000D9FF7C093B00D0F089FF8058913000F7D9FF7C0949F4247A913000F7D9FF7C0937
:204CC00049F52C3A6D00C90A913000F7D9FF7C0909F4A87991000058D9551CB03B0001405E
:204CE00082056D00990091000048D94404C03B00084082356D00AA006D000300009091404B
:204D0000004FD944400B8264DA803B000850A6F56D00F416914000FFD9FF400B82607B1097
:204D200000F00F0F10F06CF10090910000F7D9FF08009140002F192F245C74FF6D003B002D
:204D4000F62B910000F7D9FF04009140002F192F245C74FF3C2E6DFFE7680228913000FF84
:204D600019FF28A616013C016E03DA013C02DA006E0402846DFFEA67914000FFD9FF245CB8
:204D80003B00020082010203021249F240080D0080046E0402846DFFFB686D000C00910055
:204DA00000F7D9FF04009140002F192F245C74FF00903B0071023C25DF001880910000F747
:204DC000D9FF0C0091000027D9220C00542FC21F74FF910000F7D9FF10009140002F192FA1
:204DE000245C74FF82023C16910000F7D9FF140091000027D9221400542FC21F74FFC2F026
:204E0000914000FF39FF275C370FE1F3EED682123C010090404C405F0258C82408CF370445
:204E2000685002F46D006A16C82408C402856D00991609CF401809F05008370F03F089CF6A
:204E4000001882123C010090404F0258C82408CF09F55008A64502F46D005016C82408C46B
:204E600002856D007F1682123C01009020080B451088026A74A73B0020203B0010303B8000
:204E80000040821582163B8000704B0961B18B030800C210821C3C404B0C41114B1851D063
:204EA0004B0961114B1D51104B0131E1F6E23C364B0E41114B1D51D04B0961116B0131FD27
:204EC00082014B1F01F0AE064B0961F16B0F311D3C074B0961F16B0F31FD67FFBF1F7F4E30
:204EE00003003C1C3FE018004B1B01F016068B0F20F26E1102C502E7021BDA143FEF0C008D
:204F0000BBD0CCFC9BCFDCF34BF101F0370F61F06E023C04C21C7FC2C17FF6559A127EC3FA
:204F200002250207F6557F4E0400821502474B0A61F17B00E8034B0F41807F3703000273EF
:204F4000023402393C199A193B007102E2F04B7001220BA280000B00C0014B0041114B1881
:204F60000110370161F16E0402944B0041817FA203003C04C2F9FF39E87F5A4792F3DA8043
:204F80007F3F04003B000830FF23030082233B0000249BC26124821A3C163B007102E2A0B3
:204FA0004B70018254A00B0880000B00C0014B0041114B120110370161F16E0402A64B0066
:204FC0004121C21A7FA3EB7F094FDE48C2F537057000370F09F0894F9E48094F5F48C2F672
:204FE00037066800370F87F0894F1F48094F5D48C2F437046800370F08F0894F1D48094FE7
:205000005C48C2F337036800370F07F0894F1C48009020080B451088026A74A73B00022098
:205020003B0002303B800040821582163B8000704B0961B18B030100C210821C3C404B0C76
:2050400041114B1851D04B0961114B1D51104B0131E1F6E23C364B0E41114B1D51D04B09BB
:2050600061116B0131FD82014B1F01F0AE064B0961F16B0F311D3C074B0961F16B0F31FD93
:2050800067FFBF1F7F4E03003C1C3FE018004B1B01F016068B0F20F26E1102C502E7021B02
:2050A000DA143FEF0C00BBD0CCFC9BCFDCF34BF101F0370F61F06E023C04C21C7FC2C17F69
:2050C000F6559A127EC302250207F6557F4E0400821502474B0A61F17B00E8034B0F418044
:2050E0007F3703000273023402393C199A193B007102E2F04B7001220BA280000B00C001B2
:205100004B0041114B180110370161F16E0402944B0041817FA203003C04C2F9FF39E87F21
:205120005A4792F3DA107F3F04003B000130FF23030082233B0000249BC26124821A3C1638
:205140003B007102E2A04B70018254A00B0880000B00C0014B0041114B120110370161F1F9
:205160006E0402A64B004121C21A7FA3EB7F094F4E48C2F537056800370F05F0894F0E484E
:20518000094F4C48C2F637066800370F04F0894F0C48094F4D48C2F437046800370F05F0DF
:2051A000894F0D48094F4C48C2F337036800370F04F2894F0C480090DA003E46DA01BE414F
:2051C000DA02BE4B3C25094F5948B70F01F0894F1948094F5948B70F81F0894F19483C18E3
:2051E000094F59489601894F1948094F5948B70F81F0894F19483C0C094F59489601894FCD
:205200001948094F59489602894F19483C010090FF840A804C45534420000F051050A65FC8
:205220006C453C0F4C4682006740830F370463102B012001534020000F051050A65F6C464C
:205240000090404F6DFF5C66022802846DFF56659110003030F3D9330008143FB70F01F018
:205260009110003030F3D9330008343F3C019110003030F3D9330008143F370FE1F0BA0F3B
:205280003C016EF602846DFF5B66009082F282003C17538020F0910000F8D9FF2CC010FFA2
:2052A000D4FF7D4F0D80538020F0910000F8D9FF2CC010FF481F370F48203C04C210BF207D
:2052C000EAFF3C0100906D0089143C0100902008024F6DFFDDFF910000F8D9FF200009F204
:2052E000C00989A2C009534F2000534220F010AFD4FF01F000263C010090911000303043D0
:20530000D93330085430DA0137F0810FDA0137F0010F911000303043D93330087430DA001B
:205320003E48DA013E49DA023E4ADA033E4B3C0D375002003C0A375002013C07375002024B
:205340003C04375002033C01911000303043D93330087430DA0037F0810FDA0037F0010F76
:20536000911000303043D933300874300090405C406F0B451088094D840909DF58481601BC
:20538000DE1709D05848B700810089D018483C0109D058486F10FEFF09D05848B70001F05B
:2053A00089DF18483C0109DF58486F0FFEFF09DF5848960189DF18483C0109DF5848160122
:2053C000DF1FFDFF09DF18498210370F01F08210370F81F089DF18496DFF77FF022F768A9C
:2053E00054C509C6C40809C7C60840D402F46DFF3FFDDF091A00768A54F509F6C40809F793
:20540000C60840D402F46DFF06FE08CF6E0D08C009DF4E48968089DF0E4809DF4958370F09
:2054200007F089DF095809DF5848B70F81F089DF18483C0109DF58486F1FFEFF09DF58484D
:20544000B70F01F089DF18483C0109DF58486F0FFEFF0090CC41145F6E06145F1E24145FE1
:20546000DF4F938009FF58481601DE1709FF5848B70F81F089FF18483C0109FF58486F1FFD
:20548000FEFF09FF5848B70F01F089FF18483C0109FF58486F0FFEFF09FF5848960189FFA1
:2054A00018483C0109FF58481601DF1FFDFF09FF18498210370F01F08210370F81F089FF93
:2054C0001849146F6E03146FDE2F09F0C468094FCC0886EF37F00EF189FF846809F04668E0
:2054E0000C6137F008F089FF066809F040680C6A37F002F289FF00680C685E1609FF406870
:20550000960289FF0068146F1E14146FDF2F278009F0C868094FCE0886EF37F00EF189FF9C
:20552000886809F010694C6137F01DF089FF106909F04A680C6237F007F089FF0A6809F0FD
:2055400040680C6B37F002F189FF00680C695E1609FF4068960189FF006809FF5848B70F94
:2055600081F089FF18483C0109FF58486F1FFEFF09FF5848B70F01F089FF18483C0109FFD6
:2055800058486F0FFEFF0090404C405F09CD840909DF58481601DE1709DF5848B70F81F07F
:2055A00089DF18483C0109DF58486F1FFEFF09DF5848B70F01F089DF18483C0109DF584807
:2055C0006F0FFEFF09DF5848960189DF18483C0109DF58481601DF1FFDFF09DF18498210B8
:2055E000370F01F08210370F81F089DF184909FFDE08EE0509FF6008DF1F2180820409F5EE
:205600005C0840D46DFF06FED4C409F45C086DFF60FE09F0600809FFDE081421370F68F0BD
:2056200037F108F0342F0C21370F83F12C210C2396022C230C2196042C2109FFE408EE05A2
:2056400009FF6608DF1F2180821409F5620840D46DFFE0FDD4C409F462086DFF3AFE09F03E
:20566000660809FFE4081421370F68F037F108F0342F0C21370F83F12C210C2396022C2328
:205680000C2196042C2109FFEA08EE0509FF6C08DF1F2180822409F5680840D46DFFBAFDA3
:2056A000D4C409F468086DFF14FE09F06C0809FFEA081421370F68F037F108F0342F0C217D
:2056C000370F83F12C210C2396022C230C2196042C2109FFF008EE0509FF7208DF1F218085
:2056E000823409F56E0840D46DFF94FDD4C409F46E086DFFEEFD09F0720809FFF008142165
:20570000370F68F037F108F0342F0C21370F83F12C210C2396022C230C2196042C2109FF02
:20572000F608EE0509FF7808DF1F2180824409F5740840D46DFF6EFDD4C409F474086DFFA9
:20574000C8FD09F0780809FFF6081421370F68F037F108F0342F0C21370F83F12C210C234C
:2057600096022C230C2196042C2109FFFC08EE0509FF7E08DF1F2180825409F57A0840D498
:205780006DFF48FDD4C409F47A086DFFA2FD09F07E0809FFFC081421370F68F037F108F0B8
:2057A000342F0C21370F83F12C210C2396022C230C2196042C2109FFC218EE0509FF4418EF
:2057C000DF1F2180826409F5401840D46DFF22FDD4C409F440186DFF7CFD09F0441809FF20
:2057E000C2181421370F68F037F108F0342F0C21370F83F12C210C2396022C230C21960468
:205800002C2109FFC818EE0509FF4A18DF1F2180827409F5461840D46DFFFCFCD4C409F4F8
:2058200046186DFF56FD09F04A1809FFC8181421370F68F037F108F0342F0C21370F83F1CB
:205840002C210C2396022C230C2196042C2109FFCE18EE0509FF5018DF1F22803B800040E5
:2058600009F54C1840D46DFFD5FCD4C409F44C186DFF2FFD09F0501809FFCE181421370F1A
:2058800068F037F108F0342F0C21370F83F12C210C2396022C230C2196042C2109FFD418DB
:2058A000EE0509FF5618DF1F22803B90004009F5521840D46DFFAEFCD4C409F452186DFFD7
:2058C00008FD09F0561809FFD4181421370F68F037F108F0342F0C21370F83F12C210C23AF
:2058E00096022C230C2196042C2109FFDA18EE0509FF5C18DF1F22803BA0004009F558181B
:2059000040D46DFF87FCD4C409F458186DFFE1FC09F05C1809FFDA181421370F68F037F1D4
:2059200008F0342F0C21370F83F12C210C2396022C230C2196042C2109FFE018EE0509FFB3
:205940005618DF1F22803BB0004009F55E1840D46DFF60FCD4C409F45E186DFFBAFC09F098
:20596000621809FFE0181421370F68F037F108F0342F0C21370F83F12C210C2396022C230D
:205980000C2196042C2109FFE618EE0509FF6818DF1F22803BC0004009F5641840D46DFF9D
:2059A00039FCD4C409F464186DFF93FC09F0681809FFE6181421370F68F037F108F0342FD1
:2059C0000C21370F83F12C210C2396022C230C2196042C2109FFEC18EE0509FF6E18DF1FDE
:2059E00022803BD0004009F56A1840D46DFF12FCD4C409F46A186DFF6CFC09F06E1809FF3A
:205A0000EC181421370F68F037F108F0342F0C21370F83F12C210C2396022C230C2196041B
:205A20002C2109FFF218EE0509FF7418DF1F22803BE0004009F5701840D46DFFEBFBD4C401
:205A400009F470186DFF45FC09F0741809FFF2181421370F68F037F108F0342F0C21370FB4
:205A600083F12C210C2396022C230C2196042C2109FFF818EE0509FF7A18DF1F22803BF0CB
:205A8000004009F5761840D46DFFC4FBD4C409F476186DFF1EFC09F07A1809FFF81814217A
:205AA000370F68F037F108F0342F0C21370F83F12C210C2396022C230C2196042C2114FF54
:205AC0006E0A8200DA010F0F00F009D01459A6F089D01459081F6E0A8210DA010F0F00F027
:205AE00009D01459A6F089D01459082F6E0A8220DA010F0F00F009D01459A6F089D0145928
:205B0000083F6E0A8230DA010F0F00F009D01459A6F089D01459084F6E0A8240DA010F0FFF
:205B200000F009D01459A6F089D01459085F6E0A8250DA010F0F00F009D01459A6F089D004
:205B40001459086F6E0A8260DA010F0F00F009D01459A6F089D01459087F6E0A8270DA01B0
:205B60000F0F00F009D01459A6F089D01459088F6E0ADA0882100FF0000009DF1459A60FE9
:205B800089DF1459089F6E0ADA0982100FF0000009DF1459A60F89DF145908AF6E0ADA0AAB
:205BA00082100FF0000009DF1459A60F89DF145908BF6E0ADA0B82100FF0000009DF14596B
:205BC000A60F89DF145908CF6E0ADA0C82100FF0000009DF1459A60F89DF145908DF6E0A37
:205BE000DA0D82100FF0000009DF1459A60F89DF145908EF6E0ADA0E82100FF0000009DF7E
:205C00001459A60F89DF145908FF6E0ADA0F82100FF0000009DF1459A60F89DF145909FFAD
:205C200050086E0ADA1082100FF0000009DF1459A60F89DF145909FF51086E0ADA118210E4
:205C40000FF0000009DF1459A60F89DF145909FF52086E0ADA1282100FF0000009DF1459BA
:205C6000A60F89DF145909FF53086E0ADA1382100FF0000009DF1459A60F89DF145909FF5A
:205C800054086E0ADA1682100FF0000009DF1459A60F89DF145909FF55086E0ADA17821070
:205CA0000FF0000009DF1459A60F89DF145909FF56086E0ADA1882100FF0000009DF145950
:205CC000A60F89DF145909FF57086E0ADA1982100FF0000009DF1459A60F89DF145909FFF0
:205CE00058086E0ADA1A82100FF0000009DF1459A60F89DF145909FF59086E0ADA1B821000
:205D00000FF0000009DF1459A60F89DF145909FF5A086E0ADA1C82100FF0000009DF1459E7
:205D2000A60F89DF145909DF5848B70F81F089DF18483C0109DF58486F1FFEFF09DF58487A
:205D4000B70F01F089DF18483C0109DF58486F0FFEFF0090CC4109FF58481601DE1709FF2B
:205D60005848B70F81F089FF18483C0109FF58486F1FFEFF09FF5848B70F01F089FF1848AD
:205D80003C0109FF58486F0FFEFF09FF5848960189FF18483C0109FF58481601DF1FFDFF86
:205DA00009FF18498210370F01F08210370F81F089FF1849764609FF4118960189FF01182A
:205DC00009FF5848B70F81F089FF18483C0109FF58486F1FFEFF09FF5848B70F01F089FFA5
:205DE00018483C0109FF58486F0FFEFF0090495F000A4942080AA01409F04801892048011C
:205E0000FC4C44FF642F0090405F094C8409820809CF58481601DE1709CF5848B70F81F096
:205E200089CF18483C0109CF58486F1FFEFF09CF5848B70F01F089CF18483C0109CF5848CE
:205E40006F0FFEFF09CF5848960189CF18483C0109CF58481601DF1FFDFF09CF184982106F
:205E6000370F01F08210370F81F089CF1849BD0F140054FF6E07D4F4084408D56DFFE6F707
:205E8000A628482F6E09C82509F40C0808D540C46DFFC2F7A62809CF5848B70F81F089CF6D
:205EA00018483C0109CF58486F1FFEFF09CF5848B70F01F089CF18483C0109CF58486F0F28
:205EC000FEFF02823C010090CC41145F6E06145F1E24145FDF4FBC8009FF58481601DE173A
:205EE00009FF5848B70F81F089FF18483C0109FF58486F1FFEFF09FF5848B70F01F089FF84
:205F000018483C0109FF58486F0FFEFF09FF5848960189FF18483C0109FF58481601DF1FA0
:205F2000FDFF09FF18498210370F01F08210370F81F089FF1849146F6E07146F1E35146FB0
:205F40001E43146FDE5109F07D680C6137F003F089FF3D6809F0EC68094FD40886EF37F07F
:205F60000EF189FFAC68146F1E16146F1E34146FDF5F278009F07C680C6237F003F089FFA5
:205F80003C6809F0E068094FD00886EF37F00EF189FFA06809F062680C6837F007F089FFE4
:205FA000226809F063680C6437F081F389FF236809F063680C6637F007F089FF2368146F8B
:205FC0001E26146F1E44146FDF5F278009F07C680C6337F003F289FF3C6809F0F068094FF3
:205FE000D20886EF37F00EF189FFB06809F072680C6937F007F089FF326809F073680C65BF
:2060000037F081F389FF336809F073680C6737F007F089FF33680954410840F46DFFCEF82E
:2060200009FF5848B70F81F089FF18483C0109FF58486F1FFEFF09FF5848B70F01F089FF42
:2060400018483C0109FF58486F0FFEFF0090CC41145F1E18145F1E26145F1E34145FDF4F1D
:20606000E18009FF58481601DE1709FF5848B70F81F089FF18483C0109FF58486F1FFEFFD4
:2060800009FF5848B70F01F089FF18483C0109FF58486F0FFEFF09FF5848960189FF184832
:2060A0003C0109FF58481601DF1FFDFF09FF18498210370F01F08210370F81F089FF184986
:2060C00009F0C078094FD80886EF37F00EF189FF807809F048780C6337F003F089FF0878F2
:2060E000146F1E26146F1E34146FDF4F418009F042780C6137F006F089FF0278146F1E347E
:20610000146FDF4F2180146F5E3BDA006E025E1809F0437837F001F389FF03783C01146FBF
:206120005E4BDA016E025E1809F0437837F001F389FF03783C0109F043780C6237F006F0A7
:2061400089FF037882003C0C09FF20798211370068200F210010A61F89FF2079C2100C611A
:2061600009614208421F3FF0F1FF3C28146F6E04146FDF1F2480146F6E025E1809F0437850
:2061800037F001F389FF03783C0109F043780C6237F006F089FF037882003C0C09FF2079F7
:2061A0008211370068200F210010A61F89FF2079C2100C623FF0F4FF3C010C646E170C6463
:2061C0003B0002003FF0138009F0F078094FD60886EF37F00EF189FFB07809F072780C648B
:2061E00037F006F089FF32783C010954410840F46DFFE4F709FF5848B70F81F089FF18482B
:206200003C0109FF58486F1FFEFF09FF5848B70F01F089FF18483C0109FF58486F0FFEFF67
:206220000090D45FF44FD44F9110003030F3D9330008143F370FE1F0BA0F3C011E14D44473
:206240006DFF01F80090910000F8D9FF2800D4FFF44FF4450090404C405FD4F2F4C209FF32
:2062600004083B004000E20F1022911000303023D93200483C0189C28409D4F509F4040816
:20628000085540C46D00390049F5041A40C46DFFB0FD49F5080A49F6140A09F459380875C6
:2062A00040C46DFF66F840F5B06549F6240A40C46DFFCFFE40F5B06549F6380A40C46DFFE1
:2062C00005FE40F5B06549F62C0A40C46DFFC4F809F5943940C46DFF99FD022F09F4583841
:2062E00040C46DFF39FD49F5181A40C46DFF4EF902F23C010090F4453B0040F0E24F105FCC
:206300009110003030F3D93F00483C01EC413704684040546DFFF3F7009020E0910000F8D9
:20632000D9FF008049FF000A49A2000AC5061A0009F0480189204801FC6C44FF642F545FB4
:20634000781149AF000A4942000AC5061A0009F0480189204801FC6C44FF642FD45FF44F50
:206360000090821482056DFF2B5C3C013C0000907B0000F83FF408807B0006F87FF40480D6
:2063800082123C237B0000FA3FF408807B0006FA7FF4048082123C197B0000F73FF40A8050
:2063A000BB0000FC9B3F00F77FF4048082123C0D7B0001F73FF408807B1001F77FF40480D9
:2063C00082123C0382023C0100908B0401F076537F4F048082023C0C82086DFFCBFF7626D6
:2063E00092F46DFFC7FF7622821802823C010090604F14F0081F8F8F00F0A6F0082F8F0F0F
:2064000001F0A6F0083F8F8F0120A6023C010090911000F7D9FF20EC74F4911000F7D9FFA6
:206420004C0C74F5BC440C4616073C054DC0E1FF16073C01911000F7D9FF24EC74FF911010
:2064400000F7D9FF1CEC4D40E2FF74FF911000F7D9FF18FC4D00E0FF74FF911000F7D9FFF1
:206460001CFC4D40E0FF74FFBC43544F3C0440BF3C0180FF911000F7D9FF00EC74FF911018
:2064800000F7D9FF2CEC4D00010974F0911000F7D9FF28EC4D80010974F0911000F7D9FF2B
:2064A00030EC4DC0010974F0911000F7D9FF00FC91100027D92274CC542074F0911000F766
:2064C000D9FF34EC91100027D922244C542074F0911000F7D9FF3CEC91100027D9223C6CB6
:2064E000542074F0911000F7D9FF38EC91100027D922086C542074F0911000F7D9FF440C61
:2065000091100027D92244CC542074F0911000F7D9FF480C91100027D92248CC542074F05D
:20652000911000F7D9FF34FC91100027D92264CC542074F0911000F7D9FF38FC9110002784
:20654000D92268CC542074F0911000F7D9FF2CFC91100027D92240CC542074F0911000F75D
:20656000D9FF30FC91100027D92260CC542074F0911000F7D9FF3CFC91100027D9226CCCAD
:20658000542074F0911000F7D9FF400C91100027D92270CC542074F0911000F7D9FF28FCFC
:2065A00091000027D9221C24542074F0911000F7D9FF24FC91100027D9227CBC542074F0AD
:2065C000911000F7D9FF20FC91100027D92278BC542074F0911000F7D9FF0CFC9110002720
:2065E000D92254CC542074F0911000F7D9FF08FC91100027D92250CC542074F0911000F7E5
:20660000D9FF04FC91100027D9224CCC542074F0911000F7D9FF14FC91100027D9225CCC84
:20662000542074F0911000F7D9FF10FC91100027D92258CC542074F0911000F7D9FF18ECD3
:20664000820074F0911000F7D9FF14EC820074F0911000F7D9FF04EC820074F0911000F720
:20666000D9FF0CEC820074F0911000F7D9FF10EC820074F0911000F7D9FF08EC820074F0C8
:20668000BF8F3780C28F3B00015002F46DFF9FFEDF022F00911000F7D9FF14EC74FF911085
:2066A00000F7D9FF04EC02F46DFFA4FE74F2911000F7D9FF0CEC92446DFF9CFE74F2911066
:2066C00000F7D9FF10EC8B8F00406DFF93FE74F2911000F7D9FF08EC8BCF00406DFF8AFE40
:2066E00074F2911000F7D9FF18ECDA0174FF0090404F6DFF055C022839FF0002AE13DA0186
:206700003C02DA003C011E1D02846DFFF75A39FF0002B70F01F0E9FF000202846DFF105C6D
:2067200039FF0002AE123C013C010090BC41534420F060FF9140003F30F3D93240683C012F
:206740000090DA003E48DA013E4EDA02BE43DA03BE4A3C210C4196802C410C41B70F01F3EC
:206760002C413C1A0C4196802C410C4196402C413C130C41B70F81F32C410C41B70F01F3AC
:206780002C413C0A0C41B70F81F32C410C4196402C413C023C010090095044080C558F8F93
:2067A00000F0A6F0B71081FF594F00C014500C518F8F00F0A6F00C528F0F01F0A6F00C535D
:2067C0008F8F01F0A6F0594004C0009054403BE05EF07E4EDA0037F00108DA0037F0010B47
:2067E000DA0037F0810BDA0037F081083C383B007DF07E4EDA0037F00108DA0137F0010B82
:20680000DA0037F0810BDA0037F081083C283BA033F27E4BDA0137F00108DA0037F0810B9C
:20682000DA0037F081083C1BDA0037F00108DA0037F0010BDA0137F0810BDA0137F0810847
:20684000094FC408374F0EF0AC420C4D96012C4D0C4C3BE00010371F04F02C4C74400090B0
:2068600082309B100000DA003E48DA013E4CDA02BE40DA03BE443C19194FEC40A6F0594025
:20688000EC403C13194FEC50A60F594FEC503C0D194FEC60A60F594FEC603C07194FEC7093
:2068A000A60F594FEC703C010090404F6DFF285B022802846DFF225A39FF14029601E9FF6F
:2068C000140239FF18029601E9FF180202846DFF375B3C0139FF14026F1FFE7F02846DFFAB
:2068E0000D5A39FF1C029601E9FF1C0202846DFF275B0090404C405F54F0481F3FF00480B1
:2069000054F83C024818D4C2D4C439400501088F37F00102E9200501D4C2D4C43940040164
:20692000089F37F00100E9200401D4C2D4C43940050108AF37F001F3E92F050154F440C491
:206940006D00A60882093C10530921F010F20C2C5E1A530921F010F249250C0A40C4029499
:206960006D001504C21954FF3FF9F0FF82093C11530921F010F2092F4C185E1A530921F074
:2069800010F249250C1A40C402946D005C03C219481F3FF9EFFF82093C20536920F010F2DE
:2069A000092F4C28530F28F0D4C21022DA00592F2051536920F010F249250C2A40C402940A
:2069C0006D000A04536920F010F24925242A40C402946D004C03C2193F89E1FF0090404CBD
:2069E000405F54FF09F006093F0F048054FF3C0309FF060982083C07D4C4370868406DFF6A
:206A000031FFC2183FF8FAFF54FFBF2F0B80D4C2D4C43940C000084F37F082F2E92FC0003F
:206A200082083C10534820F010F20C2C5E1AD4C4534820F010F249250C0A02846D007601F0
:206A4000C21854FF3FF8F0FF09FF0609BF2F0B80D4C2D4C43940C00008AF37F001F1E92F04
:206A6000C00082083C11538820F010F2092F5C085E1AD4C4538820F010F249251C0A0284DF
:206A80006D007A00C21809FF06093FF8EEFF09FFFE086E1AD4C409F47C086DFF49FE09F09F
:206AA000401809FFFE081421370F68F037F108F0342F0C21370F83F12C210C2396022C23D0
:206AC0000C2196042C210090404C405DD4CF14D0081F370F81F22CF1D4C409D441086DFF3B
:206AE00032FED4C2DA00142037F002F1342FD4C409D4CA086DFF6CFED4CFDA0082005E13B8
:206B000082113C028201082F371F01F22CF2DF10048082103C028200082F370F81F22CF2B0
:206B2000D4CFDA005E1382003C028210086F370F01F02CF6D4CF0CD2081037F001F22CF175
:206B4000D4CFDA005E1382103C028200088F370F01F02CF8D4CFDA005E1382103C028200C3
:206B6000088F370F01F22CF8D4C440D5B0356DFF15FE00900C556E0F194FF000821037047D
:206B8000681053812010C2410F100000A60F594FF0003C0D1940F0000C563704681053818F
:206BA00020100F1F10F0A6F05940F000DA003E4CDA015F4F3300DA025F4F5900DA035F4FCA
:206BC0007F001D00A600B940F2400C5237F005F2F94FF2403940F0400C5137F081F2E94F7A
:206BE000F0403940F0400C5337F001F2E94FF0403940F0400C5437F081F1E94FF0400C576E
:206C00006E0B194FEC403BF0FF0B0620260FB71F01FC594FEC403C7CB940F2500C5237F0B8
:206C200005F2F94FF2503940F0500C5137F081F2E94FF0503940F0500C5337F001F2E94F41
:206C4000F0503940F0500C5437F081F1E94FF0500C576E0B194FEC503BF0FF0B0620260FBA
:206C6000B71F01FC594FEC503C53B940F2600C5237F005F2F94FF2603940F0600C5137F020
:206C800081F2E94FF0603940F0600C5337F001F2E94FF0603940F0600C5437F081F1E94F35
:206CA000F0600C576E0B194FEC603BF0FF0B0620260FB71F01FC594FEC603C2AB940F270DC
:206CC0000C5237F005F2F94FF2703940F0700C5137F081F2E94FF0703940F0700C5337F0C7
:206CE00001F2E94FF0703940F0700C5437F081F1E94FF0700C576E0B194FEC703BF0FF0BCA
:206D00000620260FB71F01FC594FEC703C01094F2029822037046810532120100F1010003B
:206D2000A60F894F20290090DA003E4CDA015F4F2B00DA025F4F4900DA035F4F67001D00F3
:206D400086003940C2400C5237F004F0E94FC2403940C0400C5137F081F0E94FC040394F51
:206D6000C040B72F02F1E94FC0400C536E0B194FEC403BF0FF0B0620260F8F0F50F1594F7F
:206D8000EC403C643940C2500C5237F004F0E94FC2503940C0500C5137F081F0E94FC05013
:206DA000394FC050B72F02F1E94FC0500C536E0B194FEC503BF0FF0B0620260F8F0F50F12F
:206DC000594FEC503C433940C2600C5237F004F0E94FC2603940C0600C5137F081F0E94F1C
:206DE000C060394FC060B72F02F1E94FC0600C536E0B194FEC603BF0FF0B0620260F8F0FE0
:206E000050F1594FEC603C223940C2700C5237F004F0E94FC2703940C0700C5137F081F0B3
:206E2000E94FC070394FC070B72F02F1E94FC0700C536E0B194FEC703BF0FF0B0620260FC5
:206E40008F0F50F1594FEC703C010090404C405FD4FDF4CD40D46DFF4DFC084F5E4C482F84
:206E60006E09C82540C46D008505C82540C46D00FE043C18084F5E1C483F6E09C83540C42F
:206E80006D004F04C83540C46D0075033C0B484F6E09C84540C46D00EE02C84540C46D000B
:206EA000CC01B9DF0A02B70F03F3F9DF0A02DA0059DF001240D46DFFFAFCC5F200013B3004
:206EC0000200092110093C013C014C243C01A21F3F0FFDFF084FB9D00A0237F003F3F9DF5A
:206EE0000A02084FDE1139DF001209F06048370F04F0E9DF001239DF011209F06148370F4E
:206F000004F0E9DF011239DF00019601E9DF0001C5F20001092010093C013C014C243C0108
:206F2000A20FBF4FFDFF82003C02C21039DF00011601BA0F3C01EE053B803EF03FF0F7FFCD
:206F400049F5140A40C46DFFC1FD49F5200A40C46DFF47FD49F5241A40C46DFFCDFC009046
:206F600040460952080909534108530321F0106289231C18530321F0106209548409892451
:206F8000A019530321F01062092FA0193C01530321F01062892FA41982013C190950CC08DE
:206FA000E210422074F0DA006CF208FF96012CFF08FFB70F81F02CFF08FFB70F01F32CFFC3
:206FC00008FF96802CFF49FF100AC211DA203FF1E77F530321F010620922A0193C01530354
:206FE00021F010648942A419530328F0D4621022530328F0D4641044B9400841095FCC0836
:2070000086EFB70F14F637F08CF1F92F0841530328F0D4621022530321F01064094F2019D4
:20702000592F1C41530328F0D462102280FF592F2841530328F0D46F10FFDA1F59FF3041A3
:2070400000900C51530F28F0D44F10FF0C51530F28F0D442102239200A410C5237F006F059
:20706000E9FF0A416DFF7EFF0090405F09FFC208EE04084FDF1F2B8014FF530F28F0D4425E
:20708000102214FF530F28F0D4451055195F34419640592F3441D44414FFC26F370F6840A9
:2070A0006DFF46FB084009FFC2081421370F68F037F108F0342F0C21370F83F12C210C2350
:2070C00096022C230C2196042C2100900952080909534108534321F0104F28C3534321F07C
:2070E000104F09528409E842534321F0104F095FCC08ACFE534321F0104FC84F3C01534343
:2071000021F01042EC2582043C230950CC08E240422074F0DA006CF109F0C8080951CC08D3
:2071200037100EF0ACF4089FB70F02F32CF909FFCA08B70F0EF0ACF508BFB70F01F32CFBFC
:2071400008BFB70F81F32CFB49FF100AC214DA083FF4DD7F534321F0104FC84F3C0153436E
:2071600021F01042EC25530328F0D44F10F2534321F0104F484F592F1441530328F0D44FFD
:2071800010FFDA0759FF2C4100900C51530F28F0D44F10FF0C51530F28F0D4421022392029
:2071A00006410C5237F006F0E9FF06410C51530F28F0D44F10FF0C51530F28F0D4421022B6
:2071C000392004410C5E37F001F2E9FF04416DFF7FFF0090405F09FFC208EE04084FDF1F2E
:2071E0002B8014FF530F28F0D442102214FF530F28F0D4451055195F34419601592F344183
:20720000D44414FFC22F370F68406DFF91FA084009FFC2081421370F68F037F108F0342FFD
:207220000C21370F83F12C210C2396022C230C2196042C210090404C405D8208820954DFEF
:207240006E1AD4DFD4C2D4C43940080208CF37F002F2E92F0802C81408846D004B04C8142E
:20726000088402856D004A04C814088402956D0079043C08D4CFD4C2392F08029630E9FFBA
:2072800008024CD16E1ACCD1D4C2D4C43940080208CF37F002F3E92F0802C81408846D0007
:2072A0002904C814088402856D002804C814088402956D0057043C08D4CFD4C2392F080263
:2072C00096C0E9FF0802CCD2D4C2D4C439400A0208CF37F002F2E92F0A02C81408846D002A
:2072E0000904C814088402856D000804C814088402956D003704CCD3D4C2D4C43940080222
:2073000008CF37F002F1E92F0802C81408846D00F103C814088402856D00F003C8140884DA
:2073200002956D001F04CCD4D4C2D4C43940090208CF37F002F0E92F0902C81408846D00EC
:20734000D903C814088402856D00D803C814088402956D0007044CD56E1ACCD5D4C2D4C42B
:207360003940090208CF37F002F1E92F0902C81408846D00BF03C814088402856D00BE03C1
:20738000C814088402956D00ED033C08D4CFD4C2392F0902960CE9FF0902CCD6D4C2D4C43C
:2073A0003940090208CF37F002F2E92F0902C81408846D009F03C814088402856D009E03C0
:2073C000C814088402956D00CD03CCD7D4C2D4C43940090208CF37F002F3E92F0902C8142A
:2073E00008846D008703C814088402856D008603C814088402956D00B503CCD8D4C2D4C42F
:2074000039400A0208CF37F002F0E92F0A02C81408846D006F03C814088402856D006E03BF
:20742000C814088402956D009D03CCD9D4C2D4C439400A0208CF37F002F1E92F0A02C814F7
:2074400008846D005703C814088402856D005603C814088402956D00850309DF8419D4C215
:20746000D4C43940080208CF37F002F0E92F08020090405CBC413B0008808209CCCAC814F6
:2074800008846D003703C814088408CF0F8FA0506D003403C814088402956D0063034CCB5F
:2074A0006E12CCCBC81408846D002403C814088408CF0F8FA0506D002103C814088402955C
:2074C0006D005003CCCCC81408846D001303C814088408CF0F8FA0506D001003C8140884B4
:2074E00002956D003F03CCCDC81408846D000203C814088408CF0F8FA0506D00FF02C814BC
:20750000088402956D002E03CCCEC81408846D00F102C814088408CF0F8FA0506D00EE021E
:20752000C814088402956D001D03CCCFC81408846D00E002C814088408CF0F8FA0506D0033
:20754000DD02C814088402956D000C0309CF8019C81408846D00CE02C814088408CF0F8FDE
:20756000A0506D00CB02C814088402956D00FA020090201082088239095C9809095DAC0953
:20758000095E9C09CC58F8030952A409F4A2CC5AF801CC5EF802CC5DD442D44539500802F4
:2075A00008CF37F002F0E92F0802D44FD442392008020CCC37F002F1E9FF0802D44FD44200
:2075C000392009020CDC37F002F0E9FF0902D44FD442392009020CEC37F002F2E9FF0902B0
:2075E000D442D44F39F00902D80308CF37F002F3E92F0902D442D44F39F00A02D4AF08CF65
:2076000037F002F0E92F0A02D442D44F39F00A02D80108CF37F002F1E92F0A0209C4840977
:2076200009C448086D00660209D4840909D448086D00600209E4840909E448086D005A0272
:20764000D803C81408846D005502D4AFC81408846D005002D801C81408846D004B02D802A4
:20766000C81408846D00460209C4840909C4480802856D00430209D4840909D4480802851F
:207680006D003C0209E4840909E4480802856D003502D803C814088402856D002F02D4AF72
:2076A000C814088402856D002902D801C814088402856D002302D802C814088402856D00B3
:2076C0001D0209C4840909C4480802956D004A0209D4840909D4480802956D00430209E4F7
:2076E000840909E4480802956D003C02D803C814088402956D003602D4AFC814088402957D
:207700006D003002D801C814088402956D002A02D802C814088402956D0024020090201825
:20772000BC413B0008808239D45C095D940909528409F4A2CC52F801CC53F802CC54F803D2
:20774000CC5CF804095EB409C81408846D00D20109E4840909E448086D00CC0109C48409EE
:2077600009C448086D00C60109D4840909D448086D00C001D4AFC81408846D00BB01D80106
:20778000C81408846D00B601D802C81408846D00B101D803C81408846D00AC01D804C814E7
:2077A000088408CF0F8FA0506D00A80109C4840909C448080CCC0F8FA0506D009F0109D4FB
:2077C000840909D448080CDC0F8FA0506D009601D4AFC814088408CF0F8FA0506D008E0129
:2077E000D801C814088408CF0F8FA0506D008601D802C814088408CF0F8FA0506D007E015C
:20780000D803C814088408CF0F8FA0506D007601D804C814088402956D00A40109C4840995
:2078200009C4480802956D009D0109D4840909D4480802956D009601D4AFC81408840295D5
:207840006D009001D801C814088402956D008A01D802C814088402956D008401D803C814D8
:20786000088402956D007E01009082088209D45F095C8409095D8809095E8C090952900948
:20788000D445D446396008020C2C37F002F0E95F0802D442D445395008020CCC37F002F1BB
:2078A000E92F0802D442D4453950090208CF37F002F0E92F0902D442D445395009020CDC25
:2078C00037F002F2E92F0902D442D444394009020CEC37F002F3E92F0902C81408846D00AC
:2078E000090109C4840909C448086D00030109D4840909D448086D00FD0009E4840909E42E
:2079000048086D00F700C814088402856D00F60009C4840909C4480802856D00EF0009D42A
:20792000840909D4480802856D00E80009E4840909E4480802856D00E100C8140884029526
:207940006D00100109C4840909C4480802956D00090109D4840909D4480802956D00020186
:2079600009E4840909E4480802956D00FB000090BC413B0008808209CC56095CA009095DE0
:207980009409095E9C09C81408846D00B30009C4840909C448086D00AD0009D4840909D4DE
:2079A00048086D00A70009E4840909E448086D00A100C814088408CF0F8FA0506D009E00C6
:2079C00009C4840909C448080CCC0F8FA0506D00950009D4840909D448080CDC0F8FA050BB
:2079E0006D008C0009E4840909E448080CEC0F8FA0506D008300C814088402956D00B20043
:207A000009C4840909C4480802956D00AB0009D4840909D4480802956D00A40009E4840987
:207A200009E4480802956D009D000090D44F14FF960134FF82003C10D44F370068105301E4
:207A400028F010F2530128F010FF39FF08419601E92F0841C2103F40F1FF0090D44F14FF11
:207A6000960234FF82003C10D44F37006810530128F010F2530128F010FF39FF044196019E
:207A8000E92F0441C2103F40F1FF0090D44F14FFB70F81F034FF82003C11D44F3700681077
:207AA000530128F010F2530128F010FF39FF0441B70F01F0E92F0441C2103F40F0FF00907C
:207AC000404F0248025F6DFF2F52022902946DFF3D5149FF241A82100F8000000F8F10F07F
:207AE000020302F249F2400802946DFF5152009082156DFFE7FF0090404F0249025A49FCE1
:207B0000100A8B0980F2AB3920BF86EB8F3900F1538F20809140002FD922800C7D2F15800E
:207B20006DFFEE51022C02C46DFFE85009F0201982110F91101082FFC6F1261089F020195D
:207B400002C46DFFFD51534B20F010CFDAFF0F8F00F00F8A10A002F302A249F240080090BC
:207B6000404F0B4510886DFFCB51022A02A46DFFC55049FF001A8B0880F2AB78200F86D0A4
:207B80008F7800F1534F2010534020F010FFDA0F0F1F00F00F19109002F3029249F240088E
:207BA00002A46DFFCD510090404CCCC1DA003C11D4FDD4D409D4440808456DFF9FFFD4D424
:207BC00009D4440808556DFFCDFFC21F49FF080A54C03F0FEFFF00908208913000FF39FF4A
:207BE0003406370F62F282103E048220BE053C1A82146DFF654D913000FF39FF3406160F17
:207C00006E0A913000FF39FF3406160F4B0F41F14BF251803C08BB0068899B88B9843C016E
:207C20003C023C0102823C01009002488202913000FFD9FF340654F9370962F282103E0423
:207C400082203E063C0B82146DFF3A4D3C08BB0068299B82B9243C013C023C014B8251F01E
:207C60004B8251004B0031014B0041016B0031FF7B00F0034B0F01F0AE264B8251F04B0F4C
:207C800031F13C064B8251F04B0F31F1C21F8B1F60F3BF7F0680FFEF04802E02C2FF3BE0D6
:207CA00000007E02DA0C6DFF3F51022802846DFF4D50370F68F037F904903C01913000FF4A
:207CC00039FF3706370FE1F3EEFA913000FF59F9340602846DFF5C513C01913000FF39FF0D
:207CE0003706370FE1F3EEFA6DFF78FF3C010090F647094F40189601894F00183C08DF14EA
:207D00000780094F40189604894F00180090F647094F7C089601894F3C083C08DF14078088
:207D2000094F7C089610894F3C08009082F282003C17538020F0910000F8D9FF70A010FF69
:207D4000D4FF7D4F0D80538020F0910000F8D9FF70A010FF481F370F48203C04C210BF307E
:207D6000EAFF3C010090404C405F09C0380909C13C0914FFEE0C083F37F00500082F37F02B
:207D80000504081F37F1011182183C0F14FF5E1C083F37F00508082F37F0050C081F37F1CE
:207DA000011382183C02820889C13C0989C0380940C46DFFBDFF09FFC8086E26081FEE097E
:207DC0009140002FD92200C8538220F010223C099140002FD92200C8538220F01022B042B8
:207DE00008A009FFC8081421370F68F037F108F0342F0C21370F83F12C210C2396022C2363
:207E00000C2196042C2108204CC4820302F209C52C098204A642A6533C013250CE0E3B005D
:207E2000FEFF3FF007008B000200172380303C0CA2F00F0300303C08DA207FF005000F02B9
:207E400000303C0282033C0114FF534F20F010C28923300914F440C46DFF4CFF14F440C4A7
:207E60006DFF57FF08204CC4820302F209C52C098204A642A6533C013250CE0E3B00FEFF52
:207E80003FF007008B000200172380003C0CA2F00F0300003C08DA207FF005000F020000B6
:207EA0003C0282003C0114FF534F20F010C2481F42F08920300902823C0100909100004889
:207EC000D944444082129130002F192F34A6370F6EF18FFF83313C019150022F392F2C0889
:207EE0001601DF1F7080094584093C648F2320F07BC0FF0FA60F9130002F592F34A63C01B3
:207F00009130002F192F34A6370FE1F0DF1FFA7FCC513C0DD4F25420482F82F1C61F26F03C
:207F2000481FA6F0D4F2742049FF0C0A80F0145F53CF20104C5142F13F10EEFF9150022F39
:207F4000392F0B4896409150022FE92F0B488F2320F07BC0FF0FA60F96029130002F592F43
:207F600034A63C01913000FF19FF34A66F1FFC7F4C52BB00520C9BB0BF044B0F41F04B0F85
:207F800071F185F110013C0185F01001A2103FF0FDFF3B0010F0C2FF4EF382023C09915071
:207FA00002FF39F00B4837006103DF10F67F49550C0A8050144F53CF20104C4142F13F10FD
:207FC00097FF022F3C01EE01DC0B009091000028D9224C408210915002FF39FF2C08160100
:207FE000DE1C82023C0DCC2153C220F010FFD4F45441482F26F1481F3E128200C212142F5E
:208000003FF2F37FDF100A80915002FF39FF2E08370FE1F21E1282003C01F601DC0B00907E
:20802000913000FFD9FF28A654FF370F6EF18FFF83113C01913000FF19FF28A66F1F12003D
:208040008F2100F09601913000FF19F028A6370070088F000100A60F913000FF59FF28A678
:208060008F2100F09602913000FF19F028A6370070088F000100A60F913000FF59FF28A657
:20808000913000FF19FF28A6915002FF19F03C08DA5837F00800915002FF59F03C0891307A
:2080A00000FF19FF28A66F1F12008F2100F09601913000FF19F028A6370070088F0001002E
:2080C000A60F913000FF59FF28A606218F3140F1913000FF19F028A6370070088F00010017
:2080E000A60F913000FF59FF28A6913000FF19FF28A6915002FF39FF3C0816FF3B8005000C
:208100003E0400A03C013C00DC0B0090544F2E1B8F2400F096015440370070088F00010094
:20812000A60F744F06248F2440F15440370070088F000100A60F744F544F0090913000FF7B
:2081400019FF28A66F1F12008F2400F09601913000FF19F028A6370070088F000100A60FD4
:20816000913000FF59FF28A606248F2440F1913000FF19F028A6370070088F000100A60F80
:20818000913000FF59FF28A6913000FF19FF28A6009002484DC0E1FF16078B5F20F33C0135
:2081A00053CF20F060FF9130003F30F3D93F0C9640F402846DFFACFF084F96082CF440F437
:2081C00002846D0042000090024802846DFFB8FF913000FF39FF2CA69608913000FFE9FFD7
:2081E0002CA602846D004900009002484DC0E1FF16078B5F20F33C0153CF20F060FF913001
:20820000003F30F3D93F0C9640F402846DFF80FF084FB70F81F12CF440F402846D001500B2
:208220000090024F02F46DFF8BFF913000FF39F02CA6B7008101913000FFE9F02CA602F41C
:208240006D001B000090544F2E1B8F2400F096015440370070088F000100A60F744F06246B
:208260008F3440F15440370070088F000100A60F744F544F0090913000FF19FF28A66F1F58
:2082800012008F2400F09601913000FF19F028A6370070088F000100A60F913000FF59FFEF
:2082A00028A606248F3440F1913000FF19F028A6370070088F000100A60F913000FF59FF2F
:2082C00028A6913000FF19FF28A60090910000F7D9FF0024D4F291400057D955406A01242B
:2082E0000046015420F4EE0891400057D955408A014530F4EE0482FF60F20090F4F4009082
:20830000910000F7D9FF3C1414FF3B0002007E038212009091100027D922500C9022820263
:20832000F424C21F34FF009091000048D94448B06DFF3CFC009091000048D94460B06DFFED
:2083400035FC009091000048D94478B06DFF2EFC009091000048D94448C06DFF27FC0090FB
:20836000BD043100B0C4404C54CF911000D7B70F0180D9DD502CD4DF74C801C800E654EF16
:208380006E04AE0342F83CF954F001F000267DC20580420874F840FCEE1082046DFF98FFB3
:2083A000B04E7DE20A80325802846DFF91FF802F1EF3DA0074CFD4DF80CF80F00B0F90F1E0
:2083C00074DF0090A0041D00080091200048D94404F81DFF97FF404591100047D944646CD3
:2083E0001D001B00910000F7D9FF042454FFEE05DA0174FF1D00030000906DFFE8FF910095
:2084000000F8D9FF280054FF6E06C4F22D02000054FFEEFC00902008404CF4A53C16D4A2D6
:20842000D4DFBC26C8347D24040040FD3C0FD4F2F4D2D4CEC822C8142D02000040F46DFFBB
:2084400091FFD4CF7DEF030040CD54DFEEE90090404C7CC23C3A82083C11530821F010CF71
:2084600049FF301A14FF6E09481F6E07C81482043B000850ED78901EC21809CF24193FF8D6
:20848000EEFF82083C11530821F010CF49FF302A14FF6E09481F6E07C81482043B002050B8
:2084A000ED78901EC21809CF28193FF8EEFF0D008004911000F7D9FF4CDC91100027D922A6
:2084C0004CDC542FC21F74FF0090404C405DBCC4BCD354DFEE0382023C3A82083C34768CBB
:2084E000911000F7D9FF50DC91100027D92250DC542FC21F74FFD4D46D007B0040D46DFF0A
:20850000A9FF40C440D56DFFA3F4911000F7D9FF54DCD4D2192F000174FFD4DF39FF0001A9
:208520001601BA0F3C016E0382123C11911000F7D9FF58DC91100027D92258DC542FC21FCD
:2085400074FFC218BF28CDFF82023C010090404CBCC709CF24196E0409CF2819EE023C47A8
:2085600082083C1E530821F010CF49FF301A14FF6E08481F6E06C8143B000840ED705002C8
:2085800014FF6E0D482F6E0B09FFCC086E08C82409FFCC08538F2040ED705002C21809CFA0
:2085A00024193FF8E1FF82083C1E530821F010CF49FF302A14FF6E08481F6E06C8143B001B
:2085C0002040ED70500214FF6E0D482F6E0B09FFCC086E08C82409FFCC08530F2240ED70D3
:2085E0005002C21809CF28193FF8E1FF00907C423C1E144FB70F81F0344F144FB70F01F040
:20860000344F8200530028F0104F530028F01042392F0441B70F01F0E9FF0441394F08416C
:20862000B70F01F0E94F08410D008004009049AA18BA404C09CDA00991100027D92250EC12
:20864000DA01742F91100027D9224CECDA00742FDA0689CF2C08DA003C0C10CF91100027EF
:20866000D922449C10220920740889F02608C21FBF6FF57F910000F7D9FF1824D4FFD4FFDC
:2086800009FFC80889CFA408DA0A89CF2D0849A4000A910000F7D9FF1824D4FFD4FFD4F58B
:2086A0003B401240ED701000910000F7D9FF1824D4FFD4FFD4FF482F6E39910000F7D9FFED
:2086C0001824D4FFD4FFD4FFC82FC86FC814910000F7D9FF1824D4FFD4FFD4FFC82FC86F98
:2086E0000884DA80910000F7D9FF1824D4FFD4FFD4FFC82FC86F08C5A6F56DFFFFF99120D4
:2087000000FF39F0080F910000F7D9FF1824D4FFD4FFD4FFC82FC84F08CF37F002F0912056
:2087200000FFE9FF080F1D008600910000F7D9FF1824D4FFD4FFD4FF484F6E3C910000F7BA
:20874000D9FF1824D4FFD4FFD4FFC84F09FF8019C814910000F7D9FF1824D4FFD4FFD4FFE3
:20876000C84F09FF80190884DA80910000F7D9FF1824D4FFD4FFD4FFC84F09FF801908C5C1
:20878000A6F56DFFBBF9912000FF39F0080F910000F7D9FF1824D4FFD4FFD4FFC84F09FFFA
:2087A000841908CF37F002F0912000FFE9FF080F3C41910000F7D9FF1824D4FFD4FFD4FFEB
:2087C000483F6E38910000F7D9FF1824D4FFD4FFD4FFC83FC8CFC814910000F7D9FF182441
:2087E000D4FFD4FFD4FFC83FC8CF0884DA80910000F7D9FF1824D4FFD4FFD4FFC83FC8CFC9
:2088000008C5A6F56DFF7AF9912000FF39F0080F910000F7D9FF1824D4FFD4FFD4FFC83F05
:20882000C8DF08CF37F002F0912000FFE9FF080F3C01911000F7D9FF50ECDA0274FF49A5CC
:20884000000A40D46DFF43FEF629911000F7D9FF50ECDAE274FF82023C6849A4000A6DFFC8
:2088600078FED4DFDA005E1382103C028200088F370F01F02CF8D4DFDA005E1382103C0272
:208880008200088F370F01F22CF8ED713000F629911000F7D9FF50ECDAE374FF82023C45D4
:2088A000911000F7D9FF50ECDA0374FF821440D46DFFD6F8821440D46DFFBAF8911000F778
:2088C000D9FF48DCD4D2192F044174FF911000F7D9FF44DCD4D2192F084174FF911000F724
:2088E000D9FF68ECD4D2542F74FFED71400109CF6D08960489CF2D08D4DF8210081F370FEB
:2089000081F22CF1D4D48214ED70F001911000F7D9FF50ECDA0474FF911000F7D9FF4CEC96
:20892000DA0174FF82123C010090404C7CC53BC06C40ED708000911000F7D9FF686C3C01B6
:208940007CF382F23C1BECC8DA6589CF2E08DA6E89CF2F08912000F7D9FFA0E0ECC5910043
:2089600000F7D9FF80C0ECC640C46DFF62FEF6243B40FF2F3C0382023C01009015D0C0E38B
:2089800015D0C0F74D40E0FFB72F02F5CD4FE00F0D00C0044D4020F99601CD4F20090D0087
:2089A000C0044D4020F99602CD4F20090D00C004910000F8C5023F1040F48940C103894076
:2089C000C10349FF200AFC294D4020F96F0FFEFF4D4020F96F1FFAFF85DFC4F3CD4FE00FC8
:2089E0000D00C00415D0C0FF15D0C0EB0D0080040D00C004000000001D0003000090000060
:208A000000A00090404C8202BCC954CF6E07D4CF54FF6E04D4CF481FEE0382123C1F09CFCF
:208A20007C08EE1B82083C1453C821F010CF481540C402846D001400F62A53C821F010CF31
:208A4000088F6E0540C402846D008B00C218BF28EDFFDA0189CF3C083C010090404C024AC1
:208A60000258820CBCCE54CF6E0CD4CF54FF6E09D4CF481F6E06FF2A0580DA647FF8048015
:208A8000821C3C6BD4CF481B82093C31D2100B011048DA003C0B5324400053044020132586
:208AA000402242210B011048C21F8B0902003F0FF4FF820702B66DFF914C0B231068BB00EA
:208AC00024449BF4004082057346680073566820034768224221820302820B2030F10B13BC
:208AE00000F20B31A0F2EE023C05C219DA1F7F9FCFFF53CA21F010CF820302B2820102807A
:208B00007302684073126860030368664265BB0024649BF6006082076DFF604C8B09000106
:208B2000CE0E3B00FEFF3FF007008B000200172380303C0CA2F00F0300303C08DA207FF0AB
:208B400005000F0200303C028203684353CA21F010CF370968F02CFE02C23C010090404C75
:208B600002498208BD0C210054CF6E1ED4CF54FF6E1BD4CF481F6E18FF291780F697D4CF89
:208B8000D4FF09FF7C0816011E1FDF190980D4CFD4FF09F07C08370061F21E1653C921F0C3
:208BA00010CF484FEE0382183C23D4CFD4F453C921F010CF49F50C0A6DFFD7F8DF02180056
:208BC000D4CFD4FF484F820102F048B382020F20A0400F31A0503C0153C921F010CDD4CF6B
:208BE00048166D00090089D218093C02821802823C010090F66382023C16BB0024049BF05F
:208C0000000082017304682073146880030568884283820102600B2310480B0110686DFF4B
:208C2000DD4B3C0100903636363636363636363636363636363636363636363636363636C3
:208C4000363636363636363636363636363636363636363636363636363636363636363654
:208C6000363636363636363636363636363636363636363636363636363636363636363634
:208C8000363636363636363636363636363636363636363636363636363636363636363614
:208CA0003636363636363636363636363636363636363636363636363636363636363636F4
:208CC0003636363636363636363636363636363636363636363636363636363636363636D4
:208CE0003636363636363636363636363636363636363636363636363636363636363636B4
:208D0000363636363636363636363636363636363636363636363636363636363636363693
:208D2000363636363636363636363636363636363636363636363636363636363636363673
:208D4000363636363636363636363636363636363636363636363636363636363636363653
:208D6000363636363636363636363636363636363636363636363636363636363636363633
:208D8000363636363636363636363636363636363636363636363636363636363636363613
:208DA0003636363636363636363636363636363636363636363636363636363636363636F3
:208DC0003636363636363636363636363636363636363636363636363636363636363636D3
:208DE0003636363636363636363636363636363636363636363636363636363636363636B3
:208E0000363636363636363636363636363636363636363636363636363636363636363692
:208E2000363636363636363636363636363636363636363636363636363636363636363672
:208E4000363636363636363636363636363636363636363636363636363636363636363652
:208E6000363636363636363636363636363636363636363636363636363636363636363632
:208E8000363636363636363636363636363636363636363636363636363636363636363612
:208EA0003636363636363636363636363636363636363636363636363636363636363636F2
:208EC0003636363636363636363636363636363636363636363636363636363636363636D2
:208EE0003636363636363636363636363636363636363636363636363636363636363636B2
:208F0000363636363636363636363636363636363636363636363636363636363636363691
:208F2000363636363636363636363636363636363636363636363636363636363636363671
:208F4000363636363636363636363636363636363636363636363636363636363636363651
:208F6000363636363636363636363636363636363636363636363636363636363636363631
:208F8000363636363636363636363636363636363636363636363636363636363636363611
:208FA0003636363636363636363636363636363636363636363636363636363636363636F1
:208FC0003636363636363636363636363636363636363636363636363636363636363636D1
:208FE0003636363636363636363636363636363636363636363636363636363636363636B1
:20900000363636363636363636363636363636363636363636363636363636363636363690
:20902000363636363636363636363636363636363636363636363636363636363636363670
:20904000363636363636363636363636363636363636363636363636363636363636363650
:20906000363636363636363636363636363636363636363636363636363636363636363630
:20908000363636363636363636363636363636363636363636363636363636363636363610
:2090A0003636363636363636363636363636363636363636363636363636363636363636F0
:2090C0003636363636363636363636363636363636363636363636363636363636363636D0
:2090E0003636363636363636363636363636363636363636363636363636363636363636B0
:2091000036363636363636363636363636363636363636363636363636363636363636368F
:2091200036363636363636363636363636363636363636363636363636363636363636366F
:2091400036363636363636363636363636363636363636363636363636363636363636364F
:2091600036363636363636363636363636363636363636363636363636363636363636362F
:2091800036363636363636363636363636363636363636363636363636363636363636360F
:2091A0003636363636363636363636363636363636363636363636363636363636363636EF
:2091C0003636363636363636363636363636363636363636363636363636363636363636CF
:2091E0003636363636363636363636363636363636363636363636363636363636363636AF
:2092000036363636363636363636363636363636363636363636363636363636363636368E
:2092200036363636363636363636363636363636363636363636363636363636363636366E
:2092400036363636363636363636363636363636363636363636363636363636363636364E
:2092600036363636363636363636363636363636363636363636363636363636363636362E
:2092800036363636363636363636363636363636363636363636363636363636363636360E
:2092A0003636363636363636363636363636363636363636363636363636363636363636EE
:2092C0003636363636363636363636363636363636363636363636363636363636363636CE
:2092E0003636363636363636363636363636363636363636363636363636363636363636AE
:2093000036363636363636363636363636363636363636363636363636363636363636368D
:2093200036363636363636363636363636363636363636363636363636363636363636366D
:2093400036363636363636363636363636363636363636363636363636363636363636364D
:2093600036363636363636363636363636363636363636363636363636363636363636362D
:2093800036363636363636363636363636363636363636363636363636363636363636360D
:2093A0003636363636363636363636363636363636363636363636363636363636363636ED
:2093C0003636363636363636363636363636363636363636363636363636363636363636CD
:2093E0003636363636363636363636363636363636363636363636363636363636363636AD
:2094000036363636363636363636363636363636363636363636363636363636363636368C
:2094200036363636363636363636363636363636363636363636363636363636363636366C
:2094400036363636363636363636363636363636363636363636363636363636363636364C
:2094600036363636363636363636363636363636363636363636363636363636363636362C
:2094800036363636363636363636363636363636363636363636363636363636363636360C
:2094A0003636363636363636363636363636363636363636363636363636363636363636EC
:2094C0003636363636363636363636363636363636363636363636363636363636363636CC
:2094E0003636363636363636363636363636363636363636363636363636363636363636AC
:2095000036363636363636363636363636363636363636363636363636363636363636368B
:2095200036363636363636363636363636363636363636363636363636363636363636366B
:2095400036363636363636363636363636363636363636363636363636363636363636364B
:2095600036363636363636363636363636363636363636363636363636363636363636362B
:2095800036363636363636363636363636363636363636363636363636363636363636360B
:2095A0003636363636363636363636363636363636363636363636363636363636363636EB
:2095C0003636363636363636363636363636363636363636363636363636363636363636CB
:2095E0003636363636363636363636363636363636363636363636363636363636363636AB
:2096000036363636363636363636363636363636363636363636363636363636363636368A
:2096200036363636363636363636363636363636363636363636363636363636363636366A
:2096400036363636363636363636363636363636363636363636363636363636363636364A
:2096600036363636363636363636363636363636363636363636363636363636363636362A
:2096800036363636363636363636363636363636363636363636363636363636363636360A
:2096A0003636363636363636363636363636363636363636363636363636363636363636EA
:2096C0003636363636363636363636363636363636363636363636363636363636363636CA
:2096E0003636363636363636363636363636363636363636363636363636363636363636AA
:20970000363636363636363636363636363636363636363636363636363636363636363689
:20972000363636363636363636363636363636363636363636363636363636363636363669
:20974000363636363636363636363636363636363636363636363636363636363636363649
:20976000363636363636363636363636363636363636363636363636363636363636363629
:20978000363636363636363636363636363636363636363636363636363636363636363609
:2097A0003636363636363636363636363636363636363636363636363636363636363636E9
:2097C0003636363636363636363636363636363636363636363636363636363636363636C9
:2097E0003636363636363636363636363636363636363636363636363636363636363636A9
:20980000363636363636363636363636363636363636363636363636363636363636363688
:20982000363636363636363636363636363636363636363636363636363636363636363668
:20984000363636363636363636363636363636363636363636363636363636363636363648
:20986000363636363636363636363636363636363636363636363636363636363636363628
:20988000363636363636363636363636363636363636363636363636363636363636363608
:2098A0003636363636363636363636363636363636363636363636363636363636363636E8
:2098C0003636363636363636363636363636363636363636363636363636363636363636C8
:2098E0003636363636363636363636363636363636363636363636363636363636363636A8
:20990000363636363636363636363636363636363636363636363636363636363636363687
:20992000363636363636363636363636363636363636363636363636363636363636363667
:20994000363636363636363636363636363636363636363636363636363636363636363647
:20996000363636363636363636363636363636363636363636363636363636363636363627
:20998000363636363636363636363636363636363636363636363636363636363636363607
:2099A0003636363636363636363636363636363636363636363636363636363636363636E7
:2099C0003636363636363636363636363636363636363636363636363636363636363636C7
:2099E0003636363636363636363636363636363636363636363636363636363636363636A7
:209A0000363636363636363636363636363636363636363636363636363636363636363686
:209A2000363636363636363636363636363636363636363636363636363636363636363666
:209A4000363636363636363636363636363636363636363636363636363636363636363646
:209A6000363636363636363636363636363636363636363636363636363636363636363626
:209A8000363636363636363636363636363636363636363636363636363636363636363606
:209AA0003636363636363636363636363636363636363636363636363636363636363636E6
:209AC0003636363636363636363636363636363636363636363636363636363636363636C6
:209AE0003636363636363636363636363636363636363636363636363636363636363636A6
:209B0000363636363636363636363636363636363636363636363636363636363636363685
:209B2000363636363636363636363636363636363636363636363636363636363636363665
:209B4000363636363636363636363636363636363636363636363636363636363636363645
:209B6000363636363636363636363636363636363636363636363636363636363636363625
:209B8000363636363636363636363636363636363636363636363636363636363636363605
:209BA0003636363636363636363636363636363636363636363636363636363636363636E5
:209BC0003636363636363636363636363636363636363636363636363636363636363636C5
:209BE0003636363636363636363636363636363636363636363636363636363636363636A5
:209C0000363636363636363636363636363636363636363636363636363636363636363684
:209C2000363636363636363636363636363636363636363636363636363636363636363664
:209C4000363636363636363636363636363636363636363636363636363636363636363644
:209C6000363636363636363636363636363636363636363636363636363636363636363624
:209C8000363636363636363636363636363636363636363636363636363636363636363604
:209CA0003636363636363636363636363636363636363636363636363636363636363636E4
:209CC0003636363636363636363636363636363636363636363636363636363636363636C4
:209CE0003636363636363636363636363636363636363636363636363636363636363636A4
:209D0000363636363636363636363636363636363636363636363636363636363636363683
:209D2000363636363636363636363636363636363636363636363636363636363636363663
:209D4000363636363636363636363636363636363636363636363636363636363636363643
:209D6000363636363636363636363636363636363636363636363636363636363636363623
:209D8000363636363636363636363636363636363636363636363636363636363636363603
:209DA0003636363636363636363636363636363636363636363636363636363636363636E3
:209DC0003636363636363636363636363636363636363636363636363636363636363636C3
:209DE0003636363636363636363636363636363636363636363636363636363636363636A3
:209E0000363636363636363636363636363636363636363636363636363636363636363682
:209E2000363636363636363636363636363636363636363636363636363636363636363662
:209E4000363636363636363636363636363636363636363636363636363636363636363642
:209E6000363636363636363636363636363636363636363636363636363636363636363622
:209E8000363636363636363636363636363636363636363636363636363636363636363602
:209EA0003636363636363636363636363636363636363636363636363636363636363636E2
:209EC0003636363636363636363636363636363636363636363636363636363636363636C2
:209EE0003636363636363636363636363636363636363636363636363636363636363636A2
:209F0000363636363636363636363636363636363636363636363636363636363636363681
:209F2000363636363636363636363636363636363636363636363636363636363636363661
:209F4000363636363636363636363636363636363636363636363636363636363636363641
:209F6000363636363636363636363636363636363636363636363636363636363636363621
:209F8000363636363636363636363636363636363636363636363636363636363636363601
:209FA0003636363636363636363636363636363636363636363636363636363636363636E1
:209FC0003636363636363636363636363636363636363636363636363636363636363636C1
:209FE0003636363636363636363636363636363636363636363636363636363636363636A1
:20A00000363636363636363636363636363636363636363636363636363636363636363680
:20A02000363636363636363636363636363636363636363636363636363636363636363660
:20A04000363636363636363636363636363636363636363636363636363636363636363640
:20A06000363636363636363636363636363636363636363636363636363636363636363620
:20A08000363636363636363636363636363636363636363636363636363636363636363600
:20A0A0003636363636363636363636363636363636363636363636363636363636363636E0
:20A0C0003636363636363636363636363636363636363636363636363636363636363636C0
:20A0E0003636363636363636363636363636363636363636363636363636363636363636A0
:20A1000036363636363636363636363636363636363636363636363636363636363636367F
:20A1200036363636363636363636363636363636363636363636363636363636363636365F
:20A1400036363636363636363636363636363636363636363636363636363636363636363F
:20A1600036363636363636363636363636363636363636363636363636363636363636361F
:20A180003636363636363636363636363636363636363636363636363636363636363636FF
:20A1A0003636363636363636363636363636363636363636363636363636363636363636DF
:20A1C0003636363636363636363636363636363636363636363636363636363636363636BF
:20A1E00036363636363636363636363636363636363636363636363636363636363636369F
:20A2000036363636363636363636363636363636363636363636363636363636363636367E
:20A2200036363636363636363636363636363636363636363636363636363636363636365E
:20A2400036363636363636363636363636363636363636363636363636363636363636363E
:20A2600036363636363636363636363636363636363636363636363636363636363636361E
:20A280003636363636363636363636363636363636363636363636363636363636363636FE
:20A2A0003636363636363636363636363636363636363636363636363636363636363636DE
:20A2C0003636363636363636363636363636363636363636363636363636363636363636BE
:20A2E00036363636363636363636363636363636363636363636363636363636363636369E
:20A3000036363636363636363636363636363636363636363636363636363636363636367D
:20A3200036363636363636363636363636363636363636363636363636363636363636365D
:20A3400036363636363636363636363636363636363636363636363636363636363636363D
:20A3600036363636363636363636363636363636363636363636363636363636363636361D
:20A380003636363636363636363636363636363636363636363636363636363636363636FD
:20A3A0003636363636363636363636363636363636363636363636363636363636363636DD
:20A3C0003636363636363636363636363636363636363636363636363636363636363636BD
:20A3E00036363636363636363636363636363636363636363636363636363636363636369D
:20A4000036363636363636363636363636363636363636363636363636363636363636367C
:20A4200036363636363636363636363636363636363636363636363636363636363636365C
:20A4400036363636363636363636363636363636363636363636363636363636363636363C
:20A4600036363636363636363636363636363636363636363636363636363636363636361C
:20A480003636363636363636363636363636363636363636363636363636363636363636FC
:20A4A0003636363636363636363636363636363636363636363636363636363636363636DC
:20A4C0003636363636363636363636363636363636363636363636363636363636363636BC
:20A4E00036363636363636363636363636363636363636363636363636363636363636369C
:20A5000036363636363636363636363636363636363636363636363636363636363636367B
:20A5200036363636363636363636363636363636363636363636363636363636363636365B
:20A5400036363636363636363636363636363636363636363636363636363636363636363B
:20A5600036363636363636363636363636363636363636363636363636363636363636361B
:20A580003636363636363636363636363636363636363636363636363636363636363636FB
:20A5A0003636363636363636363636363636363636363636363636363636363636363636DB
:20A5C0003636363636363636363636363636363636363636363636363636363636363636BB
:20A5E00036363636363636363636363636363636363636363636363636363636363636369B
:20A6000036363636363636363636363636363636363636363636363636363636363636367A
:20A6200036363636363636363636363636363636363636363636363636363636363636365A
:20A6400036363636363636363636363636363636363636363636363636363636363636363A
:20A6600036363636363636363636363636363636363636363636363636363636363636361A
:20A680003636363636363636363636363636363636363636363636363636363636363636FA
:20A6A0003636363636363636363636363636363636363636363636363636363636363636DA
:20A6C0003636363636363636363636363636363636363636363636363636363636363636BA
:20A6E00036363636363636363636363636363636363636363636363636363636363636369A
:20A70000363636363636363636363636363636363636363636363636363636363636363679
:20A72000363636363636363636363636363636363636363636363636363636363636363659
:20A74000363636363636363636363636363636363636363636363636363636363636363639
:20A76000363636363636363636363636363636363636363636363636363636363636363619
:20A780003636363636363636363636363636363636363636363636363636363636363636F9
:20A7A0003636363636363636363636363636363636363636363636363636363636363636D9
:20A7C0003636363636363636363636363636363636363636363636363636363636363636B9
:20A7E000363636363636363636363636363636363636363636363636363636363636363699
:20A80000363636363636363636363636363636363636363636363636363636363636363678
:20A82000363636363636363636363636363636363636363636363636363636363636363658
:20A84000363636363636363636363636363636363636363636363636363636363636363638
:20A86000363636363636363636363636363636363636363636363636363636363636363618
:20A880003636363636363636363636363636363636363636363636363636363636363636F8
:20A8A0003636363636363636363636363636363636363636363636363636363636363636D8
:20A8C0003636363636363636363636363636363636363636363636363636363636363636B8
:20A8E000363636363636363636363636363636363636363636363636363636363636363698
:20A90000363636363636363636363636363636363636363636363636363636363636363677
:20A92000363636363636363636363636363636363636363636363636363636363636363657
:20A94000363636363636363636363636363636363636363636363636363636363636363637
:20A96000363636363636363636363636363636363636363636363636363636363636363617
:20A980003636363636363636363636363636363636363636363636363636363636363636F7
:20A9A0003636363636363636363636363636363636363636363636363636363636363636D7
:20A9C0003636363636363636363636363636363636363636363636363636363636363636B7
:20A9E000363636363636363636363636363636363636363636363636363636363636363697
:20AA0000363636363636363636363636363636363636363636363636363636363636363676
:20AA2000363636363636363636363636363636363636363636363636363636363636363656
:20AA4000363636363636363636363636363636363636363636363636363636363636363636
:20AA6000363636363636363636363636363636363636363636363636363636363636363616
:20AA80003636363636363636363636363636363636363636363636363636363636363636F6
:20AAA0003636363636363636363636363636363636363636363636363636363636363636D6
:20AAC0003636363636363636363636363636363636363636363636363636363636363636B6
:20AAE000363636363636363636363636363636363636363636363636363636363636363696
:20AB0000363636363636363636363636363636363636363636363636363636363636363675
:20AB2000363636363636363636363636363636363636363636363636363636363636363655
:20AB4000363636363636363636363636363636363636363636363636363636363636363635
:20AB6000363636363636363636363636363636363636363636363636363636363636363615
:20AB80003636363636363636363636363636363636363636363636363636363636363636F5
:20ABA0003636363636363636363636363636363636363636363636363636363636363636D5
:20ABC0003636363636363636363636363636363636363636363636363636363636363636B5
:20ABE000363636363636363636363636363636363636363636363636363636363636363695
:20AC0000363636363636363636363636363636363636363636363636363636363636363674
:20AC2000363636363636363636363636363636363636363636363636363636363636363654
:20AC4000363636363636363636363636363636363636363636363636363636363636363634
:20AC6000363636363636363636363636363636363636363636363636363636363636363614
:20AC80003636363636363636363636363636363636363636363636363636363636363636F4
:20ACA0003636363636363636363636363636363636363636363636363636363636363636D4
:20ACC0003636363636363636363636363636363636363636363636363636363636363636B4
:20ACE000363636363636363636363636363636363636363636363636363636363636363694
:20AD0000363636363636363636363636363636363636363636363636363636363636363673
:20AD2000363636363636363636363636363636363636363636363636363636363636363653
:20AD4000363636363636363636363636363636363636363636363636363636363636363633
:20AD6000363636363636363636363636363636363636363636363636363636363636363613
:20AD80003636363636363636363636363636363636363636363636363636363636363636F3
:20ADA0003636363636363636363636363636363636363636363636363636363636363636D3
:20ADC0003636363636363636363636363636363636363636363636363636363636363636B3
:20ADE000363636363636363636363636363636363636363636363636363636363636363693
:20AE0000363636363636363636363636363636363636363636363636363636363636363672
:20AE2000363636363636363636363636363636363636363636363636363636363636363652
:20AE4000363636363636363636363636363636363636363636363636363636363636363632
:20AE6000363636363636363636363636363636363636363636363636363636363636363612
:20AE80003636363636363636363636363636363636363636363636363636363636363636F2
:20AEA0003636363636363636363636363636363636363636363636363636363636363636D2
:20AEC0003636363636363636363636363636363636363636363636363636363636363636B2
:20AEE000363636363636363636363636363636363636363636363636363636363636363692
:20AF0000363636363636363636363636363636363636363636363636363636363636363671
:20AF2000363636363636363636363636363636363636363636363636363636363636363651
:20AF4000363636363636363636363636363636363636363636363636363636363636363631
:20AF6000363636363636363636363636363636363636363636363636363636363636363611
:20AF80003636363636363636363636363636363636363636363636363636363636363636F1
:20AFA0003636363636363636363636363636363636363636363636363636363636363636D1
:20AFC0003636363636363636363636363636363636363636363636363636363636363636B1
:20AFE000363636363636363636363636363636363636363636363636363636363636363691
:20B00000363636363636363636363636363636363636363636363636363636363636363670
:20B02000363636363636363636363636363636363636363636363636363636363636363650
:20B04000363636363636363636363636363636363636363636363636363636363636363630
:20B06000363636363636363636363636363636363636363636363636363636363636363610
:20B080003636363636363636363636363636363636363636363636363636363636363636F0
:20B0A0003636363636363636363636363636363636363636363636363636363636363636D0
:20B0C0003636363636363636363636363636363636363636363636363636363636363636B0
:20B0E000363636363636363636363636363636363636363636363636363636363636363690
:20B1000036363636363636363636363636363636363636363636363636363636363636366F
:20B1200036363636363636363636363636363636363636363636363636363636363636364F
:20B1400036363636363636363636363636363636363636363636363636363636363636362F
:20B1600036363636363636363636363636363636363636363636363636363636363636360F
:20B180003636363636363636363636363636363636363636363636363636363636363636EF
:20B1A0003636363636363636363636363636363636363636363636363636363636363636CF
:20B1C0003636363636363636363636363636363636363636363636363636363636363636AF
:20B1E00036363636363636363636363636363636363636363636363636363636363636368F
:20B2000036363636363636363636363636363636363636363636363636363636363636366E
:20B2200036363636363636363636363636363636363636363636363636363636363636364E
:20B2400036363636363636363636363636363636363636363636363636363636363636362E
:20B2600036363636363636363636363636363636363636363636363636363636363636360E
:20B280003636363636363636363636363636363636363636363636363636363636363636EE
:20B2A0003636363636363636363636363636363636363636363636363636363636363636CE
:20B2C0003636363636363636363636363636363636363636363636363636363636363636AE
:20B2E00036363636363636363636363636363636363636363636363636363636363636368E
:20B3000036363636363636363636363636363636363636363636363636363636363636366D
:20B3200036363636363636363636363636363636363636363636363636363636363636364D
:20B3400036363636363636363636363636363636363636363636363636363636363636362D
:20B3600036363636363636363636363636363636363636363636363636363636363636360D
:20B380003636363636363636363636363636363636363636363636363636363636363636ED
:20B3A0003636363636363636363636363636363636363636363636363636363636363636CD
:20B3C0003636363636363636363636363636363636363636363636363636363636363636AD
:20B3E00036363636363636363636363636363636363636363636363636363636363636368D
:20B4000036363636363636363636363636363636363636363636363636363636363636366C
:20B4200036363636363636363636363636363636363636363636363636363636363636364C
:20B4400036363636363636363636363636363636363636363636363636363636363636362C
:20B4600036363636363636363636363636363636363636363636363636363636363636360C
:20B480003636363636363636363636363636363636363636363636363636363636363636EC
:20B4A0003636363636363636363636363636363636363636363636363636363636363636CC
:20B4C0003636363636363636363636363636363636363636363636363636363636363636AC
:20B4E00036363636363636363636363636363636363636363636363636363636363636368C
:20B5000036363636363636363636363636363636363636363636363636363636363636366B
:20B5200036363636363636363636363636363636363636363636363636363636363636364B
:20B5400036363636363636363636363636363636363636363636363636363636363636362B
:20B5600036363636363636363636363636363636363636363636363636363636363636360B
:20B580003636363636363636363636363636363636363636363636363636363636363636EB
:20B5A0003636363636363636363636363636363636363636363636363636363636363636CB
:20B5C0003636363636363636363636363636363636363636363636363636363636363636AB
:20B5E00036363636363636363636363636363636363636363636363636363636363636368B
:20B6000036363636363636363636363636363636363636363636363636363636363636366A
:20B6200036363636363636363636363636363636363636363636363636363636363636364A
:20B6400036363636363636363636363636363636363636363636363636363636363636362A
:20B6600036363636363636363636363636363636363636363636363636363636363636360A
:20B680003636363636363636363636363636363636363636363636363636363636363636EA
:20B6A0003636363636363636363636363636363636363636363636363636363636363636CA
:20B6C0003636363636363636363636363636363636363636363636363636363636363636AA
:20B6E00036363636363636363636363636363636363636363636363636363636363636368A
:20B70000363636363636363636363636363636363636363636363636363636363636363669
:20B72000363636363636363636363636363636363636363636363636363636363636363649
:20B74000363636363636363636363636363636363636363636363636363636363636363629
:20B76000363636363636363636363636363636363636363636363636363636363636363609
:20B780003636363636363636363636363636363636363636363636363636363636363636E9
:20B7A0003636363636363636363636363636363636363636363636363636363636363636C9
:20B7C0003636363636363636363636363636363636363636363636363636363636363636A9
:20B7E000363636363636363636363636363636363636363636363636363636363636363689
:20B80000363636363636363636363636363636363636363636363636363636363636363668
:20B82000363636363636363636363636363636363636363636363636363636363636363648
:20B84000363636363636363636363636363636363636363636363636363636363636363628
:20B86000363636363636363636363636363636363636363636363636363636363636363608
:20B880003636363636363636363636363636363636363636363636363636363636363636E8
:20B8A0003636363636363636363636363636363636363636363636363636363636363636C8
:20B8C0003636363636363636363636363636363636363636363636363636363636363636A8
:20B8E000363636363636363636363636363636363636363636363636363636363636363688
:20B90000363636363636363636363636363636363636363636363636363636363636363667
:20B92000363636363636363636363636363636363636363636363636363636363636363647
:20B94000363636363636363636363636363636363636363636363636363636363636363627
:20B96000363636363636363636363636363636363636363636363636363636363636363607
:20B980003636363636363636363636363636363636363636363636363636363636363636E7
:20B9A0003636363636363636363636363636363636363636363636363636363636363636C7
:20B9C0003636363636363636363636363636363636363636363636363636363636363636A7
:20B9E000363636363636363636363636363636363636363636363636363636363636363687
:20BA0000363636363636363636363636363636363636363636363636363636363636363666
:20BA2000363636363636363636363636363636363636363636363636363636363636363646
:20BA4000363636363636363636363636363636363636363636363636363636363636363626
:20BA6000363636363636363636363636363636363636363636363636363636363636363606
:20BA80003636363636363636363636363636363636363636363636363636363636363636E6
:20BAA0003636363636363636363636363636363636363636363636363636363636363636C6
:20BAC0003636363636363636363636363636363636363636363636363636363636363636A6
:20BAE000363636363636363636363636363636363636363636363636363636363636363686
:20BB0000363636363636363636363636363636363636363636363636363636363636363665
:20BB2000363636363636363636363636363636363636363636363636363636363636363645
:20BB4000363636363636363636363636363636363636363636363636363636363636363625
:20BB6000363636363636363636363636363636363636363636363636363636363636363605
:20BB80003636363636363636363636363636363636363636363636363636363636363636E5
:20BBA0003636363636363636363636363636363636363636363636363636363636363636C5
:20BBC0003636363636363636363636363636363636363636363636363636363636363636A5
:20BBE000363636363636363636363636363636363636363636363636363636363636363685
:20BC0000363636363636363636363636363636363636363636363636363636363636363664
:20BC2000363636363636363636363636363636363636363636363636363636363636363644
:20BC4000363636363636363636363636363636363636363636363636363636363636363624
:20BC6000363636363636363636363636363636363636363636363636363636363636363604
:20BC80003636363636363636363636363636363636363636363636363636363636363636E4
:20BCA0003636363636363636363636363636363636363636363636363636363636363636C4
:20BCC0003636363636363636363636363636363636363636363636363636363636363636A4
:20BCE000363636363636363636363636363636363636363636363636363636363636363684
:20BD0000363636363636363636363636363636363636363636363636363636363636363663
:20BD2000363636363636363636363636363636363636363636363636363636363636363643
:20BD4000363636363636363636363636363636363636363636363636363636363636363623
:20BD6000363636363636363636363636363636363636363636363636363636363636363603
:20BD80003636363636363636363636363636363636363636363636363636363636363636E3
:20BDA0003636363636363636363636363636363636363636363636363636363636363636C3
:20BDC0003636363636363636363636363636363636363636363636363636363636363636A3
:20BDE000363636363636363636363636363636363636363636363636363636363636363683
:20BE0000363636363636363636363636363636363636363636363636363636363636363662
:20BE2000363636363636363636363636363636363636363636363636363636363636363642
:20BE4000363636363636363636363636363636363636363636363636363636363636363622
:20BE6000363636363636363636363636363636363636363636363636363636363636363602
:20BE80003636363636363636363636363636363636363636363636363636363636363636E2
:20BEA0003636363636363636363636363636363636363636363636363636363636363636C2
:20BEC0003636363636363636363636363636363636363636363636363636363636363636A2
:20BEE000363636363636363636363636363636363636363636363636363636363636363682
:20BF0000363636363636363636363636363636363636363636363636363636363636363661
:20BF2000363636363636363636363636363636363636363636363636363636363636363641
:20BF4000363636363636363636363636363636363636363636363636363636363636363621
:20BF6000363636363636363636363636363636363636363636363636363636363636363601
:20BF80003636363636363636363636363636363636363636363636363636363636363636E1
:20BFA0003636363636363636363636363636363636363636363636363636363636363636C1
:20BFC0003636363636363636363636363636363636363636363636363636363636363636A1
:20BFE000363636363636363636363636363636363636363636363636363636363636363681
:20C00000363636363636363636363636363636363636363636363636363636363636363660
:20C02000363636363636363636363636363636363636363636363636363636363636363640
:20C04000363636363636363636363636363636363636363636363636363636363636363620
:20C06000363636363636363636363636363636363636363636363636363636363636363600
:20C080003636363636363636363636363636363636363636363636363636363636363636E0
:20C0A0003636363636363636363636363636363636363636363636363636363636363636C0
:20C0C0003636363636363636363636363636363636363636363636363636363636363636A0
:20C0E000363636363636363636363636363636363636363636363636363636363636363680
:20C1000036363636363636363636363636363636363636363636363636363636363636365F
:20C1200036363636363636363636363636363636363636363636363636363636363636363F
:20C1400036363636363636363636363636363636363636363636363636363636363636361F
:20C160003636363636363636363636363636363636363636363636363636363636363636FF
:20C180003636363636363636363636363636363636363636363636363636363636363636DF
:20C1A0003636363636363636363636363636363636363636363636363636363636363636BF
:20C1C00036363636363636363636363636363636363636363636363636363636363636369F
:20C1E00036363636363636363636363636363636363636363636363636363636363636367F
:20C2000036363636363636363636363636363636363636363636363636363636363636365E
:20C2200036363636363636363636363636363636363636363636363636363636363636363E
:20C2400036363636363636363636363636363636363636363636363636363636363636361E
:20C260003636363636363636363636363636363636363636363636363636363636363636FE
:20C280003636363636363636363636363636363636363636363636363636363636363636DE
:20C2A0003636363636363636363636363636363636363636363636363636363636363636BE
:20C2C00036363636363636363636363636363636363636363636363636363636363636369E
:20C2E00036363636363636363636363636363636363636363636363636363636363636367E
:20C3000036363636363636363636363636363636363636363636363636363636363636365D
:20C3200036363636363636363636363636363636363636363636363636363636363636363D
:20C3400036363636363636363636363636363636363636363636363636363636363636361D
:20C360003636363636363636363636363636363636363636363636363636363636363636FD
:20C380003636363636363636363636363636363636363636363636363636363636363636DD
:20C3A0003636363636363636363636363636363636363636363636363636363636363636BD
:20C3C00036363636363636363636363636363636363636363636363636363636363636369D
:20C3E00036363636363636363636363636363636363636363636363636363636363636367D
:20C4000036363636363636363636363636363636363636363636363636363636363636365C
:20C4200036363636363636363636363636363636363636363636363636363636363636363C
:20C4400036363636363636363636363636363636363636363636363636363636363636361C
:20C460003636363636363636363636363636363636363636363636363636363636363636FC
:20C480003636363636363636363636363636363636363636363636363636363636363636DC
:20C4A0003636363636363636363636363636363636363636363636363636363636363636BC
:20C4C00036363636363636363636363636363636363636363636363636363636363636369C
:20C4E00036363636363636363636363636363636363636363636363636363636363636367C
:20C5000036363636363636363636363636363636363636363636363636363636363636365B
:20C5200036363636363636363636363636363636363636363636363636363636363636363B
:20C5400036363636363636363636363636363636363636363636363636363636363636361B
:20C560003636363636363636363636363636363636363636363636363636363636363636FB
:20C580003636363636363636363636363636363636363636363636363636363636363636DB
:20C5A0003636363636363636363636363636363636363636363636363636363636363636BB
:20C5C00036363636363636363636363636363636363636363636363636363636363636369B
:20C5E00036363636363636363636363636363636363636363636363636363636363636367B
:20C6000036363636363636363636363636363636363636363636363636363636363636365A
:20C6200036363636363636363636363636363636363636363636363636363636363636363A
:20C6400036363636363636363636363636363636363636363636363636363636363636361A
:20C660003636363636363636363636363636363636363636363636363636363636363636FA
:20C680003636363636363636363636363636363636363636363636363636363636363636DA
:20C6A0003636363636363636363636363636363636363636363636363636363636363636BA
:20C6C00036363636363636363636363636363636363636363636363636363636363636369A
:20C6E00036363636363636363636363636363636363636363636363636363636363636367A
:20C70000363636363636363636363636363636363636363636363636363636363636363659
:20C72000363636363636363636363636363636363636363636363636363636363636363639
:20C74000363636363636363636363636363636363636363636363636363636363636363619
:20C760003636363636363636363636363636363636363636363636363636363636363636F9
:20C780003636363636363636363636363636363636363636363636363636363636363636D9
:20C7A0003636363636363636363636363636363636363636363636363636363636363636B9
:20C7C000363636363636363636363636363636363636363636363636363636363636363699
:20C7E000363636363636363636363636363636363636363636363636363636363636363679
:20C80000363636363636363636363636363636363636363636363636363636363636363658
:20C82000363636363636363636363636363636363636363636363636363636363636363638
:20C84000363636363636363636363636363636363636363636363636363636363636363618
:20C860003636363636363636363636363636363636363636363636363636363636363636F8
:20C880003636363636363636363636363636363636363636363636363636363636363636D8
:20C8A0003636363636363636363636363636363636363636363636363636363636363636B8
:20C8C000363636363636363636363636363636363636363636363636363636363636363698
:20C8E000363636363636363636363636363636363636363636363636363636363636363678
:20C90000363636363636363636363636363636363636363636363636363636363636363657
:20C92000363636363636363636363636363636363636363636363636363636363636363637
:20C94000363636363636363636363636363636363636363636363636363636363636363617
:20C960003636363636363636363636363636363636363636363636363636363636363636F7
:20C980003636363636363636363636363636363636363636363636363636363636363636D7
:20C9A0003636363636363636363636363636363636363636363636363636363636363636B7
:20C9C000363636363636363636363636363636363636363636363636363636363636363697
:20C9E000363636363636363636363636363636363636363636363636363636363636363677
:20CA0000363636363636363636363636363636363636363636363636363636363636363656
:20CA2000363636363636363636363636363636363636363636363636363636363636363636
:20CA4000363636363636363636363636363636363636363636363636363636363636363616
:20CA60003636363636363636363636363636363636363636363636363636363636363636F6
:20CA80003636363636363636363636363636363636363636363636363636363636363636D6
:20CAA0003636363636363636363636363636363636363636363636363636363636363636B6
:20CAC000363636363636363636363636363636363636363636363636363636363636363696
:20CAE000363636363636363636363636363636363636363636363636363636363636363676
:20CB0000363636363636363636363636363636363636363636363636363636363636363655
:20CB2000363636363636363636363636363636363636363636363636363636363636363635
:20CB4000363636363636363636363636363636363636363636363636363636363636363615
:20CB60003636363636363636363636363636363636363636363636363636363636363636F5
:20CB80003636363636363636363636363636363636363636363636363636363636363636D5
:20CBA0003636363636363636363636363636363636363636363636363636363636363636B5
:20CBC000363636363636363636363636363636363636363636363636363636363636363695
:20CBE000363636363636363636363636363636363636363636363636363636363636363675
:20CC0000363636363636363636363636363636363636363636363636363636363636363654
:20CC2000363636363636363636363636363636363636363636363636363636363636363634
:20CC4000363636363636363636363636363636363636363636363636363636363636363614
:20CC60003636363636363636363636363636363636363636363636363636363636363636F4
:20CC80003636363636363636363636363636363636363636363636363636363636363636D4
:20CCA0003636363636363636363636363636363636363636363636363636363636363636B4
:20CCC000363636363636363636363636363636363636363636363636363636363636363694
:20CCE000363636363636363636363636363636363636363636363636363636363636363674
:20CD0000363636363636363636363636363636363636363636363636363636363636363653
:20CD2000363636363636363636363636363636363636363636363636363636363636363633
:20CD4000363636363636363636363636363636363636363636363636363636363636363613
:20CD60003636363636363636363636363636363636363636363636363636363636363636F3
:20CD80003636363636363636363636363636363636363636363636363636363636363636D3
:20CDA0003636363636363636363636363636363636363636363636363636363636363636B3
:20CDC000363636363636363636363636363636363636363636363636363636363636363693
:20CDE000363636363636363636363636363636363636363636363636363636363636363673
:20CE0000363636363636363636363636363636363636363636363636363636363636363652
:20CE2000363636363636363636363636363636363636363636363636363636363636363632
:20CE4000363636363636363636363636363636363636363636363636363636363636363612
:20CE60003636363636363636363636363636363636363636363636363636363636363636F2
:20CE80003636363636363636363636363636363636363636363636363636363636363636D2
:20CEA0003636363636363636363636363636363636363636363636363636363636363636B2
:20CEC000363636363636363636363636363636363636363636363636363636363636363692
:20CEE000363636363636363636363636363636363636363636363636363636363636363672
:20CF0000363636363636363636363636363636363636363636363636363636363636363651
:20CF2000363636363636363636363636363636363636363636363636363636363636363631
:20CF4000363636363636363636363636363636363636363636363636363636363636363611
:20CF60003636363636363636363636363636363636363636363636363636363636363636F1
:20CF80003636363636363636363636363636363636363636363636363636363636363636D1
:20CFA0003636363636363636363636363636363636363636363636363636363636363636B1
:20CFC000363636363636363636363636363636363636363636363636363636363636363691
:20CFE000363636363636363636363636363636363636363636363636363636363636363671
:20D00000363636363636363636363636363636363636363636363636363636363636363650
:20D02000363636363636363636363636363636363636363636363636363636363636363630
:20D04000363636363636363636363636363636363636363636363636363636363636363610
:20D060003636363636363636363636363636363636363636363636363636363636363636F0
:20D080003636363636363636363636363636363636363636363636363636363636363636D0
:20D0A0003636363636363636363636363636363636363636363636363636363636363636B0
:20D0C000363636363636363636363636363636363636363636363636363636363636363690
:20D0E000363636363636363636363636363636363636363636363636363636363636363670
:20D1000036363636363636363636363636363636363636363636363636363636363636364F
:20D1200036363636363636363636363636363636363636363636363636363636363636362F
:20D1400036363636363636363636363636363636363636363636363636363636363636360F
:20D160003636363636363636363636363636363636363636363636363636363636363636EF
:20D180003636363636363636363636363636363636363636363636363636363636363636CF
:20D1A0003636363636363636363636363636363636363636363636363636363636363636AF
:20D1C00036363636363636363636363636363636363636363636363636363636363636368F
:20D1E00036363636363636363636363636363636363636363636363636363636363636366F
:20D2000036363636363636363636363636363636363636363636363636363636363636364E
:20D2200036363636363636363636363636363636363636363636363636363636363636362E
:20D2400036363636363636363636363636363636363636363636363636363636363636360E
:20D260003636363636363636363636363636363636363636363636363636363636363636EE
:20D280003636363636363636363636363636363636363636363636363636363636363636CE
:20D2A0003636363636363636363636363636363636363636363636363636363636363636AE
:20D2C00036363636363636363636363636363636363636363636363636363636363636368E
:20D2E00036363636363636363636363636363636363636363636363636363636363636366E
:20D3000036363636363636363636363636363636363636363636363636363636363636364D
:20D3200036363636363636363636363636363636363636363636363636363636363636362D
:20D3400036363636363636363636363636363636363636363636363636363636363636360D
:20D360003636363636363636363636363636363636363636363636363636363636363636ED
:20D380003636363636363636363636363636363636363636363636363636363636363636CD
:20D3A0003636363636363636363636363636363636363636363636363636363636363636AD
:20D3C00036363636363636363636363636363636363636363636363636363636363636368D
:20D3E00036363636363636363636363636363636363636363636363636363636363636366D
:20D4000036363636363636363636363636363636363636363636363636363636363636364C
:20D4200036363636363636363636363636363636363636363636363636363636363636362C
:20D4400036363636363636363636363636363636363636363636363636363636363636360C
:20D460003636363636363636363636363636363636363636363636363636363636363636EC
:20D480003636363636363636363636363636363636363636363636363636363636363636CC
:20D4A0003636363636363636363636363636363636363636363636363636363636363636AC
:20D4C00036363636363636363636363636363636363636363636363636363636363636368C
:20D4E00036363636363636363636363636363636363636363636363636363636363636366C
:20D5000036363636363636363636363636363636363636363636363636363636363636364B
:20D5200036363636363636363636363636363636363636363636363636363636363636362B
:20D5400036363636363636363636363636363636363636363636363636363636363636360B
:20D560003636363636363636363636363636363636363636363636363636363636363636EB
:20D580003636363636363636363636363636363636363636363636363636363636363636CB
:20D5A0003636363636363636363636363636363636363636363636363636363636363636AB
:20D5C00036363636363636363636363636363636363636363636363636363636363636368B
:20D5E00036363636363636363636363636363636363636363636363636363636363636366B
:20D6000036363636363636363636363636363636363636363636363636363636363636364A
:20D6200036363636363636363636363636363636363636363636363636363636363636362A
:20D6400036363636363636363636363636363636363636363636363636363636363636360A
:20D660003636363636363636363636363636363636363636363636363636363636363636EA
:20D680003636363636363636363636363636363636363636363636363636363636363636CA
:20D6A0003636363636363636363636363636363636363636363636363636363636363636AA
:20D6C00036363636363636363636363636363636363636363636363636363636363636368A
:20D6E00036363636363636363636363636363636363636363636363636363636363636366A
:20D70000363636363636363636363636363636363636363636363636363636363636363649
:20D72000363636363636363636363636363636363636363636363636363636363636363629
:20D74000363636363636363636363636363636363636363636363636363636363636363609
:20D760003636363636363636363636363636363636363636363636363636363636363636E9
:20D780003636363636363636363636363636363636363636363636363636363636363636C9
:20D7A0003636363636363636363636363636363636363636363636363636363636363636A9
:20D7C000363636363636363636363636363636363636363636363636363636363636363689
:20D7E000363636363636363636363636363636363636363636363636363636363636363669
:20D80000363636363636363636363636363636363636363636363636363636363636363648
:20D82000363636363636363636363636363636363636363636363636363636363636363628
:20D84000363636363636363636363636363636363636363636363636363636363636363608
:20D860003636363636363636363636363636363636363636363636363636363636363636E8
:20D880003636363636363636363636363636363636363636363636363636363636363636C8
:20D8A0003636363636363636363636363636363636363636363636363636363636363636A8
:20D8C000363636363636363636363636363636363636363636363636363636363636363688
:20D8E000363636363636363636363636363636363636363636363636363636363636363668
:20D90000363636363636363636363636363636363636363636363636363636363636363647
:20D92000363636363636363636363636363636363636363636363636363636363636363627
:20D94000363636363636363636363636363636363636363636363636363636363636363607
:20D960003636363636363636363636363636363636363636363636363636363636363636E7
:20D980003636363636363636363636363636363636363636363636363636363636363636C7
:20D9A0003636363636363636363636363636363636363636363636363636363636363636A7
:20D9C000363636363636363636363636363636363636363636363636363636363636363687
:20D9E000363636363636363636363636363636363636363636363636363636363636363667
:20DA0000363636363636363636363636363636363636363636363636363636363636363646
:20DA2000363636363636363636363636363636363636363636363636363636363636363626
:20DA4000363636363636363636363636363636363636363636363636363636363636363606
:20DA60003636363636363636363636363636363636363636363636363636363636363636E6
:20DA80003636363636363636363636363636363636363636363636363636363636363636C6
:20DAA0003636363636363636363636363636363636363636363636363636363636363636A6
:20DAC000363636363636363636363636363636363636363636363636363636363636363686
:20DAE000363636363636363636363636363636363636363636363636363636363636363666
:20DB0000363636363636363636363636363636363636363636363636363636363636363645
:20DB2000363636363636363636363636363636363636363636363636363636363636363625
:20DB4000363636363636363636363636363636363636363636363636363636363636363605
:20DB60003636363636363636363636363636363636363636363636363636363636363636E5
:20DB80003636363636363636363636363636363636363636363636363636363636363636C5
:20DBA0003636363636363636363636363636363636363636363636363636363636363636A5
:20DBC000363636363636363636363636363636363636363636363636363636363636363685
:20DBE000363636363636363636363636363636363636363636363636363636363636363665
:20DC0000363636363636363636363636363636363636363636363636363636363636363644
:20DC2000363636363636363636363636363636363636363636363636363636363636363624
:20DC4000363636363636363636363636363636363636363636363636363636363636363604
:20DC60003636363636363636363636363636363636363636363636363636363636363636E4
:20DC80003636363636363636363636363636363636363636363636363636363636363636C4
:20DCA0003636363636363636363636363636363636363636363636363636363636363636A4
:20DCC000363636363636363636363636363636363636363636363636363636363636363684
:20DCE000363636363636363636363636363636363636363636363636363636363636363664
:20DD0000363636363636363636363636363636363636363636363636363636363636363643
:20DD2000363636363636363636363636363636363636363636363636363636363636363623
:20DD4000363636363636363636363636363636363636363636363636363636363636363603
:20DD60003636363636363636363636363636363636363636363636363636363636363636E3
:20DD80003636363636363636363636363636363636363636363636363636363636363636C3
:20DDA0003636363636363636363636363636363636363636363636363636363636363636A3
:20DDC000363636363636363636363636363636363636363636363636363636363636363683
:20DDE000363636363636363636363636363636363636363636363636363636363636363663
:20DE0000363636363636363636363636363636363636363636363636363636363636363642
:20DE2000363636363636363636363636363636363636363636363636363636363636363622
:20DE4000363636363636363636363636363636363636363636363636363636363636363602
:20DE60003636363636363636363636363636363636363636363636363636363636363636E2
:20DE80003636363636363636363636363636363636363636363636363636363636363636C2
:20DEA0003636363636363636363636363636363636363636363636363636363636363636A2
:20DEC000363636363636363636363636363636363636363636363636363636363636363682
:20DEE000363636363636363636363636363636363636363636363636363636363636363662
:20DF0000363636363636363636363636363636363636363636363636363636363636363641
:20DF2000363636363636363636363636363636363636363636363636363636363636363621
:20DF4000363636363636363636363636363636363636363636363636363636363636363601
:20DF60003636363636363636363636363636363636363636363636363636363636363636E1
:20DF80003636363636363636363636363636363636363636363636363636363636363636C1
:20DFA0003636363636363636363636363636363636363636363636363636363636363636A1
:20DFC000363636363636363636363636363636363636363636363636363636363636363681
:20DFE000363636363636363636363636363636363636363636363636363636363636363661
:20E00000363636363636363636363636363636363636363636363636363636363636363640
:20E02000363636363636363636363636363636363636363636363636363636363636363620
:20E04000363636363636363636363636363636363636363636363636363636363636363600
:20E060003636363636363636363636363636363636363636363636363636363636363636E0
:20E080003636363636363636363636363636363636363636363636363636363636363636C0
:20E0A0003636363636363636363636363636363636363636363636363636363636363636A0
:20E0C000363636363636363636363636363636363636363636363636363636363636363680
:20E0E000363636363636363636363636363636363636363636363636363636363636363660
:20E1000036363636363636363636363636363636363636363636363636363636363636363F
:20E1200036363636363636363636363636363636363636363636363636363636363636361F
:20E140003636363636363636363636363636363636363636363636363636363636363636FF
:20E160003636363636363636363636363636363636363636363636363636363636363636DF
:20E180003636363636363636363636363636363636363636363636363636363636363636BF
:20E1A00036363636363636363636363636363636363636363636363636363636363636369F
:20E1C00036363636363636363636363636363636363636363636363636363636363636367F
:20E1E00036363636363636363636363636363636363636363636363636363636363636365F
:20E2000036363636363636363636363636363636363636363636363636363636363636363E
:20E2200036363636363636363636363636363636363636363636363636363636363636361E
:20E240003636363636363636363636363636363636363636363636363636363636363636FE
:20E260003636363636363636363636363636363636363636363636363636363636363636DE
:20E280003636363636363636363636363636363636363636363636363636363636363636BE
:20E2A00036363636363636363636363636363636363636363636363636363636363636369E
:20E2C00036363636363636363636363636363636363636363636363636363636363636367E
:20E2E00036363636363636363636363636363636363636363636363636363636363636365E
:20E3000036363636363636363636363636363636363636363636363636363636363636363D
:20E3200036363636363636363636363636363636363636363636363636363636363636361D
:20E340003636363636363636363636363636363636363636363636363636363636363636FD
:20E360003636363636363636363636363636363636363636363636363636363636363636DD
:20E380003636363636363636363636363636363636363636363636363636363636363636BD
:20E3A00036363636363636363636363636363636363636363636363636363636363636369D
:20E3C00036363636363636363636363636363636363636363636363636363636363636367D
:20E3E00036363636363636363636363636363636363636363636363636363636363636365D
:20E4000036363636363636363636363636363636363636363636363636363636363636363C
:20E4200036363636363636363636363636363636363636363636363636363636363636361C
:20E440003636363636363636363636363636363636363636363636363636363636363636FC
:20E460003636363636363636363636363636363636363636363636363636363636363636DC
:20E480003636363636363636363636363636363636363636363636363636363636363636BC
:20E4A00036363636363636363636363636363636363636363636363636363636363636369C
:20E4C00036363636363636363636363636363636363636363636363636363636363636367C
:20E4E00036363636363636363636363636363636363636363636363636363636363636365C
:20E5000036363636363636363636363636363636363636363636363636363636363636363B
:20E5200036363636363636363636363636363636363636363636363636363636363636361B
:20E540003636363636363636363636363636363636363636363636363636363636363636FB
:20E560003636363636363636363636363636363636363636363636363636363636363636DB
:20E580003636363636363636363636363636363636363636363636363636363636363636BB
:20E5A00036363636363636363636363636363636363636363636363636363636363636369B
:20E5C00036363636363636363636363636363636363636363636363636363636363636367B
:20E5E00036363636363636363636363636363636363636363636363636363636363636365B
:20E6000036363636363636363636363636363636363636363636363636363636363636363A
:20E6200036363636363636363636363636363636363636363636363636363636363636361A
:20E640003636363636363636363636363636363636363636363636363636363636363636FA
:20E660003636363636363636363636363636363636363636363636363636363636363636DA
:20E680003636363636363636363636363636363636363636363636363636363636363636BA
:20E6A00036363636363636363636363636363636363636363636363636363636363636369A
:20E6C00036363636363636363636363636363636363636363636363636363636363636367A
:20E6E00036363636363636363636363636363636363636363636363636363636363636365A
:20E70000363636363636363636363636363636363636363636363636363636363636363639
:20E72000363636363636363636363636363636363636363636363636363636363636363619
:20E740003636363636363636363636363636363636363636363636363636363636363636F9
:20E760003636363636363636363636363636363636363636363636363636363636363636D9
:20E780003636363636363636363636363636363636363636363636363636363636363636B9
:20E7A000363636363636363636363636363636363636363636363636363636363636363699
:20E7C000363636363636363636363636363636363636363636363636363636363636363679
:20E7E000363636363636363636363636363636363636363636363636363636363636363659
:20E80000363636363636363636363636363636363636363636363636363636363636363638
:20E82000363636363636363636363636363636363636363636363636363636363636363618
:20E840003636363636363636363636363636363636363636363636363636363636363636F8
:20E860003636363636363636363636363636363636363636363636363636363636363636D8
:20E880003636363636363636363636363636363636363636363636363636363636363636B8
:20E8A000363636363636363636363636363636363636363636363636363636363636363698
:20E8C000363636363636363636363636363636363636363636363636363636363636363678
:20E8E000363636363636363636363636363636363636363636363636363636363636363658
:20E90000363636363636363636363636363636363636363636363636363636363636363637
:20E92000363636363636363636363636363636363636363636363636363636363636363617
:20E940003636363636363636363636363636363636363636363636363636363636363636F7
:20E960003636363636363636363636363636363636363636363636363636363636363636D7
:20E980003636363636363636363636363636363636363636363636363636363636363636B7
:20E9A000363636363636363636363636363636363636363636363636363636363636363697
:20E9C000363636363636363636363636363636363636363636363636363636363636363677
:20E9E000363636363636363636363636363636363636363636363636363636363636363657
:20EA0000363636363636363636363636363636363636363636363636363636363636363636
:20EA2000363636363636363636363636363636363636363636363636363636363636363616
:20EA40003636363636363636363636363636363636363636363636363636363636363636F6
:20EA60003636363636363636363636363636363636363636363636363636363636363636D6
:20EA80003636363636363636363636363636363636363636363636363636363636363636B6
:20EAA000363636363636363636363636363636363636363636363636363636363636363696
:20EAC000363636363636363636363636363636363636363636363636363636363636363676
:20EAE000363636363636363636363636363636363636363636363636363636363636363656
:20EB0000363636363636363636363636363636363636363636363636363636363636363635
:20EB2000363636363636363636363636363636363636363636363636363636363636363615
:20EB40003636363636363636363636363636363636363636363636363636363636363636F5
:20EB60003636363636363636363636363636363636363636363636363636363636363636D5
:20EB80003636363636363636363636363636363636363636363636363636363636363636B5
:20EBA000363636363636363636363636363636363636363636363636363636363636363695
:20EBC000363636363636363636363636363636363636363636363636363636363636363675
:20EBE000363636363636363636363636363636363636363636363636363636363636363655
:20EC0000363636363636363636363636363636363636363636363636363636363636363634
:20EC2000363636363636363636363636363636363636363636363636363636363636363614
:20EC40003636363636363636363636363636363636363636363636363636363636363636F4
:20EC60003636363636363636363636363636363636363636363636363636363636363636D4
:20EC80003636363636363636363636363636363636363636363636363636363636363636B4
:20ECA000363636363636363636363636363636363636363636363636363636363636363694
:20ECC000363636363636363636363636363636363636363636363636363636363636363674
:20ECE000363636363636363636363636363636363636363636363636363636363636363654
:20ED0000363636363636363636363636363636363636363636363636363636363636363633
:20ED2000363636363636363636363636363636363636363636363636363636363636363613
:20ED40003636363636363636363636363636363636363636363636363636363636363636F3
:20ED60003636363636363636363636363636363636363636363636363636363636363636D3
:20ED80003636363636363636363636363636363636363636363636363636363636363636B3
:20EDA000363636363636363636363636363636363636363636363636363636363636363693
:20EDC000363636363636363636363636363636363636363636363636363636363636363673
:20EDE000363636363636363636363636363636363636363636363636363636363636363653
:20EE0000363636363636363636363636363636363636363636363636363636363636363632
:20EE2000363636363636363636363636363636363636363636363636363636363636363612
:20EE40003636363636363636363636363636363636363636363636363636363636363636F2
:20EE60003636363636363636363636363636363636363636363636363636363636363636D2
:20EE80003636363636363636363636363636363636363636363636363636363636363636B2
:20EEA000363636363636363636363636363636363636363636363636363636363636363692
:20EEC000363636363636363636363636363636363636363636363636363636363636363672
:20EEE000363636363636363636363636363636363636363636363636363636363636363652
:20EF0000363636363636363636363636363636363636363636363636363636363636363631
:20EF2000363636363636363636363636363636363636363636363636363636363636363611
:20EF40003636363636363636363636363636363636363636363636363636363636363636F1
:20EF60003636363636363636363636363636363636363636363636363636363636363636D1
:20EF80003636363636363636363636363636363636363636363636363636363636363636B1
:20EFA000363636363636363636363636363636363636363636363636363636363636363691
:20EFC000363636363636363636363636363636363636363636363636363636363636363671
:20EFE000363636363636363636363636363636363636363636363636363636363636363651
:20F00000363636363636363636363636363636363636363636363636363636363636363630
:20F02000363636363636363636363636363636363636363636363636363636363636363610
:20F040003636363636363636363636363636363636363636363636363636363636363636F0
:20F060003636363636363636363636363636363636363636363636363636363636363636D0
:20F080003636363636363636363636363636363636363636363636363636363636363636B0
:20F0A000363636363636363636363636363636363636363636363636363636363636363690
:20F0C000363636363636363636363636363636363636363636363636363636363636363670
:20F0E000363636363636363636363636363636363636363636363636363636363636363650
:20F1000036363636363636363636363636363636363636363636363636363636363636362F
:20F1200036363636363636363636363636363636363636363636363636363636363636360F
:20F140003636363636363636363636363636363636363636363636363636363636363636EF
:20F160003636363636363636363636363636363636363636363636363636363636363636CF
:20F180003636363636363636363636363636363636363636363636363636363636363636AF
:20F1A00036363636363636363636363636363636363636363636363636363636363636368F
:20F1C00036363636363636363636363636363636363636363636363636363636363636366F
:20F1E00036363636363636363636363636363636363636363636363636363636363636364F
:20F2000036363636363636363636363636363636363636363636363636363636363636362E
:20F2200036363636363636363636363636363636363636363636363636363636363636360E
:20F240003636363636363636363636363636363636363636363636363636363636363636EE
:20F260003636363636363636363636363636363636363636363636363636363636363636CE
:20F280003636363636363636363636363636363636363636363636363636363636363636AE
:20F2A00036363636363636363636363636363636363636363636363636363636363636368E
:20F2C00036363636363636363636363636363636363636363636363636363636363636366E
:20F2E00036363636363636363636363636363636363636363636363636363636363636364E
:20F3000036363636363636363636363636363636363636363636363636363636363636362D
:20F3200036363636363636363636363636363636363636363636363636363636363636360D
:20F340003636363636363636363636363636363636363636363636363636363636363636ED
:20F360003636363636363636363636363636363636363636363636363636363636363636CD
:20F380003636363636363636363636363636363636363636363636363636363636363636AD
:20F3A00036363636363636363636363636363636363636363636363636363636363636368D
:20F3C00036363636363636363636363636363636363636363636363636363636363636366D
:20F3E00036363636363636363636363636363636363636363636363636363636363636364D
:20F4000036363636363636363636363636363636363636363636363636363636363636362C
:20F4200036363636363636363636363636363636363636363636363636363636363636360C
:20F440003636363636363636363636363636363636363636363636363636363636363636EC
:20F460003636363636363636363636363636363636363636363636363636363636363636CC
:20F480003636363636363636363636363636363636363636363636363636363636363636AC
:20F4A00036363636363636363636363636363636363636363636363636363636363636368C
:20F4C00036363636363636363636363636363636363636363636363636363636363636366C
:20F4E00036363636363636363636363636363636363636363636363636363636363636364C
:20F5000036363636363636363636363636363636363636363636363636363636363636362B
:20F5200036363636363636363636363636363636363636363636363636363636363636360B
:20F540003636363636363636363636363636363636363636363636363636363636363636EB
:20F560003636363636363636363636363636363636363636363636363636363636363636CB
:20F580003636363636363636363636363636363636363636363636363636363636363636AB
:20F5A00036363636363636363636363636363636363636363636363636363636363636368B
:20F5C00036363636363636363636363636363636363636363636363636363636363636366B
:20F5E00036363636363636363636363636363636363636363636363636363636363636364B
:20F6000036363636363636363636363636363636363636363636363636363636363636362A
:20F6200036363636363636363636363636363636363636363636363636363636363636360A
:20F640003636363636363636363636363636363636363636363636363636363636363636EA
:20F660003636363636363636363636363636363636363636363636363636363636363636CA
:20F680003636363636363636363636363636363636363636363636363636363636363636AA
:20F6A00036363636363636363636363636363636363636363636363636363636363636368A
:20F6C00036363636363636363636363636363636363636363636363636363636363636366A
:20F6E00036363636363636363636363636363636363636363636363636363636363636364A
:20F70000363636363636363636363636363636363636363636363636363636363636363629
:20F72000363636363636363636363636363636363636363636363636363636363636363609
:20F740003636363636363636363636363636363636363636363636363636363636363636E9
:20F760003636363636363636363636363636363636363636363636363636363636363636C9
:20F780003636363636363636363636363636363636363636363636363636363636363636A9
:20F7A000363636363636363636363636363636363636363636363636363636363636363689
:20F7C000363636363636363636363636363636363636363636363636363636363636363669
:20F7E000363636363636363636363636363636363636363636363636363636363636363649
:20F80000363636363636363636363636363636363636363636363636363636363636363628
:20F82000363636363636363636363636363636363636363636363636363636363636363608
:20F840003636363636363636363636363636363636363636363636363636363636363636E8
:20F860003636363636363636363636363636363636363636363636363636363636363636C8
:20F880003636363636363636363636363636363636363636363636363636363636363636A8
:20F8A000363636363636363636363636363636363636363636363636363636363636363688
:20F8C000363636363636363636363636363636363636363636363636363636363636363668
:20F8E000363636363636363636363636363636363636363636363636363636363636363648
:20F90000363636363636363636363636363636363636363636363636363636363636363627
:20F92000363636363636363636363636363636363636363636363636363636363636363607
:20F940003636363636363636363636363636363636363636363636363636363636363636E7
:20F960003636363636363636363636363636363636363636363636363636363636363636C7
:20F980003636363636363636363636363636363636363636363636363636363636363636A7
:20F9A000363636363636363636363636363636363636363636363636363636363636363687
:20F9C000363636363636363636363636363636363636363636363636363636363636363667
:20F9E000363636363636363636363636363636363636363636363636363636363636363647
:20FA0000363636363636363636363636363636363636363636363636363636363636363626
:20FA2000363636363636363636363636363636363636363636363636363636363636363606
:20FA40003636363636363636363636363636363636363636363636363636363636363636E6
:20FA60003636363636363636363636363636363636363636363636363636363636363636C6
:20FA80003636363636363636363636363636363636363636363636363636363636363636A6
:20FAA000363636363636363636363636363636363636363636363636363636363636363686
:20FAC000363636363636363636363636363636363636363636363636363636363636363666
:20FAE000363636363636363636363636363636363636363636363636363636363636363646
:20FB0000363636363636363636363636363636363636363636363636363636363636363625
:20FB2000363636363636363636363636363636363636363636363636363636363636363605
:20FB40003636363636363636363636363636363636363636363636363636363636363636E5
:20FB60003636363636363636363636363636363636363636363636363636363636363636C5
:20FB80003636363636363636363636363636363636363636363636363636363636363636A5
:20FBA000363636363636363636363636363636363636363636363636363636363636363685
:20FBC000363636363636363636363636363636363636363636363636363636363636363665
:20FBE000363636363636363636363636363636363636363636363636363636363636363645
:20FC0000363636363636363636363636363636363636363636363636363636363636363624
:20FC2000363636363636363636363636363636363636363636363636363636363636363604
:20FC40003636363636363636363636363636363636363636363636363636363636363636E4
:20FC60003636363636363636363636363636363636363636363636363636363636363636C4
:20FC80003636363636363636363636363636363636363636363636363636363636363636A4
:20FCA000363636363636363636363636363636363636363636363636363636363636363684
:20FCC000363636363636363636363636363636363636363636363636363636363636363664
:20FCE000363636363636363636363636363636363636363636363636363636363636363644
:20FD0000363636363636363636363636363636363636363636363636363636363636363623
:20FD2000363636363636363636363636363636363636363636363636363636363636363603
:20FD40003636363636363636363636363636363636363636363636363636363636363636E3
:20FD60003636363636363636363636363636363636363636363636363636363636363636C3
:20FD80003636363636363636363636363636363636363636363636363636363636363636A3
:20FDA000363636363636363636363636363636363636363636363636363636363636363683
:20FDC000363636363636363636363636363636363636363636363636363636363636363663
:20FDE000363636363636363636363636363636363636363636363636363636363636363643
:20FE0000363636363636363636363636363636363636363636363636363636363636363622
:20FE2000363636363636363636363636363636363636363636363636363636363636363602
:20FE40003636363636363636363636363636363636363636363636363636363636363636E2
:20FE60003636363636363636363636363636363636363636363636363636363636363636C2
:20FE80003636363636363636363636363636363636363636363636363636363636363636A2
:20FEA000363636363636363636363636363636363636363636363636363636363636363682
:20FEC000363636363636363636363636363636363636363636363636363636363636363662
:20FEE000363636363636363636363636363636363636363636363636363636363636363642
:20FF0000363636363636363636363636363636363636363636363636363636363636363621
:20FF2000363636363636363636363636363636363636363636363636363636363636363601
:20FF40003636363636363636363636363636363636363636363636363636363636363636E1
:20FF60003636363636363636363636363636363636363636363636363636363636363636C1
:20FF80003636363636363636363636363636363636363636363636363636363636363636A1
:20FFA000363636363636363636363636363636363636363636363636363636363636363681
:20FFC000363636363636363636363636363636363636363636363636363636363636363661
:20FFE000363636363636363636363636363636363636363636363636363636363636363641
:02000004800278
:20000000363636363636363636363636363636363636363636363636363636363636363620
:20002000363636363636363636363636363636363636363636363636363636363636363600
:200040003636363636363636363636363636363636363636363636363636363636363636E0
:200060003636363636363636363636363636363636363636363636363636363636363636C0
:200080003636363636363636363636363636363636363636363636363636363636363636A0
:2000A000363636363636363636363636363636363636363636363636363636363636363680
:2000C000363636363636363636363636363636363636363636363636363636363636363660
:2000E000363636363636363636363636363636363636363636363636363636363636363640
:2001000036363636363636363636363636363636363636363636363636363636363636361F
:200120003636363636363636363636363636363636363636363636363636363636363636FF
:200140003636363636363636363636363636363636363636363636363636363636363636DF
:200160003636363636363636363636363636363636363636363636363636363636363636BF
:2001800036363636363636363636363636363636363636363636363636363636363636369F
:2001A00036363636363636363636363636363636363636363636363636363636363636367F
:2001C00036363636363636363636363636363636363636363636363636363636363636365F
:2001E00036363636363636363636363636363636363636363636363636363636363636363F
:2002000036363636363636363636363636363636363636363636363636363636363636361E
:200220003636363636363636363636363636363636363636363636363636363636363636FE
:200240003636363636363636363636363636363636363636363636363636363636363636DE
:200260003636363636363636363636363636363636363636363636363636363636363636BE
:2002800036363636363636363636363636363636363636363636363636363636363636369E
:2002A00036363636363636363636363636363636363636363636363636363636363636367E
:2002C00036363636363636363636363636363636363636363636363636363636363636365E
:2002E00036363636363636363636363636363636363636363636363636363636363636363E
:2003000036363636363636363636363636363636363636363636363636363636363636361D
:200320003636363636363636363636363636363636363636363636363636363636363636FD
:200340003636363636363636363636363636363636363636363636363636363636363636DD
:200360003636363636363636363636363636363636363636363636363636363636363636BD
:2003800036363636363636363636363636363636363636363636363636363636363636369D
:2003A00036363636363636363636363636363636363636363636363636363636363636367D
:2003C00036363636363636363636363636363636363636363636363636363636363636365D
:2003E00036363636363636363636363636363636363636363636363636363636363636363D
:2004000036363636363636363636363636363636363636363636363636363636363636361C
:200420003636363636363636363636363636363636363636363636363636363636363636FC
:200440003636363636363636363636363636363636363636363636363636363636363636DC
:200460003636363636363636363636363636363636363636363636363636363636363636BC
:2004800036363636363636363636363636363636363636363636363636363636363636369C
:2004A00036363636363636363636363636363636363636363636363636363636363636367C
:2004C00036363636363636363636363636363636363636363636363636363636363636365C
:2004E00036363636363636363636363636363636363636363636363636363636363636363C
:2005000036363636363636363636363636363636363636363636363636363636363636361B
:200520003636363636363636363636363636363636363636363636363636363636363636FB
:200540003636363636363636363636363636363636363636363636363636363636363636DB
:200560003636363636363636363636363636363636363636363636363636363636363636BB
:2005800036363636363636363636363636363636363636363636363636363636363636369B
:2005A00036363636363636363636363636363636363636363636363636363636363636367B
:2005C00036363636363636363636363636363636363636363636363636363636363636365B
:2005E00036363636363636363636363636363636363636363636363636363636363636363B
:2006000036363636363636363636363636363636363636363636363636363636363636361A
:200620003636363636363636363636363636363636363636363636363636363636363636FA
:200640003636363636363636363636363636363636363636363636363636363636363636DA
:200660003636363636363636363636363636363636363636363636363636363636363636BA
:2006800036363636363636363636363636363636363636363636363636363636363636369A
:2006A00036363636363636363636363636363636363636363636363636363636363636367A
:2006C00036363636363636363636363636363636363636363636363636363636363636365A
:2006E00036363636363636363636363636363636363636363636363636363636363636363A
:20070000363636363636363636363636363636363636363636363636363636363636363619
:200720003636363636363636363636363636363636363636363636363636363636363636F9
:200740003636363636363636363636363636363636363636363636363636363636363636D9
:200760003636363636363636363636363636363636363636363636363636363636363636B9
:20078000363636363636363636363636363636363636363636363636363636363636363699
:2007A000363636363636363636363636363636363636363636363636363636363636363679
:2007C000363636363636363636363636363636363636363636363636363636363636363659
:2007E000363636363636363636363636363636363636363636363636363636363636363639
:20080000363636363636363636363636363636363636363636363636363636363636363618
:200820003636363636363636363636363636363636363636363636363636363636363636F8
:200840003636363636363636363636363636363636363636363636363636363636363636D8
:200860003636363636363636363636363636363636363636363636363636363636363636B8
:20088000363636363636363636363636363636363636363636363636363636363636363698
:2008A000363636363636363636363636363636363636363636363636363636363636363678
:2008C000363636363636363636363636363636363636363636363636363636363636363658
:2008E000363636363636363636363636363636363636363636363636363636363636363638
:20090000363636363636363636363636363636363636363636363636363636363636363617
:200920003636363636363636363636363636363636363636363636363636363636363636F7
:200940003636363636363636363636363636363636363636363636363636363636363636D7
:200960003636363636363636363636363636363636363636363636363636363636363636B7
:20098000363636363636363636363636363636363636363636363636363636363636363697
:2009A000363636363636363636363636363636363636363636363636363636363636363677
:2009C000363636363636363636363636363636363636363636363636363636363636363657
:2009E000363636363636363636363636363636363636363636363636363636363636363637
:200A0000363636363636363636363636363636363636363636363636363636363636363616
:200A20003636363636363636363636363636363636363636363636363636363636363636F6
:200A40003636363636363636363636363636363636363636363636363636363636363636D6
:200A60003636363636363636363636363636363636363636363636363636363636363636B6
:200A8000363636363636363636363636363636363636363636363636363636363636363696
:200AA000363636363636363636363636363636363636363636363636363636363636363676
:200AC000363636363636363636363636363636363636363636363636363636363636363656
:200AE000363636363636363636363636363636363636363636363636363636363636363636
:200B0000363636363636363636363636363636363636363636363636363636363636363615
:200B20003636363636363636363636363636363636363636363636363636363636363636F5
:200B40003636363636363636363636363636363636363636363636363636363636363636D5
:200B60003636363636363636363636363636363636363636363636363636363636363636B5
:200B8000363636363636363636363636363636363636363636363636363636363636363695
:200BA000363636363636363636363636363636363636363636363636363636363636363675
:200BC000363636363636363636363636363636363636363636363636363636363636363655
:200BE000363636363636363636363636363636363636363636363636363636363636363635
:200C0000363636363636363636363636363636363636363636363636363636363636363614
:200C20003636363636363636363636363636363636363636363636363636363636363636F4
:200C40003636363636363636363636363636363636363636363636363636363636363636D4
:200C60003636363636363636363636363636363636363636363636363636363636363636B4
:200C8000363636363636363636363636363636363636363636363636363636363636363694
:200CA000363636363636363636363636363636363636363636363636363636363636363674
:200CC000363636363636363636363636363636363636363636363636363636363636363654
:200CE000363636363636363636363636363636363636363636363636363636363636363634
:200D0000363636363636363636363636363636363636363636363636363636363636363613
:200D20003636363636363636363636363636363636363636363636363636363636363636F3
:200D40003636363636363636363636363636363636363636363636363636363636363636D3
:200D60003636363636363636363636363636363636363636363636363636363636363636B3
:200D8000363636363636363636363636363636363636363636363636363636363636363693
:200DA000363636363636363636363636363636363636363636363636363636363636363673
:200DC000363636363636363636363636363636363636363636363636363636363636363653
:200DE000363636363636363636363636363636363636363636363636363636363636363633
:200E0000363636363636363636363636363636363636363636363636363636363636363612
:200E20003636363636363636363636363636363636363636363636363636363636363636F2
:200E40003636363636363636363636363636363636363636363636363636363636363636D2
:200E60003636363636363636363636363636363636363636363636363636363636363636B2
:200E8000363636363636363636363636363636363636363636363636363636363636363692
:200EA000363636363636363636363636363636363636363636363636363636363636363672
:200EC000363636363636363636363636363636363636363636363636363636363636363652
:200EE000363636363636363636363636363636363636363636363636363636363636363632
:200F0000363636363636363636363636363636363636363636363636363636363636363611
:200F20003636363636363636363636363636363636363636363636363636363636363636F1
:200F40003636363636363636363636363636363636363636363636363636363636363636D1
:200F60003636363636363636363636363636363636363636363636363636363636363636B1
:200F8000363636363636363636363636363636363636363636363636363636363636363691
:200FA000363636363636363636363636363636363636363636363636363636363636363671
:200FC000363636363636363636363636363636363636363636363636363636363636363651
:200FE000363636363636363636363636363636363636363636363636363636363636363631
:20100000363636363636363636363636363636363636363636363636363636363636363610
:201020003636363636363636363636363636363636363636363636363636363636363636F0
:201040003636363636363636363636363636363636363636363636363636363636363636D0
:201060003636363636363636363636363636363636363636363636363636363636363636B0
:20108000363636363636363636363636363636363636363636363636363636363636363690
:2010A000363636363636363636363636363636363636363636363636363636363636363670
:2010C000363636363636363636363636363636363636363636363636363636363636363650
:2010E000363636363636363636363636363636363636363636363636363636363636363630
:2011000036363636363636363636363636363636363636363636363636363636363636360F
:201120003636363636363636363636363636363636363636363636363636363636363636EF
:201140003636363636363636363636363636363636363636363636363636363636363636CF
:201160003636363636363636363636363636363636363636363636363636363636363636AF
:2011800036363636363636363636363636363636363636363636363636363636363636368F
:2011A00036363636363636363636363636363636363636363636363636363636363636366F
:2011C00036363636363636363636363636363636363636363636363636363636363636364F
:2011E00036363636363636363636363636363636363636363636363636363636363636362F
:2012000036363636363636363636363636363636363636363636363636363636363636360E
:201220003636363636363636363636363636363636363636363636363636363636363636EE
:201240003636363636363636363636363636363636363636363636363636363636363636CE
:201260003636363636363636363636363636363636363636363636363636363636363636AE
:2012800036363636363636363636363636363636363636363636363636363636363636368E
:2012A00036363636363636363636363636363636363636363636363636363636363636366E
:2012C00036363636363636363636363636363636363636363636363636363636363636364E
:2012E00036363636363636363636363636363636363636363636363636363636363636362E
:2013000036363636363636363636363636363636363636363636363636363636363636360D
:201320003636363636363636363636363636363636363636363636363636363636363636ED
:201340003636363636363636363636363636363636363636363636363636363636363636CD
:201360003636363636363636363636363636363636363636363636363636363636363636AD
:2013800036363636363636363636363636363636363636363636363636363636363636368D
:2013A00036363636363636363636363636363636363636363636363636363636363636366D
:2013C00036363636363636363636363636363636363636363636363636363636363636364D
:2013E00036363636363636363636363636363636363636363636363636363636363636362D
:2014000036363636363636363636363636363636363636363636363636363636363636360C
:201420003636363636363636363636363636363636363636363636363636363636363636EC
:201440003636363636363636363636363636363636363636363636363636363636363636CC
:201460003636363636363636363636363636363636363636363636363636363636363636AC
:2014800036363636363636363636363636363636363636363636363636363636363636368C
:2014A00036363636363636363636363636363636363636363636363636363636363636366C
:2014C00036363636363636363636363636363636363636363636363636363636363636364C
:2014E00036363636363636363636363636363636363636363636363636363636363636362C
:2015000036363636363636363636363636363636363636363636363636363636363636360B
:201520003636363636363636363636363636363636363636363636363636363636363636EB
:201540003636363636363636363636363636363636363636363636363636363636363636CB
:201560003636363636363636363636363636363636363636363636363636363636363636AB
:2015800036363636363636363636363636363636363636363636363636363636363636368B
:2015A00036363636363636363636363636363636363636363636363636363636363636366B
:2015C00036363636363636363636363636363636363636363636363636363636363636364B
:2015E00036363636363636363636363636363636363636363636363636363636363636362B
:2016000036363636363636363636363636363636363636363636363636363636363636360A
:201620003636363636363636363636363636363636363636363636363636363636363636EA
:201640003636363636363636363636363636363636363636363636363636363636363636CA
:201660003636363636363636363636363636363636363636363636363636363636363636AA
:2016800036363636363636363636363636363636363636363636363636363636363636368A
:2016A00036363636363636363636363636363636363636363636363636363636363636366A
:2016C00036363636363636363636363636363636363636363636363636363636363636364A
:2016E00036363636363636363636363636363636363636363636363636363636363636362A
:20170000363636363636363636363636363636363636363636363636363636363636363609
:201720003636363636363636363636363636363636363636363636363636363636363636E9
:201740003636363636363636363636363636363636363636363636363636363636363636C9
:201760003636363636363636363636363636363636363636363636363636363636363636A9
:20178000363636363636363636363636363636363636363636363636363636363636363689
:2017A000363636363636363636363636363636363636363636363636363636363636363669
:2017C000363636363636363636363636363636363636363636363636363636363636363649
:2017E000363636363636363636363636363636363636363636363636363636363636363629
:20180000363636363636363636363636363636363636363636363636363636363636363608
:201820003636363636363636363636363636363636363636363636363636363636363636E8
:201840003636363636363636363636363636363636363636363636363636363636363636C8
:201860003636363636363636363636363636363636363636363636363636363636363636A8
:20188000363636363636363636363636363636363636363636363636363636363636363688
:2018A000363636363636363636363636363636363636363636363636363636363636363668
:2018C000363636363636363636363636363636363636363636363636363636363636363648
:2018E000363636363636363636363636363636363636363636363636363636363636363628
:20190000363636363636363636363636363636363636363636363636363636363636363607
:201920003636363636363636363636363636363636363636363636363636363636363636E7
:201940003636363636363636363636363636363636363636363636363636363636363636C7
:201960003636363636363636363636363636363636363636363636363636363636363636A7
:20198000363636363636363636363636363636363636363636363636363636363636363687
:2019A000363636363636363636363636363636363636363636363636363636363636363667
:2019C000363636363636363636363636363636363636363636363636363636363636363647
:2019E000363636363636363636363636363636363636363636363636363636363636363627
:201A0000363636363636363636363636363636363636363636363636363636363636363606
:201A20003636363636363636363636363636363636363636363636363636363636363636E6
:201A40003636363636363636363636363636363636363636363636363636363636363636C6
:201A60003636363636363636363636363636363636363636363636363636363636363636A6
:201A8000363636363636363636363636363636363636363636363636363636363636363686
:201AA000363636363636363636363636363636363636363636363636363636363636363666
:201AC000363636363636363636363636363636363636363636363636363636363636363646
:201AE000363636363636363636363636363636363636363636363636363636363636363626
:201B0000363636363636363636363636363636363636363636363636363636363636363605
:201B20003636363636363636363636363636363636363636363636363636363636363636E5
:201B40003636363636363636363636363636363636363636363636363636363636363636C5
:201B60003636363636363636363636363636363636363636363636363636363636363636A5
:201B8000363636363636363636363636363636363636363636363636363636363636363685
:201BA000363636363636363636363636363636363636363636363636363636363636363665
:201BC000363636363636363636363636363636363636363636363636363636363636363645
:201BE000363636363636363636363636363636363636363636363636363636363636363625
:201C0000363636363636363636363636363636363636363636363636363636363636363604
:201C20003636363636363636363636363636363636363636363636363636363636363636E4
:201C40003636363636363636363636363636363636363636363636363636363636363636C4
:201C60003636363636363636363636363636363636363636363636363636363636363636A4
:201C8000363636363636363636363636363636363636363636363636363636363636363684
:201CA000363636363636363636363636363636363636363636363636363636363636363664
:201CC000363636363636363636363636363636363636363636363636363636363636363644
:201CE000363636363636363636363636363636363636363636363636363636363636363624
:201D0000363636363636363636363636363636363636363636363636363636363636363603
:201D20003636363636363636363636363636363636363636363636363636363636363636E3
:201D40003636363636363636363636363636363636363636363636363636363636363636C3
:201D60003636363636363636363636363636363636363636363636363636363636363636A3
:201D8000363636363636363636363636363636363636363636363636363636363636363683
:201DA000363636363636363636363636363636363636363636363636363636363636363663
:201DC000363636363636363636363636363636363636363636363636363636363636363643
:201DE000363636363636363636363636363636363636363636363636363636363636363623
:201E0000363636363636363636363636363636363636363636363636363636363636363602
:201E20003636363636363636363636363636363636363636363636363636363636363636E2
:201E40003636363636363636363636363636363636363636363636363636363636363636C2
:201E60003636363636363636363636363636363636363636363636363636363636363636A2
:201E8000363636363636363636363636363636363636363636363636363636363636363682
:201EA000363636363636363636363636363636363636363636363636363636363636363662
:201EC000363636363636363636363636363636363636363636363636363636363636363642
:201EE000363636363636363636363636363636363636363636363636363636363636363622
:201F0000363636363636363636363636363636363636363636363636363636363636363601
:201F20003636363636363636363636363636363636363636363636363636363636363636E1
:201F40003636363636363636363636363636363636363636363636363636363636363636C1
:201F60003636363636363636363636363636363636363636363636363636363636363636A1
:201F8000363636363636363636363636363636363636363636363636363636363636363681
:201FA000363636363636363636363636363636363636363636363636363636363636363661
:201FC000363636363636363636363636363636363636363636363636363636363636363641
:201FE000363636363636363636363636363636363636363636363636363636363636363621
:20200000363636363636363636363636363636363636363636363636363636363636363600
:202020003636363636363636363636363636363636363636363636363636363636363636E0
:202040003636363636363636363636363636363636363636363636363636363636363636C0
:202060003636363636363636363636363636363636363636363636363636363636363636A0
:20208000363636363636363636363636363636363636363636363636363636363636363680
:2020A000363636363636363636363636363636363636363636363636363636363636363660
:2020C000363636363636363636363636363636363636363636363636363636363636363640
:2020E000363636363636363636363636363636363636363636363636363636363636363620
:202100003636363636363636363636363636363636363636363636363636363636363636FF
:202120003636363636363636363636363636363636363636363636363636363636363636DF
:202140003636363636363636363636363636363636363636363636363636363636363636BF
:2021600036363636363636363636363636363636363636363636363636363636363636369F
:2021800036363636363636363636363636363636363636363636363636363636363636367F
:2021A00036363636363636363636363636363636363636363636363636363636363636365F
:2021C00036363636363636363636363636363636363636363636363636363636363636363F
:2021E00036363636363636363636363636363636363636363636363636363636363636361F
:202200003636363636363636363636363636363636363636363636363636363636363636FE
:202220003636363636363636363636363636363636363636363636363636363636363636DE
:202240003636363636363636363636363636363636363636363636363636363636363636BE
:2022600036363636363636363636363636363636363636363636363636363636363636369E
:2022800036363636363636363636363636363636363636363636363636363636363636367E
:2022A00036363636363636363636363636363636363636363636363636363636363636365E
:2022C00036363636363636363636363636363636363636363636363636363636363636363E
:2022E00036363636363636363636363636363636363636363636363636363636363636361E
:202300003636363636363636363636363636363636363636363636363636363636363636FD
:202320003636363636363636363636363636363636363636363636363636363636363636DD
:202340003636363636363636363636363636363636363636363636363636363636363636BD
:2023600036363636363636363636363636363636363636363636363636363636363636369D
:2023800036363636363636363636363636363636363636363636363636363636363636367D
:2023A00036363636363636363636363636363636363636363636363636363636363636365D
:2023C00036363636363636363636363636363636363636363636363636363636363636363D
:2023E00036363636363636363636363636363636363636363636363636363636363636361D
:202400003636363636363636363636363636363636363636363636363636363636363636FC
:202420003636363636363636363636363636363636363636363636363636363636363636DC
:202440003636363636363636363636363636363636363636363636363636363636363636BC
:2024600036363636363636363636363636363636363636363636363636363636363636369C
:2024800036363636363636363636363636363636363636363636363636363636363636367C
:2024A00036363636363636363636363636363636363636363636363636363636363636365C
:2024C00036363636363636363636363636363636363636363636363636363636363636363C
:2024E00036363636363636363636363636363636363636363636363636363636363636361C
:202500003636363636363636363636363636363636363636363636363636363636363636FB
:202520003636363636363636363636363636363636363636363636363636363636363636DB
:202540003636363636363636363636363636363636363636363636363636363636363636BB
:2025600036363636363636363636363636363636363636363636363636363636363636369B
:2025800036363636363636363636363636363636363636363636363636363636363636367B
:2025A00036363636363636363636363636363636363636363636363636363636363636365B
:2025C00036363636363636363636363636363636363636363636363636363636363636363B
:2025E00036363636363636363636363636363636363636363636363636363636363636361B
:202600003636363636363636363636363636363636363636363636363636363636363636FA
:202620003636363636363636363636363636363636363636363636363636363636363636DA
:202640003636363636363636363636363636363636363636363636363636363636363636BA
:2026600036363636363636363636363636363636363636363636363636363636363636369A
:2026800036363636363636363636363636363636363636363636363636363636363636367A
:2026A00036363636363636363636363636363636363636363636363636363636363636365A
:2026C00036363636363636363636363636363636363636363636363636363636363636363A
:2026E00036363636363636363636363636363636363636363636363636363636363636361A
:202700003636363636363636363636363636363636363636363636363636363636363636F9
:202720003636363636363636363636363636363636363636363636363636363636363636D9
:202740003636363636363636363636363636363636363636363636363636363636363636B9
:20276000363636363636363636363636363636363636363636363636363636363636363699
:20278000363636363636363636363636363636363636363636363636363636363636363679
:2027A000363636363636363636363636363636363636363636363636363636363636363659
:2027C000363636363636363636363636363636363636363636363636363636363636363639
:2027E000363636363636363636363636363636363636363636363636363636363636363619
:202800003636363636363636363636363636363636363636363636363636363636363636F8
:202820003636363636363636363636363636363636363636363636363636363636363636D8
:202840003636363636363636363636363636363636363636363636363636363636363636B8
:20286000363636363636363636363636363636363636363636363636363636363636363698
:20288000363636363636363636363636363636363636363636363636363636363636363678
:2028A000363636363636363636363636363636363636363636363636363636363636363658
:2028C000363636363636363636363636363636363636363636363636363636363636363638
:2028E000363636363636363636363636363636363636363636363636363636363636363618
:202900003636363636363636363636363636363636363636363636363636363636363636F7
:202920003636363636363636363636363636363636363636363636363636363636363636D7
:202940003636363636363636363636363636363636363636363636363636363636363636B7
:20296000363636363636363636363636363636363636363636363636363636363636363697
:20298000363636363636363636363636363636363636363636363636363636363636363677
:2029A000363636363636363636363636363636363636363636363636363636363636363657
:2029C000363636363636363636363636363636363636363636363636363636363636363637
:2029E000363636363636363636363636363636363636363636363636363636363636363617
:202A00003636363636363636363636363636363636363636363636363636363636363636F6
:202A20003636363636363636363636363636363636363636363636363636363636363636D6
:202A40003636363636363636363636363636363636363636363636363636363636363636B6
:202A6000363636363636363636363636363636363636363636363636363636363636363696
:202A8000363636363636363636363636363636363636363636363636363636363636363676
:202AA000363636363636363636363636363636363636363636363636363636363636363656
:202AC000363636363636363636363636363636363636363636363636363636363636363636
:202AE000363636363636363636363636363636363636363636363636363636363636363616
:202B00003636363636363636363636363636363636363636363636363636363636363636F5
:202B20003636363636363636363636363636363636363636363636363636363636363636D5
:202B40003636363636363636363636363636363636363636363636363636363636363636B5
:202B6000363636363636363636363636363636363636363636363636363636363636363695
:202B8000363636363636363636363636363636363636363636363636363636363636363675
:202BA000363636363636363636363636363636363636363636363636363636363636363655
:202BC000363636363636363636363636363636363636363636363636363636363636363635
:202BE000363636363636363636363636363636363636363636363636363636363636363615
:202C00003636363636363636363636363636363636363636363636363636363636363636F4
:202C20003636363636363636363636363636363636363636363636363636363636363636D4
:202C40003636363636363636363636363636363636363636363636363636363636363636B4
:202C6000363636363636363636363636363636363636363636363636363636363636363694
:202C8000363636363636363636363636363636363636363636363636363636363636363674
:202CA000363636363636363636363636363636363636363636363636363636363636363654
:202CC000363636363636363636363636363636363636363636363636363636363636363634
:202CE000363636363636363636363636363636363636363636363636363636363636363614
:202D00003636363636363636363636363636363636363636363636363636363636363636F3
:202D20003636363636363636363636363636363636363636363636363636363636363636D3
:202D40003636363636363636363636363636363636363636363636363636363636363636B3
:202D6000363636363636363636363636363636363636363636363636363636363636363693
:202D8000363636363636363636363636363636363636363636363636363636363636363673
:202DA000363636363636363636363636363636363636363636363636363636363636363653
:202DC000363636363636363636363636363636363636363636363636363636363636363633
:202DE000363636363636363636363636363636363636363636363636363636363636363613
:202E00003636363636363636363636363636363636363636363636363636363636363636F2
:202E20003636363636363636363636363636363636363636363636363636363636363636D2
:202E40003636363636363636363636363636363636363636363636363636363636363636B2
:202E6000363636363636363636363636363636363636363636363636363636363636363692
:202E8000363636363636363636363636363636363636363636363636363636363636363672
:202EA000363636363636363636363636363636363636363636363636363636363636363652
:202EC000363636363636363636363636363636363636363636363636363636363636363632
:202EE000363636363636363636363636363636363636363636363636363636363636363612
:202F00003636363636363636363636363636363636363636363636363636363636363636F1
:202F20003636363636363636363636363636363636363636363636363636363636363636D1
:202F40003636363636363636363636363636363636363636363636363636363636363636B1
:202F6000363636363636363636363636363636363636363636363636363636363636363691
:202F8000363636363636363636363636363636363636363636363636363636363636363671
:202FA000363636363636363636363636363636363636363636363636363636363636363651
:202FC000363636363636363636363636363636363636363636363636363636363636363631
:202FE000363636363636363636363636363636363636363636363636363636363636363611
:203000003636363636363636363636363636363636363636363636363636363636363636F0
:203020003636363636363636363636363636363636363636363636363636363636363636D0
:203040003636363636363636363636363636363636363636363636363636363636363636B0
:20306000363636363636363636363636363636363636363636363636363636363636363690
:20308000363636363636363636363636363636363636363636363636363636363636363670
:2030A000363636363636363636363636363636363636363636363636363636363636363650
:2030C000363636363636363636363636363636363636363636363636363636363636363630
:2030E000363636363636363636363636363636363636363636363636363636363636363610
:203100003636363636363636363636363636363636363636363636363636363636363636EF
:203120003636363636363636363636363636363636363636363636363636363636363636CF
:203140003636363636363636363636363636363636363636363636363636363636363636AF
:2031600036363636363636363636363636363636363636363636363636363636363636368F
:2031800036363636363636363636363636363636363636363636363636363636363636366F
:2031A00036363636363636363636363636363636363636363636363636363636363636364F
:2031C00036363636363636363636363636363636363636363636363636363636363636362F
:2031E00036363636363636363636363636363636363636363636363636363636363636360F
:203200003636363636363636363636363636363636363636363636363636363636363636EE
:203220003636363636363636363636363636363636363636363636363636363636363636CE
:203240003636363636363636363636363636363636363636363636363636363636363636AE
:2032600036363636363636363636363636363636363636363636363636363636363636368E
:2032800036363636363636363636363636363636363636363636363636363636363636366E
:2032A00036363636363636363636363636363636363636363636363636363636363636364E
:2032C00036363636363636363636363636363636363636363636363636363636363636362E
:2032E00036363636363636363636363636363636363636363636363636363636363636360E
:203300003636363636363636363636363636363636363636363636363636363636363636ED
:203320003636363636363636363636363636363636363636363636363636363636363636CD
:203340003636363636363636363636363636363636363636363636363636363636363636AD
:2033600036363636363636363636363636363636363636363636363636363636363636368D
:2033800036363636363636363636363636363636363636363636363636363636363636366D
:2033A00036363636363636363636363636363636363636363636363636363636363636364D
:2033C00036363636363636363636363636363636363636363636363636363636363636362D
:2033E00036363636363636363636363636363636363636363636363636363636363636360D
:203400003636363636363636363636363636363636363636363636363636363636363636EC
:203420003636363636363636363636363636363636363636363636363636363636363636CC
:203440003636363636363636363636363636363636363636363636363636363636363636AC
:2034600036363636363636363636363636363636363636363636363636363636363636368C
:2034800036363636363636363636363636363636363636363636363636363636363636366C
:2034A00036363636363636363636363636363636363636363636363636363636363636364C
:2034C00036363636363636363636363636363636363636363636363636363636363636362C
:2034E00036363636363636363636363636363636363636363636363636363636363636360C
:203500003636363636363636363636363636363636363636363636363636363636363636EB
:203520003636363636363636363636363636363636363636363636363636363636363636CB
:203540003636363636363636363636363636363636363636363636363636363636363636AB
:2035600036363636363636363636363636363636363636363636363636363636363636368B
:2035800036363636363636363636363636363636363636363636363636363636363636366B
:2035A00036363636363636363636363636363636363636363636363636363636363636364B
:2035C00036363636363636363636363636363636363636363636363636363636363636362B
:2035E00036363636363636363636363636363636363636363636363636363636363636360B
:203600003636363636363636363636363636363636363636363636363636363636363636EA
:203620003636363636363636363636363636363636363636363636363636363636363636CA
:203640003636363636363636363636363636363636363636363636363636363636363636AA
:2036600036363636363636363636363636363636363636363636363636363636363636368A
:2036800036363636363636363636363636363636363636363636363636363636363636366A
:2036A00036363636363636363636363636363636363636363636363636363636363636364A
:2036C00036363636363636363636363636363636363636363636363636363636363636362A
:2036E00036363636363636363636363636363636363636363636363636363636363636360A
:203700003636363636363636363636363636363636363636363636363636363636363636E9
:203720003636363636363636363636363636363636363636363636363636363636363636C9
:203740003636363636363636363636363636363636363636363636363636363636363636A9
:20376000363636363636363636363636363636363636363636363636363636363636363689
:20378000363636363636363636363636363636363636363636363636363636363636363669
:2037A000363636363636363636363636363636363636363636363636363636363636363649
:2037C000363636363636363636363636363636363636363636363636363636363636363629
:2037E000363636363636363636363636363636363636363636363636363636363636363609
:203800003636363636363636363636363636363636363636363636363636363636363636E8
:203820003636363636363636363636363636363636363636363636363636363636363636C8
:203840003636363636363636363636363636363636363636363636363636363636363636A8
:20386000363636363636363636363636363636363636363636363636363636363636363688
:20388000363636363636363636363636363636363636363636363636363636363636363668
:2038A000363636363636363636363636363636363636363636363636363636363636363648
:2038C000363636363636363636363636363636363636363636363636363636363636363628
:2038E000363636363636363636363636363636363636363636363636363636363636363608
:203900003636363636363636363636363636363636363636363636363636363636363636E7
:203920003636363636363636363636363636363636363636363636363636363636363636C7
:203940003636363636363636363636363636363636363636363636363636363636363636A7
:20396000363636363636363636363636363636363636363636363636363636363636363687
:20398000363636363636363636363636363636363636363636363636363636363636363667
:2039A000363636363636363636363636363636363636363636363636363636363636363647
:2039C000363636363636363636363636363636363636363636363636363636363636363627
:2039E000363636363636363636363636363636363636363636363636363636363636363607
:203A00003636363636363636363636363636363636363636363636363636363636363636E6
:203A20003636363636363636363636363636363636363636363636363636363636363636C6
:203A40003636363636363636363636363636363636363636363636363636363636363636A6
:203A6000363636363636363636363636363636363636363636363636363636363636363686
:203A8000363636363636363636363636363636363636363636363636363636363636363666
:203AA000363636363636363636363636363636363636363636363636363636363636363646
:203AC000363636363636363636363636363636363636363636363636363636363636363626
:203AE000363636363636363636363636363636363636363636363636363636363636363606
:203B00003636363636363636363636363636363636363636363636363636363636363636E5
:203B20003636363636363636363636363636363636363636363636363636363636363636C5
:203B40003636363636363636363636363636363636363636363636363636363636363636A5
:203B6000363636363636363636363636363636363636363636363636363636363636363685
:203B8000363636363636363636363636363636363636363636363636363636363636363665
:203BA000363636363636363636363636363636363636363636363636363636363636363645
:203BC000363636363636363636363636363636363636363636363636363636363636363625
:203BE000363636363636363636363636363636363636363636363636363636363636363605
:203C00003636363636363636363636363636363636363636363636363636363636363636E4
:203C20003636363636363636363636363636363636363636363636363636363636363636C4
:203C40003636363636363636363636363636363636363636363636363636363636363636A4
:203C6000363636363636363636363636363636363636363636363636363636363636363684
:203C8000363636363636363636363636363636363636363636363636363636363636363664
:203CA000363636363636363636363636363636363636363636363636363636363636363644
:203CC000363636363636363636363636363636363636363636363636363636363636363624
:203CE000363636363636363636363636363636363636363636363636363636363636363604
:203D00003636363636363636363636363636363636363636363636363636363636363636E3
:203D20003636363636363636363636363636363636363636363636363636363636363636C3
:203D40003636363636363636363636363636363636363636363636363636363636363636A3
:203D6000363636363636363636363636363636363636363636363636363636363636363683
:203D8000363636363636363636363636363636363636363636363636363636363636363663
:203DA000363636363636363636363636363636363636363636363636363636363636363643
:203DC000363636363636363636363636363636363636363636363636363636363636363623
:203DE000363636363636363636363636363636363636363636363636363636363636363603
:203E00003636363636363636363636363636363636363636363636363636363636363636E2
:203E20003636363636363636363636363636363636363636363636363636363636363636C2
:203E40003636363636363636363636363636363636363636363636363636363636363636A2
:203E6000363636363636363636363636363636363636363636363636363636363636363682
:203E8000363636363636363636363636363636363636363636363636363636363636363662
:203EA000363636363636363636363636363636363636363636363636363636363636363642
:203EC000363636363636363636363636363636363636363636363636363636363636363622
:203EE000363636363636363636363636363636363636363636363636363636363636363602
:203F00003636363636363636363636363636363636363636363636363636363636363636E1
:203F20003636363636363636363636363636363636363636363636363636363636363636C1
:203F40003636363636363636363636363636363636363636363636363636363636363636A1
:203F6000363636363636363636363636363636363636363636363636363636363636363681
:203F8000363636363636363636363636363636363636363636363636363636363636363661
:203FA000363636363636363636363636363636363636363636363636363636363636363641
:203FC000363636363636363636363636363636363636363636363636363636363636363621
:203FE000363636363636363636363636363636363636363636363636363636363636363601
:204000003636363636363636363636363636363636363636363636363636363636363636E0
:204020003636363636363636363636363636363636363636363636363636363636363636C0
:204040003636363636363636363636363636363636363636363636363636363636363636A0
:20406000363636363636363636363636363636363636363636363636363636363636363680
:20408000363636363636363636363636363636363636363636363636363636363636363660
:2040A000363636363636363636363636363636363636363636363636363636363636363640
:2040C000363636363636363636363636363636363636363636363636363636363636363620
:2040E000363636363636363636363636363636363636363636363636363636363636363600
:204100003636363636363636363636363636363636363636363636363636363636363636DF
:204120003636363636363636363636363636363636363636363636363636363636363636BF
:2041400036363636363636363636363636363636363636363636363636363636363636369F
:2041600036363636363636363636363636363636363636363636363636363636363636367F
:2041800036363636363636363636363636363636363636363636363636363636363636365F
:2041A00036363636363636363636363636363636363636363636363636363636363636363F
:2041C00036363636363636363636363636363636363636363636363636363636363636361F
:2041E0003636363636363636363636363636363636363636363636363636363636363636FF
:204200003636363636363636363636363636363636363636363636363636363636363636DE
:204220003636363636363636363636363636363636363636363636363636363636363636BE
:2042400036363636363636363636363636363636363636363636363636363636363636369E
:2042600036363636363636363636363636363636363636363636363636363636363636367E
:2042800036363636363636363636363636363636363636363636363636363636363636365E
:2042A00036363636363636363636363636363636363636363636363636363636363636363E
:2042C00036363636363636363636363636363636363636363636363636363636363636361E
:2042E0003636363636363636363636363636363636363636363636363636363636363636FE
:204300003636363636363636363636363636363636363636363636363636363636363636DD
:204320003636363636363636363636363636363636363636363636363636363636363636BD
:2043400036363636363636363636363636363636363636363636363636363636363636369D
:2043600036363636363636363636363636363636363636363636363636363636363636367D
:2043800036363636363636363636363636363636363636363636363636363636363636365D
:2043A00036363636363636363636363636363636363636363636363636363636363636363D
:2043C00036363636363636363636363636363636363636363636363636363636363636361D
:2043E0003636363636363636363636363636363636363636363636363636363636363636FD
:204400003636363636363636363636363636363636363636363636363636363636363636DC
:204420003636363636363636363636363636363636363636363636363636363636363636BC
:2044400036363636363636363636363636363636363636363636363636363636363636369C
:2044600036363636363636363636363636363636363636363636363636363636363636367C
:2044800036363636363636363636363636363636363636363636363636363636363636365C
:2044A00036363636363636363636363636363636363636363636363636363636363636363C
:2044C00036363636363636363636363636363636363636363636363636363636363636361C
:2044E0003636363636363636363636363636363636363636363636363636363636363636FC
:204500003636363636363636363636363636363636363636363636363636363636363636DB
:204520003636363636363636363636363636363636363636363636363636363636363636BB
:2045400036363636363636363636363636363636363636363636363636363636363636369B
:2045600036363636363636363636363636363636363636363636363636363636363636367B
:2045800036363636363636363636363636363636363636363636363636363636363636365B
:2045A00036363636363636363636363636363636363636363636363636363636363636363B
:2045C00036363636363636363636363636363636363636363636363636363636363636361B
:2045E0003636363636363636363636363636363636363636363636363636363636363636FB
:204600003636363636363636363636363636363636363636363636363636363636363636DA
:204620003636363636363636363636363636363636363636363636363636363636363636BA
:2046400036363636363636363636363636363636363636363636363636363636363636369A
:2046600036363636363636363636363636363636363636363636363636363636363636367A
:2046800036363636363636363636363636363636363636363636363636363636363636365A
:2046A00036363636363636363636363636363636363636363636363636363636363636363A
:2046C00036363636363636363636363636363636363636363636363636363636363636361A
:2046E0003636363636363636363636363636363636363636363636363636363636363636FA
:204700003636363636363636363636363636363636363636363636363636363636363636D9
:204720003636363636363636363636363636363636363636363636363636363636363636B9
:20474000363636363636363636363636363636363636363636363636363636363636363699
:20476000363636363636363636363636363636363636363636363636363636363636363679
:20478000363636363636363636363636363636363636363636363636363636363636363659
:2047A000363636363636363636363636363636363636363636363636363636363636363639
:2047C000363636363636363636363636363636363636363636363636363636363636363619
:2047E0003636363636363636363636363636363636363636363636363636363636363636F9
:204800003636363636363636363636363636363636363636363636363636363636363636D8
:204820003636363636363636363636363636363636363636363636363636363636363636B8
:20484000363636363636363636363636363636363636363636363636363636363636363698
:20486000363636363636363636363636363636363636363636363636363636363636363678
:20488000363636363636363636363636363636363636363636363636363636363636363658
:2048A000363636363636363636363636363636363636363636363636363636363636363638
:2048C000363636363636363636363636363636363636363636363636363636363636363618
:2048E0003636363636363636363636363636363636363636363636363636363636363636F8
:204900003636363636363636363636363636363636363636363636363636363636363636D7
:204920003636363636363636363636363636363636363636363636363636363636363636B7
:20494000363636363636363636363636363636363636363636363636363636363636363697
:20496000363636363636363636363636363636363636363636363636363636363636363677
:20498000363636363636363636363636363636363636363636363636363636363636363657
:2049A000363636363636363636363636363636363636363636363636363636363636363637
:2049C000363636363636363636363636363636363636363636363636363636363636363617
:2049E0003636363636363636363636363636363636363636363636363636363636363636F7
:204A00003636363636363636363636363636363636363636363636363636363636363636D6
:204A20003636363636363636363636363636363636363636363636363636363636363636B6
:204A4000363636363636363636363636363636363636363636363636363636363636363696
:204A6000363636363636363636363636363636363636363636363636363636363636363676
:204A8000363636363636363636363636363636363636363636363636363636363636363656
:204AA000363636363636363636363636363636363636363636363636363636363636363636
:204AC000363636363636363636363636363636363636363636363636363636363636363616
:204AE0003636363636363636363636363636363636363636363636363636363636363636F6
:204B00003636363636363636363636363636363636363636363636363636363636363636D5
:204B20003636363636363636363636363636363636363636363636363636363636363636B5
:204B4000363636363636363636363636363636363636363636363636363636363636363695
:204B6000363636363636363636363636363636363636363636363636363636363636363675
:204B8000363636363636363636363636363636363636363636363636363636363636363655
:204BA000363636363636363636363636363636363636363636363636363636363636363635
:204BC000363636363636363636363636363636363636363636363636363636363636363615
:204BE0003636363636363636363636363636363636363636363636363636363636363636F5
:204C00003636363636363636363636363636363636363636363636363636363636363636D4
:204C20003636363636363636363636363636363636363636363636363636363636363636B4
:204C4000363636363636363636363636363636363636363636363636363636363636363694
:204C6000363636363636363636363636363636363636363636363636363636363636363674
:204C8000363636363636363636363636363636363636363636363636363636363636363654
:204CA000363636363636363636363636363636363636363636363636363636363636363634
:204CC000363636363636363636363636363636363636363636363636363636363636363614
:204CE0003636363636363636363636363636363636363636363636363636363636363636F4
:204D00003636363636363636363636363636363636363636363636363636363636363636D3
:204D20003636363636363636363636363636363636363636363636363636363636363636B3
:204D4000363636363636363636363636363636363636363636363636363636363636363693
:204D6000363636363636363636363636363636363636363636363636363636363636363673
:204D8000363636363636363636363636363636363636363636363636363636363636363653
:204DA000363636363636363636363636363636363636363636363636363636363636363633
:204DC000363636363636363636363636363636363636363636363636363636363636363613
:204DE0003636363636363636363636363636363636363636363636363636363636363636F3
:204E00003636363636363636363636363636363636363636363636363636363636363636D2
:204E20003636363636363636363636363636363636363636363636363636363636363636B2
:204E4000363636363636363636363636363636363636363636363636363636363636363692
:204E6000363636363636363636363636363636363636363636363636363636363636363672
:204E8000363636363636363636363636363636363636363636363636363636363636363652
:204EA000363636363636363636363636363636363636363636363636363636363636363632
:204EC000363636363636363636363636363636363636363636363636363636363636363612
:204EE0003636363636363636363636363636363636363636363636363636363636363636F2
:204F00003636363636363636363636363636363636363636363636363636363636363636D1
:204F20003636363636363636363636363636363636363636363636363636363636363636B1
:204F4000363636363636363636363636363636363636363636363636363636363636363691
:204F6000363636363636363636363636363636363636363636363636363636363636363671
:204F8000363636363636363636363636363636363636363636363636363636363636363651
:204FA000363636363636363636363636363636363636363636363636363636363636363631
:204FC000363636363636363636363636363636363636363636363636363636363636363611
:204FE0003636363636363636363636363636363636363636363636363636363636363636F1
:205000003636363636363636363636363636363636363636363636363636363636363636D0
:205020003636363636363636363636363636363636363636363636363636363636363636B0
:20504000363636363636363636363636363636363636363636363636363636363636363690
:20506000363636363636363636363636363636363636363636363636363636363636363670
:20508000363636363636363636363636363636363636363636363636363636363636363650
:2050A000363636363636363636363636363636363636363636363636363636363636363630
:2050C000363636363636363636363636363636363636363636363636363636363636363610
:2050E0003636363636363636363636363636363636363636363636363636363636363636F0
:205100003636363636363636363636363636363636363636363636363636363636363636CF
:205120003636363636363636363636363636363636363636363636363636363636363636AF
:2051400036363636363636363636363636363636363636363636363636363636363636368F
:2051600036363636363636363636363636363636363636363636363636363636363636366F
:2051800036363636363636363636363636363636363636363636363636363636363636364F
:2051A00036363636363636363636363636363636363636363636363636363636363636362F
:2051C00036363636363636363636363636363636363636363636363636363636363636360F
:2051E0003636363636363636363636363636363636363636363636363636363636363636EF
:205200003636363636363636363636363636363636363636363636363636363636363636CE
:205220003636363636363636363636363636363636363636363636363636363636363636AE
:2052400036363636363636363636363636363636363636363636363636363636363636368E
:2052600036363636363636363636363636363636363636363636363636363636363636366E
:2052800036363636363636363636363636363636363636363636363636363636363636364E
:2052A00036363636363636363636363636363636363636363636363636363636363636362E
:2052C00036363636363636363636363636363636363636363636363636363636363636360E
:2052E0003636363636363636363636363636363636363636363636363636363636363636EE
:205300003636363636363636363636363636363636363636363636363636363636363636CD
:205320003636363636363636363636363636363636363636363636363636363636363636AD
:2053400036363636363636363636363636363636363636363636363636363636363636368D
:2053600036363636363636363636363636363636363636363636363636363636363636366D
:2053800036363636363636363636363636363636363636363636363636363636363636364D
:2053A00036363636363636363636363636363636363636363636363636363636363636362D
:2053C00036363636363636363636363636363636363636363636363636363636363636360D
:2053E0003636363636363636363636363636363636363636363636363636363636363636ED
:205400003636363636363636363636363636363636363636363636363636363636363636CC
:205420003636363636363636363636363636363636363636363636363636363636363636AC
:2054400036363636363636363636363636363636363636363636363636363636363636368C
:2054600036363636363636363636363636363636363636363636363636363636363636366C
:2054800036363636363636363636363636363636363636363636363636363636363636364C
:2054A00036363636363636363636363636363636363636363636363636363636363636362C
:2054C00036363636363636363636363636363636363636363636363636363636363636360C
:2054E0003636363636363636363636363636363636363636363636363636363636363636EC
:205500003636363636363636363636363636363636363636363636363636363636363636CB
:205520003636363636363636363636363636363636363636363636363636363636363636AB
:2055400036363636363636363636363636363636363636363636363636363636363636368B
:2055600036363636363636363636363636363636363636363636363636363636363636366B
:2055800036363636363636363636363636363636363636363636363636363636363636364B
:2055A00036363636363636363636363636363636363636363636363636363636363636362B
:2055C00036363636363636363636363636363636363636363636363636363636363636360B
:2055E0003636363636363636363636363636363636363636363636363636363636363636EB
:205600003636363636363636363636363636363636363636363636363636363636363636CA
:205620003636363636363636363636363636363636363636363636363636363636363636AA
:2056400036363636363636363636363636363636363636363636363636363636363636368A
:2056600036363636363636363636363636363636363636363636363636363636363636366A
:2056800036363636363636363636363636363636363636363636363636363636363636364A
:2056A00036363636363636363636363636363636363636363636363636363636363636362A
:2056C00036363636363636363636363636363636363636363636363636363636363636360A
:2056E0003636363636363636363636363636363636363636363636363636363636363636EA
:205700003636363636363636363636363636363636363636363636363636363636363636C9
:205720003636363636363636363636363636363636363636363636363636363636363636A9
:20574000363636363636363636363636363636363636363636363636363636363636363689
:20576000363636363636363636363636363636363636363636363636363636363636363669
:20578000363636363636363636363636363636363636363636363636363636363636363649
:2057A000363636363636363636363636363636363636363636363636363636363636363629
:2057C000363636363636363636363636363636363636363636363636363636363636363609
:2057E0003636363636363636363636363636363636363636363636363636363636363636E9
:205800003636363636363636363636363636363636363636363636363636363636363636C8
:205820003636363636363636363636363636363636363636363636363636363636363636A8
:20584000363636363636363636363636363636363636363636363636363636363636363688
:20586000363636363636363636363636363636363636363636363636363636363636363668
:20588000363636363636363636363636363636363636363636363636363636363636363648
:2058A000363636363636363636363636363636363636363636363636363636363636363628
:2058C000363636363636363636363636363636363636363636363636363636363636363608
:2058E0003636363636363636363636363636363636363636363636363636363636363636E8
:205900003636363636363636363636363636363636363636363636363636363636363636C7
:205920003636363636363636363636363636363636363636363636363636363636363636A7
:20594000363636363636363636363636363636363636363636363636363636363636363687
:20596000363636363636363636363636363636363636363636363636363636363636363667
:20598000363636363636363636363636363636363636363636363636363636363636363647
:2059A000363636363636363636363636363636363636363636363636363636363636363627
:2059C000363636363636363636363636363636363636363636363636363636363636363607
:2059E0003636363636363636363636363636363636363636363636363636363636363636E7
:205A00003636363636363636363636363636363636363636363636363636363636363636C6
:205A20003636363636363636363636363636363636363636363636363636363636363636A6
:205A4000363636363636363636363636363636363636363636363636363636363636363686
:205A6000363636363636363636363636363636363636363636363636363636363636363666
:205A8000363636363636363636363636363636363636363636363636363636363636363646
:205AA000363636363636363636363636363636363636363636363636363636363636363626
:205AC000363636363636363636363636363636363636363636363636363636363636363606
:205AE0003636363636363636363636363636363636363636363636363636363636363636E6
:205B00003636363636363636363636363636363636363636363636363636363636363636C5
:205B20003636363636363636363636363636363636363636363636363636363636363636A5
:205B4000363636363636363636363636363636363636363636363636363636363636363685
:205B6000363636363636363636363636363636363636363636363636363636363636363665
:205B8000363636363636363636363636363636363636363636363636363636363636363645
:205BA000363636363636363636363636363636363636363636363636363636363636363625
:205BC000363636363636363636363636363636363636363636363636363636363636363605
:205BE0003636363636363636363636363636363636363636363636363636363636363636E5
:205C00003636363636363636363636363636363636363636363636363636363636363636C4
:205C20003636363636363636363636363636363636363636363636363636363636363636A4
:205C4000363636363636363636363636363636363636363636363636363636363636363684
:205C6000363636363636363636363636363636363636363636363636363636363636363664
:205C8000363636363636363636363636363636363636363636363636363636363636363644
:205CA000363636363636363636363636363636363636363636363636363636363636363624
:205CC000363636363636363636363636363636363636363636363636363636363636363604
:205CE0003636363636363636363636363636363636363636363636363636363636363636E4
:205D00003636363636363636363636363636363636363636363636363636363636363636C3
:205D20003636363636363636363636363636363636363636363636363636363636363636A3
:205D4000363636363636363636363636363636363636363636363636363636363636363683
:205D6000363636363636363636363636363636363636363636363636363636363636363663
:205D8000363636363636363636363636363636363636363636363636363636363636363643
:205DA000363636363636363636363636363636363636363636363636363636363636363623
:205DC000363636363636363636363636363636363636363636363636363636363636363603
:205DE0003636363636363636363636363636363636363636363636363636363636363636E3
:205E00003636363636363636363636363636363636363636363636363636363636363636C2
:205E20003636363636363636363636363636363636363636363636363636363636363636A2
:205E4000363636363636363636363636363636363636363636363636363636363636363682
:205E6000363636363636363636363636363636363636363636363636363636363636363662
:205E8000363636363636363636363636363636363636363636363636363636363636363642
:205EA000363636363636363636363636363636363636363636363636363636363636363622
:205EC000363636363636363636363636363636363636363636363636363636363636363602
:205EE0003636363636363636363636363636363636363636363636363636363636363636E2
:205F00003636363636363636363636363636363636363636363636363636363636363636C1
:205F20003636363636363636363636363636363636363636363636363636363636363636A1
:205F4000363636363636363636363636363636363636363636363636363636363636363681
:205F6000363636363636363636363636363636363636363636363636363636363636363661
:205F8000363636363636363636363636363636363636363636363636363636363636363641
:205FA000363636363636363636363636363636363636363636363636363636363636363621
:205FC000363636363636363636363636363636363636363636363636363636363636363601
:205FE0003636363636363636363636363636363636363636363636363636363636363636E1
:206000003636363636363636363636363636363636363636363636363636363636363636C0
:206020003636363636363636363636363636363636363636363636363636363636363636A0
:20604000363636363636363636363636363636363636363636363636363636363636363680
:20606000363636363636363636363636363636363636363636363636363636363636363660
:20608000363636363636363636363636363636363636363636363636363636363636363640
:2060A000363636363636363636363636363636363636363636363636363636363636363620
:2060C000363636363636363636363636363636363636363636363636363636363636363600
:2060E0003636363636363636363636363636363636363636363636363636363636363636E0
:206100003636363636363636363636363636363636363636363636363636363636363636BF
:2061200036363636363636363636363636363636363636363636363636363636363636369F
:2061400036363636363636363636363636363636363636363636363636363636363636367F
:2061600036363636363636363636363636363636363636363636363636363636363636365F
:2061800036363636363636363636363636363636363636363636363636363636363636363F
:2061A00036363636363636363636363636363636363636363636363636363636363636361F
:2061C0003636363636363636363636363636363636363636363636363636363636363636FF
:2061E0003636363636363636363636363636363636363636363636363636363636363636DF
:206200003636363636363636363636363636363636363636363636363636363636363636BE
:2062200036363636363636363636363636363636363636363636363636363636363636369E
:2062400036363636363636363636363636363636363636363636363636363636363636367E
:2062600036363636363636363636363636363636363636363636363636363636363636365E
:2062800036363636363636363636363636363636363636363636363636363636363636363E
:2062A00036363636363636363636363636363636363636363636363636363636363636361E
:2062C0003636363636363636363636363636363636363636363636363636363636363636FE
:2062E0003636363636363636363636363636363636363636363636363636363636363636DE
:206300003636363636363636363636363636363636363636363636363636363636363636BD
:2063200036363636363636363636363636363636363636363636363636363636363636369D
:2063400036363636363636363636363636363636363636363636363636363636363636367D
:2063600036363636363636363636363636363636363636363636363636363636363636365D
:2063800036363636363636363636363636363636363636363636363636363636363636363D
:2063A00036363636363636363636363636363636363636363636363636363636363636361D
:2063C0003636363636363636363636363636363636363636363636363636363636363636FD
:2063E0003636363636363636363636363636363636363636363636363636363636363636DD
:206400003636363636363636363636363636363636363636363636363636363636363636BC
:2064200036363636363636363636363636363636363636363636363636363636363636369C
:2064400036363636363636363636363636363636363636363636363636363636363636367C
:2064600036363636363636363636363636363636363636363636363636363636363636365C
:2064800036363636363636363636363636363636363636363636363636363636363636363C
:2064A00036363636363636363636363636363636363636363636363636363636363636361C
:2064C0003636363636363636363636363636363636363636363636363636363636363636FC
:2064E0003636363636363636363636363636363636363636363636363636363636363636DC
:206500003636363636363636363636363636363636363636363636363636363636363636BB
:2065200036363636363636363636363636363636363636363636363636363636363636369B
:2065400036363636363636363636363636363636363636363636363636363636363636367B
:2065600036363636363636363636363636363636363636363636363636363636363636365B
:2065800036363636363636363636363636363636363636363636363636363636363636363B
:2065A00036363636363636363636363636363636363636363636363636363636363636361B
:2065C0003636363636363636363636363636363636363636363636363636363636363636FB
:2065E0003636363636363636363636363636363636363636363636363636363636363636DB
:206600003636363636363636363636363636363636363636363636363636363636363636BA
:2066200036363636363636363636363636363636363636363636363636363636363636369A
:2066400036363636363636363636363636363636363636363636363636363636363636367A
:2066600036363636363636363636363636363636363636363636363636363636363636365A
:2066800036363636363636363636363636363636363636363636363636363636363636363A
:2066A00036363636363636363636363636363636363636363636363636363636363636361A
:2066C0003636363636363636363636363636363636363636363636363636363636363636FA
:2066E0003636363636363636363636363636363636363636363636363636363636363636DA
:206700003636363636363636363636363636363636363636363636363636363636363636B9
:20672000363636363636363636363636363636363636363636363636363636363636363699
:20674000363636363636363636363636363636363636363636363636363636363636363679
:20676000363636363636363636363636363636363636363636363636363636363636363659
:20678000363636363636363636363636363636363636363636363636363636363636363639
:2067A000363636363636363636363636363636363636363636363636363636363636363619
:2067C0003636363636363636363636363636363636363636363636363636363636363636F9
:2067E0003636363636363636363636363636363636363636363636363636363636363636D9
:206800003636363636363636363636363636363636363636363636363636363636363636B8
:20682000363636363636363636363636363636363636363636363636363636363636363698
:20684000363636363636363636363636363636363636363636363636363636363636363678
:20686000363636363636363636363636363636363636363636363636363636363636363658
:20688000363636363636363636363636363636363636363636363636363636363636363638
:2068A000363636363636363636363636363636363636363636363636363636363636363618
:2068C0003636363636363636363636363636363636363636363636363636363636363636F8
:2068E0003636363636363636363636363636363636363636363636363636363636363636D8
:206900003636363636363636363636363636363636363636363636363636363636363636B7
:20692000363636363636363636363636363636363636363636363636363636363636363697
:20694000363636363636363636363636363636363636363636363636363636363636363677
:20696000363636363636363636363636363636363636363636363636363636363636363657
:20698000363636363636363636363636363636363636363636363636363636363636363637
:2069A000363636363636363636363636363636363636363636363636363636363636363617
:2069C0003636363636363636363636363636363636363636363636363636363636363636F7
:2069E0003636363636363636363636363636363636363636363636363636363636363636D7
:206A00003636363636363636363636363636363636363636363636363636363636363636B6
:206A2000363636363636363636363636363636363636363636363636363636363636363696
:206A4000363636363636363636363636363636363636363636363636363636363636363676
:206A6000363636363636363636363636363636363636363636363636363636363636363656
:206A8000363636363636363636363636363636363636363636363636363636363636363636
:206AA000363636363636363636363636363636363636363636363636363636363636363616
:206AC0003636363636363636363636363636363636363636363636363636363636363636F6
:206AE0003636363636363636363636363636363636363636363636363636363636363636D6
:206B00003636363636363636363636363636363636363636363636363636363636363636B5
:206B2000363636363636363636363636363636363636363636363636363636363636363695
:206B4000363636363636363636363636363636363636363636363636363636363636363675
:206B6000363636363636363636363636363636363636363636363636363636363636363655
:206B8000363636363636363636363636363636363636363636363636363636363636363635
:206BA000363636363636363636363636363636363636363636363636363636363636363615
:206BC0003636363636363636363636363636363636363636363636363636363636363636F5
:206BE0003636363636363636363636363636363636363636363636363636363636363636D5
:206C00003636363636363636363636363636363636363636363636363636363636363636B4
:206C2000363636363636363636363636363636363636363636363636363636363636363694
:206C4000363636363636363636363636363636363636363636363636363636363636363674
:206C6000363636363636363636363636363636363636363636363636363636363636363654
:206C8000363636363636363636363636363636363636363636363636363636363636363634
:206CA000363636363636363636363636363636363636363636363636363636363636363614
:206CC0003636363636363636363636363636363636363636363636363636363636363636F4
:206CE0003636363636363636363636363636363636363636363636363636363636363636D4
:206D00003636363636363636363636363636363636363636363636363636363636363636B3
:206D2000363636363636363636363636363636363636363636363636363636363636363693
:206D4000363636363636363636363636363636363636363636363636363636363636363673
:206D6000363636363636363636363636363636363636363636363636363636363636363653
:206D8000363636363636363636363636363636363636363636363636363636363636363633
:206DA000363636363636363636363636363636363636363636363636363636363636363613
:206DC0003636363636363636363636363636363636363636363636363636363636363636F3
:206DE0003636363636363636363636363636363636363636363636363636363636363636D3
:206E00003636363636363636363636363636363636363636363636363636363636363636B2
:206E2000363636363636363636363636363636363636363636363636363636363636363692
:206E4000363636363636363636363636363636363636363636363636363636363636363672
:206E6000363636363636363636363636363636363636363636363636363636363636363652
:206E8000363636363636363636363636363636363636363636363636363636363636363632
:206EA000363636363636363636363636363636363636363636363636363636363636363612
:206EC0003636363636363636363636363636363636363636363636363636363636363636F2
:206EE0003636363636363636363636363636363636363636363636363636363636363636D2
:206F00003636363636363636363636363636363636363636363636363636363636363636B1
:206F2000363636363636363636363636363636363636363636363636363636363636363691
:206F4000363636363636363636363636363636363636363636363636363636363636363671
:206F6000363636363636363636363636363636363636363636363636363636363636363651
:206F8000363636363636363636363636363636363636363636363636363636363636363631
:206FA000363636363636363636363636363636363636363636363636363636363636363611
:206FC0003636363636363636363636363636363636363636363636363636363636363636F1
:206FE0003636363636363636363636363636363636363636363636363636363636363636D1
:207000003636363636363636363636363636363636363636363636363636363636363636B0
:20702000363636363636363636363636363636363636363636363636363636363636363690
:20704000363636363636363636363636363636363636363636363636363636363636363670
:20706000363636363636363636363636363636363636363636363636363636363636363650
:20708000363636363636363636363636363636363636363636363636363636363636363630
:2070A000363636363636363636363636363636363636363636363636363636363636363610
:2070C0003636363636363636363636363636363636363636363636363636363636363636F0
:2070E0003636363636363636363636363636363636363636363636363636363636363636D0
:207100003636363636363636363636363636363636363636363636363636363636363636AF
:2071200036363636363636363636363636363636363636363636363636363636363636368F
:2071400036363636363636363636363636363636363636363636363636363636363636366F
:2071600036363636363636363636363636363636363636363636363636363636363636364F
:2071800036363636363636363636363636363636363636363636363636363636363636362F
:2071A00036363636363636363636363636363636363636363636363636363636363636360F
:2071C0003636363636363636363636363636363636363636363636363636363636363636EF
:2071E0003636363636363636363636363636363636363636363636363636363636363636CF
:207200003636363636363636363636363636363636363636363636363636363636363636AE
:2072200036363636363636363636363636363636363636363636363636363636363636368E
:2072400036363636363636363636363636363636363636363636363636363636363636366E
:2072600036363636363636363636363636363636363636363636363636363636363636364E
:2072800036363636363636363636363636363636363636363636363636363636363636362E
:2072A00036363636363636363636363636363636363636363636363636363636363636360E
:2072C0003636363636363636363636363636363636363636363636363636363636363636EE
:2072E0003636363636363636363636363636363636363636363636363636363636363636CE
:207300003636363636363636363636363636363636363636363636363636363636363636AD
:2073200036363636363636363636363636363636363636363636363636363636363636368D
:2073400036363636363636363636363636363636363636363636363636363636363636366D
:2073600036363636363636363636363636363636363636363636363636363636363636364D
:2073800036363636363636363636363636363636363636363636363636363636363636362D
:2073A00036363636363636363636363636363636363636363636363636363636363636360D
:2073C0003636363636363636363636363636363636363636363636363636363636363636ED
:2073E0003636363636363636363636363636363636363636363636363636363636363636CD
:207400003636363636363636363636363636363636363636363636363636363636363636AC
:2074200036363636363636363636363636363636363636363636363636363636363636368C
:2074400036363636363636363636363636363636363636363636363636363636363636366C
:2074600036363636363636363636363636363636363636363636363636363636363636364C
:2074800036363636363636363636363636363636363636363636363636363636363636362C
:2074A00036363636363636363636363636363636363636363636363636363636363636360C
:2074C0003636363636363636363636363636363636363636363636363636363636363636EC
:2074E0003636363636363636363636363636363636363636363636363636363636363636CC
:207500003636363636363636363636363636363636363636363636363636363636363636AB
:2075200036363636363636363636363636363636363636363636363636363636363636368B
:2075400036363636363636363636363636363636363636363636363636363636363636366B
:2075600036363636363636363636363636363636363636363636363636363636363636364B
:2075800036363636363636363636363636363636363636363636363636363636363636362B
:2075A00036363636363636363636363636363636363636363636363636363636363636360B
:2075C0003636363636363636363636363636363636363636363636363636363636363636EB
:2075E0003636363636363636363636363636363636363636363636363636363636363636CB
:207600003636363636363636363636363636363636363636363636363636363636363636AA
:2076200036363636363636363636363636363636363636363636363636363636363636368A
:2076400036363636363636363636363636363636363636363636363636363636363636366A
:2076600036363636363636363636363636363636363636363636363636363636363636364A
:2076800036363636363636363636363636363636363636363636363636363636363636362A
:2076A00036363636363636363636363636363636363636363636363636363636363636360A
:2076C0003636363636363636363636363636363636363636363636363636363636363636EA
:2076E0003636363636363636363636363636363636363636363636363636363636363636CA
:207700003636363636363636363636363636363636363636363636363636363636363636A9
:20772000363636363636363636363636363636363636363636363636363636363636363689
:20774000363636363636363636363636363636363636363636363636363636363636363669
:20776000363636363636363636363636363636363636363636363636363636363636363649
:20778000363636363636363636363636363636363636363636363636363636363636363629
:2077A000363636363636363636363636363636363636363636363636363636363636363609
:2077C0003636363636363636363636363636363636363636363636363636363636363636E9
:2077E0003636363636363636363636363636363636363636363636363636363636363636C9
:207800003636363636363636363636363636363636363636363636363636363636363636A8
:20782000363636363636363636363636363636363636363636363636363636363636363688
:20784000363636363636363636363636363636363636363636363636363636363636363668
:20786000363636363636363636363636363636363636363636363636363636363636363648
:20788000363636363636363636363636363636363636363636363636363636363636363628
:2078A000363636363636363636363636363636363636363636363636363636363636363608
:2078C0003636363636363636363636363636363636363636363636363636363636363636E8
:2078E0003636363636363636363636363636363636363636363636363636363636363636C8
:207900003636363636363636363636363636363636363636363636363636363636363636A7
:20792000363636363636363636363636363636363636363636363636363636363636363687
:20794000363636363636363636363636363636363636363636363636363636363636363667
:20796000363636363636363636363636363636363636363636363636363636363636363647
:20798000363636363636363636363636363636363636363636363636363636363636363627
:2079A000363636363636363636363636363636363636363636363636363636363636363607
:2079C0003636363636363636363636363636363636363636363636363636363636363636E7
:2079E0003636363636363636363636363636363636363636363636363636363636363636C7
:207A00003636363636363636363636363636363636363636363636363636363636363636A6
:207A2000363636363636363636363636363636363636363636363636363636363636363686
:207A4000363636363636363636363636363636363636363636363636363636363636363666
:207A6000363636363636363636363636363636363636363636363636363636363636363646
:207A8000363636363636363636363636363636363636363636363636363636363636363626
:207AA000363636363636363636363636363636363636363636363636363636363636363606
:207AC0003636363636363636363636363636363636363636363636363636363636363636E6
:207AE0003636363636363636363636363636363636363636363636363636363636363636C6
:207B00003636363636363636363636363636363636363636363636363636363636363636A5
:207B2000363636363636363636363636363636363636363636363636363636363636363685
:207B4000363636363636363636363636363636363636363636363636363636363636363665
:207B6000363636363636363636363636363636363636363636363636363636363636363645
:207B8000363636363636363636363636363636363636363636363636363636363636363625
:207BA000363636363636363636363636363636363636363636363636363636363636363605
:207BC0003636363636363636363636363636363636363636363636363636363636363636E5
:207BE0003636363636363636363636363636363636363636363636363636363636363636C5
:207C00003636363636363636363636363636363636363636363636363636363636363636A4
:207C2000363636363636363636363636363636363636363636363636363636363636363684
:207C4000363636363636363636363636363636363636363636363636363636363636363664
:207C6000363636363636363636363636363636363636363636363636363636363636363644
:207C8000363636363636363636363636363636363636363636363636363636363636363624
:207CA000363636363636363636363636363636363636363636363636363636363636363604
:207CC0003636363636363636363636363636363636363636363636363636363636363636E4
:207CE0003636363636363636363636363636363636363636363636363636363636363636C4
:207D00003636363636363636363636363636363636363636363636363636363636363636A3
:207D2000363636363636363636363636363636363636363636363636363636363636363683
:207D4000363636363636363636363636363636363636363636363636363636363636363663
:207D6000363636363636363636363636363636363636363636363636363636363636363643
:207D8000363636363636363636363636363636363636363636363636363636363636363623
:207DA000363636363636363636363636363636363636363636363636363636363636363603
:207DC0003636363636363636363636363636363636363636363636363636363636363636E3
:207DE0003636363636363636363636363636363636363636363636363636363636363636C3
:207E00003636363636363636363636363636363636363636363636363636363636363636A2
:207E2000363636363636363636363636363636363636363636363636363636363636363682
:207E4000363636363636363636363636363636363636363636363636363636363636363662
:207E6000363636363636363636363636363636363636363636363636363636363636363642
:207E8000363636363636363636363636363636363636363636363636363636363636363622
:207EA000363636363636363636363636363636363636363636363636363636363636363602
:207EC0003636363636363636363636363636363636363636363636363636363636363636E2
:207EE0003636363636363636363636363636363636363636363636363636363636363636C2
:207F00003636363636363636363636363636363636363636363636363636363636363636A1
:207F2000363636363636363636363636363636363636363636363636363636363636363681
:207F4000363636363636363636363636363636363636363636363636363636363636363661
:207F6000363636363636363636363636363636363636363636363636363636363636363641
:207F8000363636363636363636363636363636363636363636363636363636363636363621
:207FA000363636363636363636363636363636363636363636363636363636363636363601
:207FC0003636363636363636363636363636363636363636363636363636363636363636E1
:207FE0003636363636363636363636363636363636363636363636363636363636363636C1
:208000003636363636363636363636363636363636363636363636363636363636363636A0
:20802000363636363636363636363636363636363636363636363636363636363636363680
:20804000363636363636363636363636363636363636363636363636363636363636363660
:20806000363636363636363636363636363636363636363636363636363636363636363640
:20808000363636363636363636363636363636363636363636363636363636363636363620
:2080A000363636363636363636363636363636363636363636363636363636363636363600
:2080C0003636363636363636363636363636363636363636363636363636363636363636E0
:2080E0003636363636363636363636363636363636363636363636363636363636363636C0
:2081000036363636363636363636363636363636363636363636363636363636363636369F
:2081200036363636363636363636363636363636363636363636363636363636363636367F
:2081400036363636363636363636363636363636363636363636363636363636363636365F
:2081600036363636363636363636363636363636363636363636363636363636363636363F
:2081800036363636363636363636363636363636363636363636363636363636363636361F
:2081A0003636363636363636363636363636363636363636363636363636363636363636FF
:2081C0003636363636363636363636363636363636363636363636363636363636363636DF
:2081E0003636363636363636363636363636363636363636363636363636363636363636BF
:2082000036363636363636363636363636363636363636363636363636363636363636369E
:2082200036363636363636363636363636363636363636363636363636363636363636367E
:2082400036363636363636363636363636363636363636363636363636363636363636365E
:2082600036363636363636363636363636363636363636363636363636363636363636363E
:2082800036363636363636363636363636363636363636363636363636363636363636361E
:2082A0003636363636363636363636363636363636363636363636363636363636363636FE
:2082C0003636363636363636363636363636363636363636363636363636363636363636DE
:2082E0003636363636363636363636363636363636363636363636363636363636363636BE
:2083000036363636363636363636363636363636363636363636363636363636363636369D
:2083200036363636363636363636363636363636363636363636363636363636363636367D
:2083400036363636363636363636363636363636363636363636363636363636363636365D
:2083600036363636363636363636363636363636363636363636363636363636363636363D
:2083800036363636363636363636363636363636363636363636363636363636363636361D
:2083A0003636363636363636363636363636363636363636363636363636363636363636FD
:2083C0003636363636363636363636363636363636363636363636363636363636363636DD
:2083E0003636363636363636363636363636363636363636363636363636363636363636BD
:2084000036363636363636363636363636363636363636363636363636363636363636369C
:2084200036363636363636363636363636363636363636363636363636363636363636367C
:2084400036363636363636363636363636363636363636363636363636363636363636365C
:2084600036363636363636363636363636363636363636363636363636363636363636363C
:2084800036363636363636363636363636363636363636363636363636363636363636361C
:2084A0003636363636363636363636363636363636363636363636363636363636363636FC
:2084C0003636363636363636363636363636363636363636363636363636363636363636DC
:2084E0003636363636363636363636363636363636363636363636363636363636363636BC
:2085000036363636363636363636363636363636363636363636363636363636363636369B
:2085200036363636363636363636363636363636363636363636363636363636363636367B
:2085400036363636363636363636363636363636363636363636363636363636363636365B
:2085600036363636363636363636363636363636363636363636363636363636363636363B
:2085800036363636363636363636363636363636363636363636363636363636363636361B
:2085A0003636363636363636363636363636363636363636363636363636363636363636FB
:2085C0003636363636363636363636363636363636363636363636363636363636363636DB
:2085E0003636363636363636363636363636363636363636363636363636363636363636BB
:2086000036363636363636363636363636363636363636363636363636363636363636369A
:2086200036363636363636363636363636363636363636363636363636363636363636367A
:2086400036363636363636363636363636363636363636363636363636363636363636365A
:2086600036363636363636363636363636363636363636363636363636363636363636363A
:2086800036363636363636363636363636363636363636363636363636363636363636361A
:2086A0003636363636363636363636363636363636363636363636363636363636363636FA
:2086C0003636363636363636363636363636363636363636363636363636363636363636DA
:2086E0003636363636363636363636363636363636363636363636363636363636363636BA
:20870000363636363636363636363636363636363636363636363636363636363636363699
:20872000363636363636363636363636363636363636363636363636363636363636363679
:20874000363636363636363636363636363636363636363636363636363636363636363659
:20876000363636363636363636363636363636363636363636363636363636363636363639
:20878000363636363636363636363636363636363636363636363636363636363636363619
:2087A0003636363636363636363636363636363636363636363636363636363636363636F9
:2087C0003636363636363636363636363636363636363636363636363636363636363636D9
:2087E0003636363636363636363636363636363636363636363636363636363636363636B9
:20880000363636363636363636363636363636363636363636363636363636363636363698
:20882000363636363636363636363636363636363636363636363636363636363636363678
:20884000363636363636363636363636363636363636363636363636363636363636363658
:20886000363636363636363636363636363636363636363636363636363636363636363638
:20888000363636363636363636363636363636363636363636363636363636363636363618
:2088A0003636363636363636363636363636363636363636363636363636363636363636F8
:2088C0003636363636363636363636363636363636363636363636363636363636363636D8
:2088E0003636363636363636363636363636363636363636363636363636363636363636B8
:20890000363636363636363636363636363636363636363636363636363636363636363697
:20892000363636363636363636363636363636363636363636363636363636363636363677
:20894000363636363636363636363636363636363636363636363636363636363636363657
:20896000363636363636363636363636363636363636363636363636363636363636363637
:20898000363636363636363636363636363636363636363636363636363636363636363617
:2089A0003636363636363636363636363636363636363636363636363636363636363636F7
:2089C0003636363636363636363636363636363636363636363636363636363636363636D7
:2089E0003636363636363636363636363636363636363636363636363636363636363636B7
:208A0000363636363636363636363636363636363636363636363636363636363636363696
:208A2000363636363636363636363636363636363636363636363636363636363636363676
:208A4000363636363636363636363636363636363636363636363636363636363636363656
:208A6000363636363636363636363636363636363636363636363636363636363636363636
:208A8000363636363636363636363636363636363636363636363636363636363636363616
:208AA0003636363636363636363636363636363636363636363636363636363636363636F6
:208AC0003636363636363636363636363636363636363636363636363636363636363636D6
:208AE0003636363636363636363636363636363636363636363636363636363636363636B6
:208B0000363636363636363636363636363636363636363636363636363636363636363695
:208B2000363636363636363636363636363636363636363636363636363636363636363675
:208B4000363636363636363636363636363636363636363636363636363636363636363655
:208B6000363636363636363636363636363636363636363636363636363636363636363635
:208B8000363636363636363636363636363636363636363636363636363636363636363615
:208BA0003636363636363636363636363636363636363636363636363636363636363636F5
:208BC0003636363636363636363636363636363636363636363636363636363636363636D5
:208BE0003636363636363636363636363636363636363636363636363636363636363636B5
:208C0000363636363636363636363636363636363636363636363636363636363636363694
:208C2000363636363636363636363636363636363636363636363636363636363636363674
:208C4000363636363636363636363636363636363636363636363636363636363636363654
:208C6000363636363636363636363636363636363636363636363636363636363636363634
:208C8000363636363636363636363636363636363636363636363636363636363636363614
:208CA0003636363636363636363636363636363636363636363636363636363636363636F4
:208CC0003636363636363636363636363636363636363636363636363636363636363636D4
:208CE0003636363636363636363636363636363636363636363636363636363636363636B4
:208D0000363636363636363636363636363636363636363636363636363636363636363693
:208D2000363636363636363636363636363636363636363636363636363636363636363673
:208D4000363636363636363636363636363636363636363636363636363636363636363653
:208D6000363636363636363636363636363636363636363636363636363636363636363633
:208D8000363636363636363636363636363636363636363636363636363636363636363613
:208DA0003636363636363636363636363636363636363636363636363636363636363636F3
:208DC0003636363636363636363636363636363636363636363636363636363636363636D3
:208DE0003636363636363636363636363636363636363636363636363636363636363636B3
:208E0000363636363636363636363636363636363636363636363636363636363636363692
:208E2000363636363636363636363636363636363636363636363636363636363636363672
:208E4000363636363636363636363636363636363636363636363636363636363636363652
:208E6000363636363636363636363636363636363636363636363636363636363636363632
:208E8000363636363636363636363636363636363636363636363636363636363636363612
:208EA0003636363636363636363636363636363636363636363636363636363636363636F2
:208EC0003636363636363636363636363636363636363636363636363636363636363636D2
:208EE0003636363636363636363636363636363636363636363636363636363636363636B2
:208F0000363636363636363636363636363636363636363636363636363636363636363691
:208F2000363636363636363636363636363636363636363636363636363636363636363671
:208F4000363636363636363636363636363636363636363636363636363636363636363651
:208F6000363636363636363636363636363636363636363636363636363636363636363631
:208F8000363636363636363636363636363636363636363636363636363636363636363611
:208FA0003636363636363636363636363636363636363636363636363636363636363636F1
:208FC0003636363636363636363636363636363636363636363636363636363636363636D1
:208FE0003636363636363636363636363636363636363636363636363636363636363636B1
:20900000363636363636363636363636363636363636363636363636363636363636363690
:20902000363636363636363636363636363636363636363636363636363636363636363670
:20904000363636363636363636363636363636363636363636363636363636363636363650
:20906000363636363636363636363636363636363636363636363636363636363636363630
:20908000363636363636363636363636363636363636363636363636363636363636363610
:2090A0003636363636363636363636363636363636363636363636363636363636363636F0
:2090C0003636363636363636363636363636363636363636363636363636363636363636D0
:2090E0003636363636363636363636363636363636363636363636363636363636363636B0
:2091000036363636363636363636363636363636363636363636363636363636363636368F
:2091200036363636363636363636363636363636363636363636363636363636363636366F
:2091400036363636363636363636363636363636363636363636363636363636363636364F
:2091600036363636363636363636363636363636363636363636363636363636363636362F
:2091800036363636363636363636363636363636363636363636363636363636363636360F
:2091A0003636363636363636363636363636363636363636363636363636363636363636EF
:2091C0003636363636363636363636363636363636363636363636363636363636363636CF
:2091E0003636363636363636363636363636363636363636363636363636363636363636AF
:2092000036363636363636363636363636363636363636363636363636363636363636368E
:2092200036363636363636363636363636363636363636363636363636363636363636366E
:2092400036363636363636363636363636363636363636363636363636363636363636364E
:2092600036363636363636363636363636363636363636363636363636363636363636362E
:2092800036363636363636363636363636363636363636363636363636363636363636360E
:2092A0003636363636363636363636363636363636363636363636363636363636363636EE
:2092C0003636363636363636363636363636363636363636363636363636363636363636CE
:2092E0003636363636363636363636363636363636363636363636363636363636363636AE
:2093000036363636363636363636363636363636363636363636363636363636363636368D
:2093200036363636363636363636363636363636363636363636363636363636363636366D
:2093400036363636363636363636363636363636363636363636363636363636363636364D
:2093600036363636363636363636363636363636363636363636363636363636363636362D
:2093800036363636363636363636363636363636363636363636363636363636363636360D
:2093A0003636363636363636363636363636363636363636363636363636363636363636ED
:2093C0003636363636363636363636363636363636363636363636363636363636363636CD
:2093E0003636363636363636363636363636363636363636363636363636363636363636AD
:2094000036363636363636363636363636363636363636363636363636363636363636368C
:2094200036363636363636363636363636363636363636363636363636363636363636366C
:2094400036363636363636363636363636363636363636363636363636363636363636364C
:2094600036363636363636363636363636363636363636363636363636363636363636362C
:2094800036363636363636363636363636363636363636363636363636363636363636360C
:2094A0003636363636363636363636363636363636363636363636363636363636363636EC
:2094C0003636363636363636363636363636363636363636363636363636363636363636CC
:2094E0003636363636363636363636363636363636363636363636363636363636363636AC
:2095000036363636363636363636363636363636363636363636363636363636363636368B
:2095200036363636363636363636363636363636363636363636363636363636363636366B
:2095400036363636363636363636363636363636363636363636363636363636363636364B
:2095600036363636363636363636363636363636363636363636363636363636363636362B
:2095800036363636363636363636363636363636363636363636363636363636363636360B
:2095A0003636363636363636363636363636363636363636363636363636363636363636EB
:2095C0003636363636363636363636363636363636363636363636363636363636363636CB
:2095E0003636363636363636363636363636363636363636363636363636363636363636AB
:2096000036363636363636363636363636363636363636363636363636363636363636368A
:2096200036363636363636363636363636363636363636363636363636363636363636366A
:2096400036363636363636363636363636363636363636363636363636363636363636364A
:2096600036363636363636363636363636363636363636363636363636363636363636362A
:2096800036363636363636363636363636363636363636363636363636363636363636360A
:2096A0003636363636363636363636363636363636363636363636363636363636363636EA
:2096C0003636363636363636363636363636363636363636363636363636363636363636CA
:2096E0003636363636363636363636363636363636363636363636363636363636363636AA
:20970000363636363636363636363636363636363636363636363636363636363636363689
:20972000363636363636363636363636363636363636363636363636363636363636363669
:20974000363636363636363636363636363636363636363636363636363636363636363649
:20976000363636363636363636363636363636363636363636363636363636363636363629
:20978000363636363636363636363636363636363636363636363636363636363636363609
:2097A0003636363636363636363636363636363636363636363636363636363636363636E9
:2097C0003636363636363636363636363636363636363636363636363636363636363636C9
:2097E0003636363636363636363636363636363636363636363636363636363636363636A9
:20980000363636363636363636363636363636363636363636363636363636363636363688
:20982000363636363636363636363636363636363636363636363636363636363636363668
:20984000363636363636363636363636363636363636363636363636363636363636363648
:20986000363636363636363636363636363636363636363636363636363636363636363628
:20988000363636363636363636363636363636363636363636363636363636363636363608
:2098A0003636363636363636363636363636363636363636363636363636363636363636E8
:2098C0003636363636363636363636363636363636363636363636363636363636363636C8
:2098E0003636363636363636363636363636363636363636363636363636363636363636A8
:20990000363636363636363636363636363636363636363636363636363636363636363687
:20992000363636363636363636363636363636363636363636363636363636363636363667
:20994000363636363636363636363636363636363636363636363636363636363636363647
:20996000363636363636363636363636363636363636363636363636363636363636363627
:20998000363636363636363636363636363636363636363636363636363636363636363607
:2099A0003636363636363636363636363636363636363636363636363636363636363636E7
:2099C0003636363636363636363636363636363636363636363636363636363636363636C7
:2099E0003636363636363636363636363636363636363636363636363636363636363636A7
:209A0000363636363636363636363636363636363636363636363636363636363636363686
:209A2000363636363636363636363636363636363636363636363636363636363636363666
:209A4000363636363636363636363636363636363636363636363636363636363636363646
:209A6000363636363636363636363636363636363636363636363636363636363636363626
:209A8000363636363636363636363636363636363636363636363636363636363636363606
:209AA0003636363636363636363636363636363636363636363636363636363636363636E6
:209AC0003636363636363636363636363636363636363636363636363636363636363636C6
:209AE0003636363636363636363636363636363636363636363636363636363636363636A6
:209B0000363636363636363636363636363636363636363636363636363636363636363685
:209B2000363636363636363636363636363636363636363636363636363636363636363665
:209B4000363636363636363636363636363636363636363636363636363636363636363645
:209B6000363636363636363636363636363636363636363636363636363636363636363625
:209B8000363636363636363636363636363636363636363636363636363636363636363605
:209BA0003636363636363636363636363636363636363636363636363636363636363636E5
:209BC0003636363636363636363636363636363636363636363636363636363636363636C5
:209BE0003636363636363636363636363636363636363636363636363636363636363636A5
:209C0000363636363636363636363636363636363636363636363636363636363636363684
:209C2000363636363636363636363636363636363636363636363636363636363636363664
:209C4000363636363636363636363636363636363636363636363636363636363636363644
:209C6000363636363636363636363636363636363636363636363636363636363636363624
:209C8000363636363636363636363636363636363636363636363636363636363636363604
:209CA0003636363636363636363636363636363636363636363636363636363636363636E4
:209CC0003636363636363636363636363636363636363636363636363636363636363636C4
:209CE0003636363636363636363636363636363636363636363636363636363636363636A4
:209D0000363636363636363636363636363636363636363636363636363636363636363683
:209D2000363636363636363636363636363636363636363636363636363636363636363663
:209D4000363636363636363636363636363636363636363636363636363636363636363643
:209D6000363636363636363636363636363636363636363636363636363636363636363623
:209D8000363636363636363636363636363636363636363636363636363636363636363603
:209DA0003636363636363636363636363636363636363636363636363636363636363636E3
:209DC0003636363636363636363636363636363636363636363636363636363636363636C3
:209DE0003636363636363636363636363636363636363636363636363636363636363636A3
:209E0000363636363636363636363636363636363636363636363636363636363636363682
:209E2000363636363636363636363636363636363636363636363636363636363636363662
:209E4000363636363636363636363636363636363636363636363636363636363636363642
:209E6000363636363636363636363636363636363636363636363636363636363636363622
:209E8000363636363636363636363636363636363636363636363636363636363636363602
:209EA0003636363636363636363636363636363636363636363636363636363636363636E2
:209EC0003636363636363636363636363636363636363636363636363636363636363636C2
:209EE0003636363636363636363636363636363636363636363636363636363636363636A2
:209F0000363636363636363636363636363636363636363636363636363636363636363681
:209F2000363636363636363636363636363636363636363636363636363636363636363661
:209F4000363636363636363636363636363636363636363636363636363636363636363641
:209F6000363636363636363636363636363636363636363636363636363636363636363621
:209F8000363636363636363636363636363636363636363636363636363636363636363601
:209FA0003636363636363636363636363636363636363636363636363636363636363636E1
:209FC0003636363636363636363636363636363636363636363636363636363636363636C1
:209FE0003636363636363636363636363636363636363636363636363636363636363636A1
:20A00000363636363636363636363636363636363636363636363636363636363636363680
:20A02000363636363636363636363636363636363636363636363636363636363636363660
:20A04000363636363636363636363636363636363636363636363636363636363636363640
:20A06000363636363636363636363636363636363636363636363636363636363636363620
:20A08000363636363636363636363636363636363636363636363636363636363636363600
:20A0A0003636363636363636363636363636363636363636363636363636363636363636E0
:20A0C0003636363636363636363636363636363636363636363636363636363636363636C0
:20A0E0003636363636363636363636363636363636363636363636363636363636363636A0
:20A1000036363636363636363636363636363636363636363636363636363636363636367F
:20A1200036363636363636363636363636363636363636363636363636363636363636365F
:20A1400036363636363636363636363636363636363636363636363636363636363636363F
:20A1600036363636363636363636363636363636363636363636363636363636363636361F
:20A180003636363636363636363636363636363636363636363636363636363636363636FF
:20A1A0003636363636363636363636363636363636363636363636363636363636363636DF
:20A1C0003636363636363636363636363636363636363636363636363636363636363636BF
:20A1E00036363636363636363636363636363636363636363636363636363636363636369F
:20A2000036363636363636363636363636363636363636363636363636363636363636367E
:20A2200036363636363636363636363636363636363636363636363636363636363636365E
:20A2400036363636363636363636363636363636363636363636363636363636363636363E
:20A2600036363636363636363636363636363636363636363636363636363636363636361E
:20A280003636363636363636363636363636363636363636363636363636363636363636FE
:20A2A0003636363636363636363636363636363636363636363636363636363636363636DE
:20A2C0003636363636363636363636363636363636363636363636363636363636363636BE
:20A2E00036363636363636363636363636363636363636363636363636363636363636369E
:20A3000036363636363636363636363636363636363636363636363636363636363636367D
:20A3200036363636363636363636363636363636363636363636363636363636363636365D
:20A3400036363636363636363636363636363636363636363636363636363636363636363D
:20A3600036363636363636363636363636363636363636363636363636363636363636361D
:20A380003636363636363636363636363636363636363636363636363636363636363636FD
:20A3A0003636363636363636363636363636363636363636363636363636363636363636DD
:20A3C0003636363636363636363636363636363636363636363636363636363636363636BD
:20A3E00036363636363636363636363636363636363636363636363636363636363636369D
:20A4000036363636363636363636363636363636363636363636363636363636363636367C
:20A4200036363636363636363636363636363636363636363636363636363636363636365C
:20A4400036363636363636363636363636363636363636363636363636363636363636363C
:20A4600036363636363636363636363636363636363636363636363636363636363636361C
:20A480003636363636363636363636363636363636363636363636363636363636363636FC
:20A4A0003636363636363636363636363636363636363636363636363636363636363636DC
:20A4C0003636363636363636363636363636363636363636363636363636363636363636BC
:20A4E00036363636363636363636363636363636363636363636363636363636363636369C
:20A5000036363636363636363636363636363636363636363636363636363636363636367B
:20A5200036363636363636363636363636363636363636363636363636363636363636365B
:20A5400036363636363636363636363636363636363636363636363636363636363636363B
:20A5600036363636363636363636363636363636363636363636363636363636363636361B
:20A580003636363636363636363636363636363636363636363636363636363636363636FB
:20A5A0003636363636363636363636363636363636363636363636363636363636363636DB
:20A5C0003636363636363636363636363636363636363636363636363636363636363636BB
:20A5E00036363636363636363636363636363636363636363636363636363636363636369B
:20A6000036363636363636363636363636363636363636363636363636363636363636367A
:20A6200036363636363636363636363636363636363636363636363636363636363636365A
:20A6400036363636363636363636363636363636363636363636363636363636363636363A
:20A6600036363636363636363636363636363636363636363636363636363636363636361A
:20A680003636363636363636363636363636363636363636363636363636363636363636FA
:20A6A0003636363636363636363636363636363636363636363636363636363636363636DA
:20A6C0003636363636363636363636363636363636363636363636363636363636363636BA
:20A6E00036363636363636363636363636363636363636363636363636363636363636369A
:20A70000363636363636363636363636363636363636363636363636363636363636363679
:20A72000363636363636363636363636363636363636363636363636363636363636363659
:20A74000363636363636363636363636363636363636363636363636363636363636363639
:20A76000363636363636363636363636363636363636363636363636363636363636363619
:20A780003636363636363636363636363636363636363636363636363636363636363636F9
:20A7A0003636363636363636363636363636363636363636363636363636363636363636D9
:20A7C0003636363636363636363636363636363636363636363636363636363636363636B9
:20A7E000363636363636363636363636363636363636363636363636363636363636363699
:20A80000363636363636363636363636363636363636363636363636363636363636363678
:20A82000363636363636363636363636363636363636363636363636363636363636363658
:20A84000363636363636363636363636363636363636363636363636363636363636363638
:20A86000363636363636363636363636363636363636363636363636363636363636363618
:20A880003636363636363636363636363636363636363636363636363636363636363636F8
:20A8A0003636363636363636363636363636363636363636363636363636363636363636D8
:20A8C0003636363636363636363636363636363636363636363636363636363636363636B8
:20A8E000363636363636363636363636363636363636363636363636363636363636363698
:20A90000363636363636363636363636363636363636363636363636363636363636363677
:20A92000363636363636363636363636363636363636363636363636363636363636363657
:20A94000363636363636363636363636363636363636363636363636363636363636363637
:20A96000363636363636363636363636363636363636363636363636363636363636363617
:20A980003636363636363636363636363636363636363636363636363636363636363636F7
:20A9A0003636363636363636363636363636363636363636363636363636363636363636D7
:20A9C0003636363636363636363636363636363636363636363636363636363636363636B7
:20A9E000363636363636363636363636363636363636363636363636363636363636363697
:20AA0000363636363636363636363636363636363636363636363636363636363636363676
:20AA2000363636363636363636363636363636363636363636363636363636363636363656
:20AA4000363636363636363636363636363636363636363636363636363636363636363636
:20AA6000363636363636363636363636363636363636363636363636363636363636363616
:20AA80003636363636363636363636363636363636363636363636363636363636363636F6
:20AAA0003636363636363636363636363636363636363636363636363636363636363636D6
:20AAC0003636363636363636363636363636363636363636363636363636363636363636B6
:20AAE000363636363636363636363636363636363636363636363636363636363636363696
:20AB0000363636363636363636363636363636363636363636363636363636363636363675
:20AB2000363636363636363636363636363636363636363636363636363636363636363655
:20AB4000363636363636363636363636363636363636363636363636363636363636363635
:20AB6000363636363636363636363636363636363636363636363636363636363636363615
:20AB80003636363636363636363636363636363636363636363636363636363636363636F5
:20ABA0003636363636363636363636363636363636363636363636363636363636363636D5
:20ABC0003636363636363636363636363636363636363636363636363636363636363636B5
:20ABE000363636363636363636363636363636363636363636363636363636363636363695
:20AC0000363636363636363636363636363636363636363636363636363636363636363674
:20AC2000363636363636363636363636363636363636363636363636363636363636363654
:20AC4000363636363636363636363636363636363636363636363636363636363636363634
:20AC6000363636363636363636363636363636363636363636363636363636363636363614
:20AC80003636363636363636363636363636363636363636363636363636363636363636F4
:20ACA0003636363636363636363636363636363636363636363636363636363636363636D4
:20ACC0003636363636363636363636363636363636363636363636363636363636363636B4
:20ACE000363636363636363636363636363636363636363636363636363636363636363694
:20AD0000363636363636363636363636363636363636363636363636363636363636363673
:20AD2000363636363636363636363636363636363636363636363636363636363636363653
:20AD4000363636363636363636363636363636363636363636363636363636363636363633
:20AD6000363636363636363636363636363636363636363636363636363636363636363613
:20AD80003636363636363636363636363636363636363636363636363636363636363636F3
:20ADA0003636363636363636363636363636363636363636363636363636363636363636D3
:20ADC0003636363636363636363636363636363636363636363636363636363636363636B3
:20ADE000363636363636363636363636363636363636363636363636363636363636363693
:20AE0000363636363636363636363636363636363636363636363636363636363636363672
:20AE2000363636363636363636363636363636363636363636363636363636363636363652
:20AE4000363636363636363636363636363636363636363636363636363636363636363632
:20AE6000363636363636363636363636363636363636363636363636363636363636363612
:20AE80003636363636363636363636363636363636363636363636363636363636363636F2
:20AEA0003636363636363636363636363636363636363636363636363636363636363636D2
:20AEC0003636363636363636363636363636363636363636363636363636363636363636B2
:20AEE000363636363636363636363636363636363636363636363636363636363636363692
:20AF0000363636363636363636363636363636363636363636363636363636363636363671
:20AF2000363636363636363636363636363636363636363636363636363636363636363651
:20AF4000363636363636363636363636363636363636363636363636363636363636363631
:20AF6000363636363636363636363636363636363636363636363636363636363636363611
:20AF80003636363636363636363636363636363636363636363636363636363636363636F1
:20AFA0003636363636363636363636363636363636363636363636363636363636363636D1
:20AFC0003636363636363636363636363636363636363636363636363636363636363636B1
:20AFE000363636363636363636363636363636363636363636363636363636363636363691
:20B00000363636363636363636363636363636363636363636363636363636363636363670
:20B02000363636363636363636363636363636363636363636363636363636363636363650
:20B04000363636363636363636363636363636363636363636363636363636363636363630
:20B06000363636363636363636363636363636363636363636363636363636363636363610
:20B080003636363636363636363636363636363636363636363636363636363636363636F0
:20B0A0003636363636363636363636363636363636363636363636363636363636363636D0
:20B0C0003636363636363636363636363636363636363636363636363636363636363636B0
:20B0E000363636363636363636363636363636363636363636363636363636363636363690
:20B1000036363636363636363636363636363636363636363636363636363636363636366F
:20B1200036363636363636363636363636363636363636363636363636363636363636364F
:20B1400036363636363636363636363636363636363636363636363636363636363636362F
:20B1600036363636363636363636363636363636363636363636363636363636363636360F
:20B180003636363636363636363636363636363636363636363636363636363636363636EF
:20B1A0003636363636363636363636363636363636363636363636363636363636363636CF
:20B1C0003636363636363636363636363636363636363636363636363636363636363636AF
:20B1E00036363636363636363636363636363636363636363636363636363636363636368F
:20B2000036363636363636363636363636363636363636363636363636363636363636366E
:20B2200036363636363636363636363636363636363636363636363636363636363636364E
:20B2400036363636363636363636363636363636363636363636363636363636363636362E
:20B2600036363636363636363636363636363636363636363636363636363636363636360E
:20B280003636363636363636363636363636363636363636363636363636363636363636EE
:20B2A0003636363636363636363636363636363636363636363636363636363636363636CE
:20B2C0003636363636363636363636363636363636363636363636363636363636363636AE
:20B2E00036363636363636363636363636363636363636363636363636363636363636368E
:20B3000036363636363636363636363636363636363636363636363636363636363636366D
:20B3200036363636363636363636363636363636363636363636363636363636363636364D
:20B3400036363636363636363636363636363636363636363636363636363636363636362D
:20B3600036363636363636363636363636363636363636363636363636363636363636360D
:20B380003636363636363636363636363636363636363636363636363636363636363636ED
:20B3A0003636363636363636363636363636363636363636363636363636363636363636CD
:20B3C0003636363636363636363636363636363636363636363636363636363636363636AD
:20B3E00036363636363636363636363636363636363636363636363636363636363636368D
:20B4000036363636363636363636363636363636363636363636363636363636363636366C
:20B4200036363636363636363636363636363636363636363636363636363636363636364C
:20B4400036363636363636363636363636363636363636363636363636363636363636362C
:20B4600036363636363636363636363636363636363636363636363636363636363636360C
:20B480003636363636363636363636363636363636363636363636363636363636363636EC
:20B4A0003636363636363636363636363636363636363636363636363636363636363636CC
:20B4C0003636363636363636363636363636363636363636363636363636363636363636AC
:20B4E00036363636363636363636363636363636363636363636363636363636363636368C
:20B5000036363636363636363636363636363636363636363636363636363636363636366B
:20B5200036363636363636363636363636363636363636363636363636363636363636364B
:20B5400036363636363636363636363636363636363636363636363636363636363636362B
:20B5600036363636363636363636363636363636363636363636363636363636363636360B
:20B580003636363636363636363636363636363636363636363636363636363636363636EB
:20B5A0003636363636363636363636363636363636363636363636363636363636363636CB
:20B5C0003636363636363636363636363636363636363636363636363636363636363636AB
:20B5E00036363636363636363636363636363636363636363636363636363636363636368B
:20B6000036363636363636363636363636363636363636363636363636363636363636366A
:20B6200036363636363636363636363636363636363636363636363636363636363636364A
:20B6400036363636363636363636363636363636363636363636363636363636363636362A
:20B6600036363636363636363636363636363636363636363636363636363636363636360A
:20B680003636363636363636363636363636363636363636363636363636363636363636EA
:20B6A0003636363636363636363636363636363636363636363636363636363636363636CA
:20B6C0003636363636363636363636363636363636363636363636363636363636363636AA
:20B6E00036363636363636363636363636363636363636363636363636363636363636368A
:20B70000363636363636363636363636363636363636363636363636363636363636363669
:20B72000363636363636363636363636363636363636363636363636363636363636363649
:20B74000363636363636363636363636363636363636363636363636363636363636363629
:20B76000363636363636363636363636363636363636363636363636363636363636363609
:20B780003636363636363636363636363636363636363636363636363636363636363636E9
:20B7A0003636363636363636363636363636363636363636363636363636363636363636C9
:20B7C0003636363636363636363636363636363636363636363636363636363636363636A9
:20B7E000363636363636363636363636363636363636363636363636363636363636363689
:20B80000363636363636363636363636363636363636363636363636363636363636363668
:20B82000363636363636363636363636363636363636363636363636363636363636363648
:20B84000363636363636363636363636363636363636363636363636363636363636363628
:20B86000363636363636363636363636363636363636363636363636363636363636363608
:20B880003636363636363636363636363636363636363636363636363636363636363636E8
:20B8A0003636363636363636363636363636363636363636363636363636363636363636C8
:20B8C0003636363636363636363636363636363636363636363636363636363636363636A8
:20B8E000363636363636363636363636363636363636363636363636363636363636363688
:20B90000363636363636363636363636363636363636363636363636363636363636363667
:20B92000363636363636363636363636363636363636363636363636363636363636363647
:20B94000363636363636363636363636363636363636363636363636363636363636363627
:20B96000363636363636363636363636363636363636363636363636363636363636363607
:20B980003636363636363636363636363636363636363636363636363636363636363636E7
:20B9A0003636363636363636363636363636363636363636363636363636363636363636C7
:20B9C0003636363636363636363636363636363636363636363636363636363636363636A7
:20B9E000363636363636363636363636363636363636363636363636363636363636363687
:20BA0000363636363636363636363636363636363636363636363636363636363636363666
:20BA2000363636363636363636363636363636363636363636363636363636363636363646
:20BA4000363636363636363636363636363636363636363636363636363636363636363626
:20BA6000363636363636363636363636363636363636363636363636363636363636363606
:20BA80003636363636363636363636363636363636363636363636363636363636363636E6
:20BAA0003636363636363636363636363636363636363636363636363636363636363636C6
:20BAC0003636363636363636363636363636363636363636363636363636363636363636A6
:20BAE000363636363636363636363636363636363636363636363636363636363636363686
:20BB0000363636363636363636363636363636363636363636363636363636363636363665
:20BB2000363636363636363636363636363636363636363636363636363636363636363645
:20BB4000363636363636363636363636363636363636363636363636363636363636363625
:20BB6000363636363636363636363636363636363636363636363636363636363636363605
:20BB80003636363636363636363636363636363636363636363636363636363636363636E5
:20BBA0003636363636363636363636363636363636363636363636363636363636363636C5
:20BBC0003636363636363636363636363636363636363636363636363636363636363636A5
:20BBE000363636363636363636363636363636363636363636363636363636363636363685
:20BC0000363636363636363636363636363636363636363636363636363636363636363664
:20BC2000363636363636363636363636363636363636363636363636363636363636363644
:20BC4000363636363636363636363636363636363636363636363636363636363636363624
:20BC6000363636363636363636363636363636363636363636363636363636363636363604
:20BC80003636363636363636363636363636363636363636363636363636363636363636E4
:20BCA0003636363636363636363636363636363636363636363636363636363636363636C4
:20BCC0003636363636363636363636363636363636363636363636363636363636363636A4
:20BCE000363636363636363636363636363636363636363636363636363636363636363684
:20BD0000363636363636363636363636363636363636363636363636363636363636363663
:20BD2000363636363636363636363636363636363636363636363636363636363636363643
:20BD4000363636363636363636363636363636363636363636363636363636363636363623
:20BD6000363636363636363636363636363636363636363636363636363636363636363603
:20BD80003636363636363636363636363636363636363636363636363636363636363636E3
:20BDA0003636363636363636363636363636363636363636363636363636363636363636C3
:20BDC0003636363636363636363636363636363636363636363636363636363636363636A3
:20BDE000363636363636363636363636363636363636363636363636363636363636363683
:20BE0000363636363636363636363636363636363636363636363636363636363636363662
:20BE2000363636363636363636363636363636363636363636363636363636363636363642
:20BE4000363636363636363636363636363636363636363636363636363636363636363622
:20BE6000363636363636363636363636363636363636363636363636363636363636363602
:20BE80003636363636363636363636363636363636363636363636363636363636363636E2
:20BEA0003636363636363636363636363636363636363636363636363636363636363636C2
:20BEC0003636363636363636363636363636363636363636363636363636363636363636A2
:20BEE000363636363636363636363636363636363636363636363636363636363636363682
:20BF0000363636363636363636363636363636363636363636363636363636363636363661
:20BF2000363636363636363636363636363636363636363636363636363636363636363641
:20BF4000363636363636363636363636363636363636363636363636363636363636363621
:20BF6000363636363636363636363636363636363636363636363636363636363636363601
:20BF80003636363636363636363636363636363636363636363636363636363636363636E1
:20BFA0003636363636363636363636363636363636363636363636363636363636363636C1
:20BFC0003636363636363636363636363636363636363636363636363636363636363636A1
:20BFE000363636363636363636363636363636363636363636363636363636363636363681
:20C00000363636363636363636363636363636363636363636363636363636363636363660
:20C02000363636363636363636363636363636363636363636363636363636363636363640
:20C04000363636363636363636363636363636363636363636363636363636363636363620
:20C06000363636363636363636363636363636363636363636363636363636363636363600
:20C080003636363636363636363636363636363636363636363636363636363636363636E0
:20C0A0003636363636363636363636363636363636363636363636363636363636363636C0
:20C0C0003636363636363636363636363636363636363636363636363636363636363636A0
:20C0E000363636363636363636363636363636363636363636363636363636363636363680
:20C1000036363636363636363636363636363636363636363636363636363636363636365F
:20C1200036363636363636363636363636363636363636363636363636363636363636363F
:20C1400036363636363636363636363636363636363636363636363636363636363636361F
:20C160003636363636363636363636363636363636363636363636363636363636363636FF
:20C180003636363636363636363636363636363636363636363636363636363636363636DF
:20C1A0003636363636363636363636363636363636363636363636363636363636363636BF
:20C1C00036363636363636363636363636363636363636363636363636363636363636369F
:20C1E00036363636363636363636363636363636363636363636363636363636363636367F
:20C2000036363636363636363636363636363636363636363636363636363636363636365E
:20C2200036363636363636363636363636363636363636363636363636363636363636363E
:20C2400036363636363636363636363636363636363636363636363636363636363636361E
:20C260003636363636363636363636363636363636363636363636363636363636363636FE
:20C280003636363636363636363636363636363636363636363636363636363636363636DE
:20C2A0003636363636363636363636363636363636363636363636363636363636363636BE
:20C2C00036363636363636363636363636363636363636363636363636363636363636369E
:20C2E00036363636363636363636363636363636363636363636363636363636363636367E
:20C3000036363636363636363636363636363636363636363636363636363636363636365D
:20C3200036363636363636363636363636363636363636363636363636363636363636363D
:20C3400036363636363636363636363636363636363636363636363636363636363636361D
:20C360003636363636363636363636363636363636363636363636363636363636363636FD
:20C380003636363636363636363636363636363636363636363636363636363636363636DD
:20C3A0003636363636363636363636363636363636363636363636363636363636363636BD
:20C3C00036363636363636363636363636363636363636363636363636363636363636369D
:20C3E00036363636363636363636363636363636363636363636363636363636363636367D
:20C4000036363636363636363636363636363636363636363636363636363636363636365C
:20C4200036363636363636363636363636363636363636363636363636363636363636363C
:20C4400036363636363636363636363636363636363636363636363636363636363636361C
:20C460003636363636363636363636363636363636363636363636363636363636363636FC
:20C480003636363636363636363636363636363636363636363636363636363636363636DC
:20C4A0003636363636363636363636363636363636363636363636363636363636363636BC
:20C4C00036363636363636363636363636363636363636363636363636363636363636369C
:20C4E00036363636363636363636363636363636363636363636363636363636363636367C
:20C5000036363636363636363636363636363636363636363636363636363636363636365B
:20C5200036363636363636363636363636363636363636363636363636363636363636363B
:20C5400036363636363636363636363636363636363636363636363636363636363636361B
:20C560003636363636363636363636363636363636363636363636363636363636363636FB
:20C580003636363636363636363636363636363636363636363636363636363636363636DB
:20C5A0003636363636363636363636363636363636363636363636363636363636363636BB
:20C5C00036363636363636363636363636363636363636363636363636363636363636369B
:20C5E00036363636363636363636363636363636363636363636363636363636363636367B
:20C6000036363636363636363636363636363636363636363636363636363636363636365A
:20C6200036363636363636363636363636363636363636363636363636363636363636363A
:20C6400036363636363636363636363636363636363636363636363636363636363636361A
:20C660003636363636363636363636363636363636363636363636363636363636363636FA
:20C680003636363636363636363636363636363636363636363636363636363636363636DA
:20C6A0003636363636363636363636363636363636363636363636363636363636363636BA
:20C6C00036363636363636363636363636363636363636363636363636363636363636369A
:20C6E00036363636363636363636363636363636363636363636363636363636363636367A
:20C70000363636363636363636363636363636363636363636363636363636363636363659
:20C72000363636363636363636363636363636363636363636363636363636363636363639
:20C74000363636363636363636363636363636363636363636363636363636363636363619
:20C760003636363636363636363636363636363636363636363636363636363636363636F9
:20C780003636363636363636363636363636363636363636363636363636363636363636D9
:20C7A0003636363636363636363636363636363636363636363636363636363636363636B9
:20C7C000363636363636363636363636363636363636363636363636363636363636363699
:20C7E000363636363636363636363636363636363636363636363636363636363636363679
:20C80000363636363636363636363636363636363636363636363636363636363636363658
:20C82000363636363636363636363636363636363636363636363636363636363636363638
:20C84000363636363636363636363636363636363636363636363636363636363636363618
:20C860003636363636363636363636363636363636363636363636363636363636363636F8
:20C880003636363636363636363636363636363636363636363636363636363636363636D8
:20C8A0003636363636363636363636363636363636363636363636363636363636363636B8
:20C8C000363636363636363636363636363636363636363636363636363636363636363698
:20C8E000363636363636363636363636363636363636363636363636363636363636363678
:20C90000363636363636363636363636363636363636363636363636363636363636363657
:20C92000363636363636363636363636363636363636363636363636363636363636363637
:20C94000363636363636363636363636363636363636363636363636363636363636363617
:20C960003636363636363636363636363636363636363636363636363636363636363636F7
:20C980003636363636363636363636363636363636363636363636363636363636363636D7
:20C9A0003636363636363636363636363636363636363636363636363636363636363636B7
:20C9C000363636363636363636363636363636363636363636363636363636363636363697
:20C9E000363636363636363636363636363636363636363636363636363636363636363677
:20CA0000363636363636363636363636363636363636363636363636363636363636363656
:20CA2000363636363636363636363636363636363636363636363636363636363636363636
:20CA4000363636363636363636363636363636363636363636363636363636363636363616
:20CA60003636363636363636363636363636363636363636363636363636363636363636F6
:20CA80003636363636363636363636363636363636363636363636363636363636363636D6
:20CAA0003636363636363636363636363636363636363636363636363636363636363636B6
:20CAC000363636363636363636363636363636363636363636363636363636363636363696
:20CAE000363636363636363636363636363636363636363636363636363636363636363676
:20CB0000363636363636363636363636363636363636363636363636363636363636363655
:20CB2000363636363636363636363636363636363636363636363636363636363636363635
:20CB4000363636363636363636363636363636363636363636363636363636363636363615
:20CB60003636363636363636363636363636363636363636363636363636363636363636F5
:20CB80003636363636363636363636363636363636363636363636363636363636363636D5
:20CBA0003636363636363636363636363636363636363636363636363636363636363636B5
:20CBC000363636363636363636363636363636363636363636363636363636363636363695
:20CBE000363636363636363636363636363636363636363636363636363636363636363675
:20CC0000363636363636363636363636363636363636363636363636363636363636363654
:20CC2000363636363636363636363636363636363636363636363636363636363636363634
:20CC4000363636363636363636363636363636363636363636363636363636363636363614
:20CC60003636363636363636363636363636363636363636363636363636363636363636F4
:20CC80003636363636363636363636363636363636363636363636363636363636363636D4
:20CCA0003636363636363636363636363636363636363636363636363636363636363636B4
:20CCC000363636363636363636363636363636363636363636363636363636363636363694
:20CCE000363636363636363636363636363636363636363636363636363636363636363674
:20CD0000363636363636363636363636363636363636363636363636363636363636363653
:20CD2000363636363636363636363636363636363636363636363636363636363636363633
:20CD4000363636363636363636363636363636363636363636363636363636363636363613
:20CD60003636363636363636363636363636363636363636363636363636363636363636F3
:20CD80003636363636363636363636363636363636363636363636363636363636363636D3
:20CDA0003636363636363636363636363636363636363636363636363636363636363636B3
:20CDC000363636363636363636363636363636363636363636363636363636363636363693
:20CDE000363636363636363636363636363636363636363636363636363636363636363673
:20CE0000363636363636363636363636363636363636363636363636363636363636363652
:20CE2000363636363636363636363636363636363636363636363636363636363636363632
:20CE4000363636363636363636363636363636363636363636363636363636363636363612
:20CE60003636363636363636363636363636363636363636363636363636363636363636F2
:20CE80003636363636363636363636363636363636363636363636363636363636363636D2
:20CEA0003636363636363636363636363636363636363636363636363636363636363636B2
:20CEC000363636363636363636363636363636363636363636363636363636363636363692
:20CEE000363636363636363636363636363636363636363636363636363636363636363672
:20CF0000363636363636363636363636363636363636363636363636363636363636363651
:20CF2000363636363636363636363636363636363636363636363636363636363636363631
:20CF4000363636363636363636363636363636363636363636363636363636363636363611
:20CF60003636363636363636363636363636363636363636363636363636363636363636F1
:20CF80003636363636363636363636363636363636363636363636363636363636363636D1
:20CFA0003636363636363636363636363636363636363636363636363636363636363636B1
:20CFC000363636363636363636363636363636363636363636363636363636363636363691
:20CFE000363636363636363636363636363636363636363636363636363636363636363671
:20D00000363636363636363636363636363636363636363636363636363636363636363650
:20D02000363636363636363636363636363636363636363636363636363636363636363630
:20D04000363636363636363636363636363636363636363636363636363636363636363610
:20D060003636363636363636363636363636363636363636363636363636363636363636F0
:20D080003636363636363636363636363636363636363636363636363636363636363636D0
:20D0A0003636363636363636363636363636363636363636363636363636363636363636B0
:20D0C000363636363636363636363636363636363636363636363636363636363636363690
:20D0E000363636363636363636363636363636363636363636363636363636363636363670
:20D1000036363636363636363636363636363636363636363636363636363636363636364F
:20D1200036363636363636363636363636363636363636363636363636363636363636362F
:20D1400036363636363636363636363636363636363636363636363636363636363636360F
:20D160003636363636363636363636363636363636363636363636363636363636363636EF
:20D180003636363636363636363636363636363636363636363636363636363636363636CF
:20D1A0003636363636363636363636363636363636363636363636363636363636363636AF
:20D1C00036363636363636363636363636363636363636363636363636363636363636368F
:20D1E00036363636363636363636363636363636363636363636363636363636363636366F
:20D2000036363636363636363636363636363636363636363636363636363636363636364E
:20D2200036363636363636363636363636363636363636363636363636363636363636362E
:20D2400036363636363636363636363636363636363636363636363636363636363636360E
:20D260003636363636363636363636363636363636363636363636363636363636363636EE
:20D280003636363636363636363636363636363636363636363636363636363636363636CE
:20D2A0003636363636363636363636363636363636363636363636363636363636363636AE
:20D2C00036363636363636363636363636363636363636363636363636363636363636368E
:20D2E00036363636363636363636363636363636363636363636363636363636363636366E
:20D3000036363636363636363636363636363636363636363636363636363636363636364D
:20D3200036363636363636363636363636363636363636363636363636363636363636362D
:20D3400036363636363636363636363636363636363636363636363636363636363636360D
:20D360003636363636363636363636363636363636363636363636363636363636363636ED
:20D380003636363636363636363636363636363636363636363636363636363636363636CD
:20D3A0003636363636363636363636363636363636363636363636363636363636363636AD
:20D3C00036363636363636363636363636363636363636363636363636363636363636368D
:20D3E00036363636363636363636363636363636363636363636363636363636363636366D
:20D4000036363636363636363636363636363636363636363636363636363636363636364C
:20D4200036363636363636363636363636363636363636363636363636363636363636362C
:20D4400036363636363636363636363636363636363636363636363636363636363636360C
:20D460003636363636363636363636363636363636363636363636363636363636363636EC
:20D480003636363636363636363636363636363636363636363636363636363636363636CC
:20D4A0003636363636363636363636363636363636363636363636363636363636363636AC
:20D4C00036363636363636363636363636363636363636363636363636363636363636368C
:20D4E00036363636363636363636363636363636363636363636363636363636363636366C
:20D5000036363636363636363636363636363636363636363636363636363636363636364B
:20D5200036363636363636363636363636363636363636363636363636363636363636362B
:20D5400036363636363636363636363636363636363636363636363636363636363636360B
:20D560003636363636363636363636363636363636363636363636363636363636363636EB
:20D580003636363636363636363636363636363636363636363636363636363636363636CB
:20D5A0003636363636363636363636363636363636363636363636363636363636363636AB
:20D5C00036363636363636363636363636363636363636363636363636363636363636368B
:20D5E00036363636363636363636363636363636363636363636363636363636363636366B
:20D6000036363636363636363636363636363636363636363636363636363636363636364A
:20D6200036363636363636363636363636363636363636363636363636363636363636362A
:20D6400036363636363636363636363636363636363636363636363636363636363636360A
:20D660003636363636363636363636363636363636363636363636363636363636363636EA
:20D680003636363636363636363636363636363636363636363636363636363636363636CA
:20D6A0003636363636363636363636363636363636363636363636363636363636363636AA
:20D6C00036363636363636363636363636363636363636363636363636363636363636368A
:20D6E00036363636363636363636363636363636363636363636363636363636363636366A
:20D70000363636363636363636363636363636363636363636363636363636363636363649
:20D72000363636363636363636363636363636363636363636363636363636363636363629
:20D74000363636363636363636363636363636363636363636363636363636363636363609
:20D760003636363636363636363636363636363636363636363636363636363636363636E9
:20D780003636363636363636363636363636363636363636363636363636363636363636C9
:20D7A0003636363636363636363636363636363636363636363636363636363636363636A9
:20D7C000363636363636363636363636363636363636363636363636363636363636363689
:20D7E000363636363636363636363636363636363636363636363636363636363636363669
:20D80000363636363636363636363636363636363636363636363636363636363636363648
:20D82000363636363636363636363636363636363636363636363636363636363636363628
:20D84000363636363636363636363636363636363636363636363636363636363636363608
:20D860003636363636363636363636363636363636363636363636363636363636363636E8
:20D880003636363636363636363636363636363636363636363636363636363636363636C8
:20D8A0003636363636363636363636363636363636363636363636363636363636363636A8
:20D8C000363636363636363636363636363636363636363636363636363636363636363688
:20D8E000363636363636363636363636363636363636363636363636363636363636363668
:20D90000363636363636363636363636363636363636363636363636363636363636363647
:20D92000363636363636363636363636363636363636363636363636363636363636363627
:20D94000363636363636363636363636363636363636363636363636363636363636363607
:20D960003636363636363636363636363636363636363636363636363636363636363636E7
:20D980003636363636363636363636363636363636363636363636363636363636363636C7
:20D9A0003636363636363636363636363636363636363636363636363636363636363636A7
:20D9C000363636363636363636363636363636363636363636363636363636363636363687
:20D9E000363636363636363636363636363636363636363636363636363636363636363667
:20DA0000363636363636363636363636363636363636363636363636363636363636363646
:20DA2000363636363636363636363636363636363636363636363636363636363636363626
:20DA4000363636363636363636363636363636363636363636363636363636363636363606
:20DA60003636363636363636363636363636363636363636363636363636363636363636E6
:20DA80003636363636363636363636363636363636363636363636363636363636363636C6
:20DAA0003636363636363636363636363636363636363636363636363636363636363636A6
:20DAC000363636363636363636363636363636363636363636363636363636363636363686
:20DAE000363636363636363636363636363636363636363636363636363636363636363666
:20DB0000363636363636363636363636363636363636363636363636363636363636363645
:20DB2000363636363636363636363636363636363636363636363636363636363636363625
:20DB4000363636363636363636363636363636363636363636363636363636363636363605
:20DB60003636363636363636363636363636363636363636363636363636363636363636E5
:20DB80003636363636363636363636363636363636363636363636363636363636363636C5
:20DBA0003636363636363636363636363636363636363636363636363636363636363636A5
:20DBC000363636363636363636363636363636363636363636363636363636363636363685
:20DBE000363636363636363636363636363636363636363636363636363636363636363665
:20DC0000363636363636363636363636363636363636363636363636363636363636363644
:20DC2000363636363636363636363636363636363636363636363636363636363636363624
:20DC4000363636363636363636363636363636363636363636363636363636363636363604
:20DC60003636363636363636363636363636363636363636363636363636363636363636E4
:20DC80003636363636363636363636363636363636363636363636363636363636363636C4
:20DCA0003636363636363636363636363636363636363636363636363636363636363636A4
:20DCC000363636363636363636363636363636363636363636363636363636363636363684
:20DCE000363636363636363636363636363636363636363636363636363636363636363664
:20DD0000363636363636363636363636363636363636363636363636363636363636363643
:20DD2000363636363636363636363636363636363636363636363636363636363636363623
:20DD4000363636363636363636363636363636363636363636363636363636363636363603
:20DD60003636363636363636363636363636363636363636363636363636363636363636E3
:20DD80003636363636363636363636363636363636363636363636363636363636363636C3
:20DDA0003636363636363636363636363636363636363636363636363636363636363636A3
:20DDC000363636363636363636363636363636363636363636363636363636363636363683
:20DDE000363636363636363636363636363636363636363636363636363636363636363663
:20DE0000363636363636363636363636363636363636363636363636363636363636363642
:20DE2000363636363636363636363636363636363636363636363636363636363636363622
:20DE4000363636363636363636363636363636363636363636363636363636363636363602
:20DE60003636363636363636363636363636363636363636363636363636363636363636E2
:20DE80003636363636363636363636363636363636363636363636363636363636363636C2
:20DEA0003636363636363636363636363636363636363636363636363636363636363636A2
:20DEC000363636363636363636363636363636363636363636363636363636363636363682
:20DEE000363636363636363636363636363636363636363636363636363636363636363662
:20DF0000363636363636363636363636363636363636363636363636363636363636363641
:20DF2000363636363636363636363636363636363636363636363636363636363636363621
:20DF4000363636363636363636363636363636363636363636363636363636363636363601
:20DF60003636363636363636363636363636363636363636363636363636363636363636E1
:20DF80003636363636363636363636363636363636363636363636363636363636363636C1
:20DFA0003636363636363636363636363636363636363636363636363636363636363636A1
:20DFC000363636363636363636363636363636363636363636363636363636363636363681
:20DFE000363636363636363636363636363636363636363636363636363636363636363661
:20E00000363636363636363636363636363636363636363636363636363636363636363640
:20E02000363636363636363636363636363636363636363636363636363636363636363620
:20E04000363636363636363636363636363636363636363636363636363636363636363600
:20E060003636363636363636363636363636363636363636363636363636363636363636E0
:20E080003636363636363636363636363636363636363636363636363636363636363636C0
:20E0A0003636363636363636363636363636363636363636363636363636363636363636A0
:20E0C000363636363636363636363636363636363636363636363636363636363636363680
:20E0E000363636363636363636363636363636363636363636363636363636363636363660
:20E1000036363636363636363636363636363636363636363636363636363636363636363F
:20E1200036363636363636363636363636363636363636363636363636363636363636361F
:20E140003636363636363636363636363636363636363636363636363636363636363636FF
:20E160003636363636363636363636363636363636363636363636363636363636363636DF
:20E180003636363636363636363636363636363636363636363636363636363636363636BF
:20E1A00036363636363636363636363636363636363636363636363636363636363636369F
:20E1C00036363636363636363636363636363636363636363636363636363636363636367F
:20E1E00036363636363636363636363636363636363636363636363636363636363636365F
:20E2000036363636363636363636363636363636363636363636363636363636363636363E
:20E2200036363636363636363636363636363636363636363636363636363636363636361E
:20E240003636363636363636363636363636363636363636363636363636363636363636FE
:20E260003636363636363636363636363636363636363636363636363636363636363636DE
:20E280003636363636363636363636363636363636363636363636363636363636363636BE
:20E2A00036363636363636363636363636363636363636363636363636363636363636369E
:20E2C00036363636363636363636363636363636363636363636363636363636363636367E
:20E2E00036363636363636363636363636363636363636363636363636363636363636365E
:20E3000036363636363636363636363636363636363636363636363636363636363636363D
:20E3200036363636363636363636363636363636363636363636363636363636363636361D
:20E340003636363636363636363636363636363636363636363636363636363636363636FD
:20E360003636363636363636363636363636363636363636363636363636363636363636DD
:20E380003636363636363636363636363636363636363636363636363636363636363636BD
:20E3A00036363636363636363636363636363636363636363636363636363636363636369D
:20E3C00036363636363636363636363636363636363636363636363636363636363636367D
:20E3E00036363636363636363636363636363636363636363636363636363636363636365D
:20E4000036363636363636363636363636363636363636363636363636363636363636363C
:20E4200036363636363636363636363636363636363636363636363636363636363636361C
:20E440003636363636363636363636363636363636363636363636363636363636363636FC
:20E460003636363636363636363636363636363636363636363636363636363636363636DC
:20E480003636363636363636363636363636363636363636363636363636363636363636BC
:20E4A00036363636363636363636363636363636363636363636363636363636363636369C
:20E4C00036363636363636363636363636363636363636363636363636363636363636367C
:20E4E00036363636363636363636363636363636363636363636363636363636363636365C
:20E5000036363636363636363636363636363636363636363636363636363636363636363B
:20E5200036363636363636363636363636363636363636363636363636363636363636361B
:20E540003636363636363636363636363636363636363636363636363636363636363636FB
:20E560003636363636363636363636363636363636363636363636363636363636363636DB
:20E580003636363636363636363636363636363636363636363636363636363636363636BB
:20E5A00036363636363636363636363636363636363636363636363636363636363636369B
:20E5C00036363636363636363636363636363636363636363636363636363636363636367B
:20E5E00036363636363636363636363636363636363636363636363636363636363636365B
:20E6000036363636363636363636363636363636363636363636363636363636363636363A
:20E6200036363636363636363636363636363636363636363636363636363636363636361A
:20E640003636363636363636363636363636363636363636363636363636363636363636FA
:20E660003636363636363636363636363636363636363636363636363636363636363636DA
:20E680003636363636363636363636363636363636363636363636363636363636363636BA
:20E6A00036363636363636363636363636363636363636363636363636363636363636369A
:20E6C00036363636363636363636363636363636363636363636363636363636363636367A
:20E6E00036363636363636363636363636363636363636363636363636363636363636365A
:20E70000363636363636363636363636363636363636363636363636363636363636363639
:20E72000363636363636363636363636363636363636363636363636363636363636363619
:20E740003636363636363636363636363636363636363636363636363636363636363636F9
:20E760003636363636363636363636363636363636363636363636363636363636363636D9
:20E780003636363636363636363636363636363636363636363636363636363636363636B9
:20E7A000363636363636363636363636363636363636363636363636363636363636363699
:20E7C000363636363636363636363636363636363636363636363636363636363636363679
:20E7E000363636363636363636363636363636363636363636363636363636363636363659
:20E80000363636363636363636363636363636363636363636363636363636363636363638
:20E82000363636363636363636363636363636363636363636363636363636363636363618
:20E840003636363636363636363636363636363636363636363636363636363636363636F8
:20E860003636363636363636363636363636363636363636363636363636363636363636D8
:20E880003636363636363636363636363636363636363636363636363636363636363636B8
:20E8A000363636363636363636363636363636363636363636363636363636363636363698
:20E8C000363636363636363636363636363636363636363636363636363636363636363678
:20E8E000363636363636363636363636363636363636363636363636363636363636363658
:20E90000363636363636363636363636363636363636363636363636363636363636363637
:20E92000363636363636363636363636363636363636363636363636363636363636363617
:20E940003636363636363636363636363636363636363636363636363636363636363636F7
:20E960003636363636363636363636363636363636363636363636363636363636363636D7
:20E980003636363636363636363636363636363636363636363636363636363636363636B7
:20E9A000363636363636363636363636363636363636363636363636363636363636363697
:20E9C000363636363636363636363636363636363636363636363636363636363636363677
:20E9E000363636363636363636363636363636363636363636363636363636363636363657
:20EA0000363636363636363636363636363636363636363636363636363636363636363636
:20EA2000363636363636363636363636363636363636363636363636363636363636363616
:20EA40003636363636363636363636363636363636363636363636363636363636363636F6
:20EA60003636363636363636363636363636363636363636363636363636363636363636D6
:20EA80003636363636363636363636363636363636363636363636363636363636363636B6
:20EAA000363636363636363636363636363636363636363636363636363636363636363696
:20EAC000363636363636363636363636363636363636363636363636363636363636363676
:20EAE000363636363636363636363636363636363636363636363636363636363636363656
:20EB0000363636363636363636363636363636363636363636363636363636363636363635
:20EB2000363636363636363636363636363636363636363636363636363636363636363615
:20EB40003636363636363636363636363636363636363636363636363636363636363636F5
:20EB60003636363636363636363636363636363636363636363636363636363636363636D5
:20EB80003636363636363636363636363636363636363636363636363636363636363636B5
:20EBA000363636363636363636363636363636363636363636363636363636363636363695
:20EBC000363636363636363636363636363636363636363636363636363636363636363675
:20EBE000363636363636363636363636363636363636363636363636363636363636363655
:20EC0000363636363636363636363636363636363636363636363636363636363636363634
:20EC2000363636363636363636363636363636363636363636363636363636363636363614
:20EC40003636363636363636363636363636363636363636363636363636363636363636F4
:20EC60003636363636363636363636363636363636363636363636363636363636363636D4
:20EC80003636363636363636363636363636363636363636363636363636363636363636B4
:20ECA000363636363636363636363636363636363636363636363636363636363636363694
:20ECC000363636363636363636363636363636363636363636363636363636363636363674
:20ECE000363636363636363636363636363636363636363636363636363636363636363654
:20ED0000363636363636363636363636363636363636363636363636363636363636363633
:20ED2000363636363636363636363636363636363636363636363636363636363636363613
:20ED40003636363636363636363636363636363636363636363636363636363636363636F3
:20ED60003636363636363636363636363636363636363636363636363636363636363636D3
:20ED80003636363636363636363636363636363636363636363636363636363636363636B3
:20EDA000363636363636363636363636363636363636363636363636363636363636363693
:20EDC000363636363636363636363636363636363636363636363636363636363636363673
:20EDE000363636363636363636363636363636363636363636363636363636363636363653
:20EE0000363636363636363636363636363636363636363636363636363636363636363632
:20EE2000363636363636363636363636363636363636363636363636363636363636363612
:20EE40003636363636363636363636363636363636363636363636363636363636363636F2
:20EE60003636363636363636363636363636363636363636363636363636363636363636D2
:20EE80003636363636363636363636363636363636363636363636363636363636363636B2
:20EEA000363636363636363636363636363636363636363636363636363636363636363692
:20EEC000363636363636363636363636363636363636363636363636363636363636363672
:20EEE000363636363636363636363636363636363636363636363636363636363636363652
:20EF0000363636363636363636363636363636363636363636363636363636363636363631
:20EF2000363636363636363636363636363636363636363636363636363636363636363611
:20EF40003636363636363636363636363636363636363636363636363636363636363636F1
:20EF60003636363636363636363636363636363636363636363636363636363636363636D1
:20EF80003636363636363636363636363636363636363636363636363636363636363636B1
:20EFA000363636363636363636363636363636363636363636363636363636363636363691
:20EFC000363636363636363636363636363636363636363636363636363636363636363671
:20EFE000363636363636363636363636363636363636363636363636363636363636363651
:20F00000363636363636363636363636363636363636363636363636363636363636363630
:20F02000363636363636363636363636363636363636363636363636363636363636363610
:20F040003636363636363636363636363636363636363636363636363636363636363636F0
:20F060003636363636363636363636363636363636363636363636363636363636363636D0
:20F080003636363636363636363636363636363636363636363636363636363636363636B0
:20F0A000363636363636363636363636363636363636363636363636363636363636363690
:20F0C000363636363636363636363636363636363636363636363636363636363636363670
:20F0E000363636363636363636363636363636363636363636363636363636363636363650
:20F1000036363636363636363636363636363636363636363636363636363636363636362F
:20F1200036363636363636363636363636363636363636363636363636363636363636360F
:20F140003636363636363636363636363636363636363636363636363636363636363636EF
:20F160003636363636363636363636363636363636363636363636363636363636363636CF
:20F180003636363636363636363636363636363636363636363636363636363636363636AF
:20F1A00036363636363636363636363636363636363636363636363636363636363636368F
:20F1C00036363636363636363636363636363636363636363636363636363636363636366F
:20F1E00036363636363636363636363636363636363636363636363636363636363636364F
:20F2000036363636363636363636363636363636363636363636363636363636363636362E
:20F2200036363636363636363636363636363636363636363636363636363636363636360E
:20F240003636363636363636363636363636363636363636363636363636363636363636EE
:20F260003636363636363636363636363636363636363636363636363636363636363636CE
:20F280003636363636363636363636363636363636363636363636363636363636363636AE
:20F2A00036363636363636363636363636363636363636363636363636363636363636368E
:20F2C00036363636363636363636363636363636363636363636363636363636363636366E
:20F2E00036363636363636363636363636363636363636363636363636363636363636364E
:20F3000036363636363636363636363636363636363636363636363636363636363636362D
:20F3200036363636363636363636363636363636363636363636363636363636363636360D
:20F340003636363636363636363636363636363636363636363636363636363636363636ED
:20F360003636363636363636363636363636363636363636363636363636363636363636CD
:20F380003636363636363636363636363636363636363636363636363636363636363636AD
:20F3A00036363636363636363636363636363636363636363636363636363636363636368D
:20F3C00036363636363636363636363636363636363636363636363636363636363636366D
:20F3E00036363636363636363636363636363636363636363636363636363636363636364D
:20F4000036363636363636363636363636363636363636363636363636363636363636362C
:20F4200036363636363636363636363636363636363636363636363636363636363636360C
:20F440003636363636363636363636363636363636363636363636363636363636363636EC
:20F460003636363636363636363636363636363636363636363636363636363636363636CC
:20F480003636363636363636363636363636363636363636363636363636363636363636AC
:20F4A00036363636363636363636363636363636363636363636363636363636363636368C
:20F4C00036363636363636363636363636363636363636363636363636363636363636366C
:20F4E00036363636363636363636363636363636363636363636363636363636363636364C
:20F5000036363636363636363636363636363636363636363636363636363636363636362B
:20F5200036363636363636363636363636363636363636363636363636363636363636360B
:20F540003636363636363636363636363636363636363636363636363636363636363636EB
:20F560003636363636363636363636363636363636363636363636363636363636363636CB
:20F580003636363636363636363636363636363636363636363636363636363636363636AB
:20F5A00036363636363636363636363636363636363636363636363636363636363636368B
:20F5C00036363636363636363636363636363636363636363636363636363636363636366B
:20F5E00036363636363636363636363636363636363636363636363636363636363636364B
:20F6000036363636363636363636363636363636363636363636363636363636363636362A
:20F6200036363636363636363636363636363636363636363636363636363636363636360A
:20F640003636363636363636363636363636363636363636363636363636363636363636EA
:20F660003636363636363636363636363636363636363636363636363636363636363636CA
:20F680003636363636363636363636363636363636363636363636363636363636363636AA
:20F6A00036363636363636363636363636363636363636363636363636363636363636368A
:20F6C00036363636363636363636363636363636363636363636363636363636363636366A
:20F6E00036363636363636363636363636363636363636363636363636363636363636364A
:20F70000363636363636363636363636363636363636363636363636363636363636363629
:20F72000363636363636363636363636363636363636363636363636363636363636363609
:20F740003636363636363636363636363636363636363636363636363636363636363636E9
:20F760003636363636363636363636363636363636363636363636363636363636363636C9
:20F780003636363636363636363636363636363636363636363636363636363636363636A9
:20F7A000363636363636363636363636363636363636363636363636363636363636363689
:20F7C000363636363636363636363636363636363636363636363636363636363636363669
:20F7E000363636363636363636363636363636363636363636363636363636363636363649
:20F80000363636363636363636363636363636363636363636363636363636363636363628
:20F82000363636363636363636363636363636363636363636363636363636363636363608
:20F840003636363636363636363636363636363636363636363636363636363636363636E8
:20F860003636363636363636363636363636363636363636363636363636363636363636C8
:20F880003636363636363636363636363636363636363636363636363636363636363636A8
:20F8A000363636363636363636363636363636363636363636363636363636363636363688
:20F8C000363636363636363636363636363636363636363636363636363636363636363668
:20F8E000363636363636363636363636363636363636363636363636363636363636363648
:20F90000363636363636363636363636363636363636363636363636363636363636363627
:20F92000363636363636363636363636363636363636363636363636363636363636363607
:20F940003636363636363636363636363636363636363636363636363636363636363636E7
:20F960003636363636363636363636363636363636363636363636363636363636363636C7
:20F980003636363636363636363636363636363636363636363636363636363636363636A7
:20F9A000363636363636363636363636363636363636363636363636363636363636363687
:20F9C000363636363636363636363636363636363636363636363636363636363636363667
:20F9E000363636363636363636363636363636363636363636363636363636363636363647
:20FA0000363636363636363636363636363636363636363636363636363636363636363626
:20FA2000363636363636363636363636363636363636363636363636363636363636363606
:20FA40003636363636363636363636363636363636363636363636363636363636363636E6
:20FA60003636363636363636363636363636363636363636363636363636363636363636C6
:20FA80003636363636363636363636363636363636363636363636363636363636363636A6
:20FAA000363636363636363636363636363636363636363636363636363636363636363686
:20FAC000363636363636363636363636363636363636363636363636363636363636363666
:20FAE000363636363636363636363636363636363636363636363636363636363636363646
:20FB0000363636363636363636363636363636363636363636363636363636363636363625
:20FB2000363636363636363636363636363636363636363636363636363636363636363605
:20FB40003636363636363636363636363636363636363636363636363636363636363636E5
:20FB60003636363636363636363636363636363636363636363636363636363636363636C5
:20FB80003636363636363636363636363636363636363636363636363636363636363636A5
:20FBA000363636363636363636363636363636363636363636363636363636363636363685
:20FBC000363636363636363636363636363636363636363636363636363636363636363665
:20FBE000363636363636363636363636363636363636363636363636363636363636363645
:20FC0000363636363636363636363636363636363636363636363636363636363636363624
:20FC2000363636363636363636363636363636363636363636363636363636363636363604
:20FC40003636363636363636363636363636363636363636363636363636363636363636E4
:20FC60003636363636363636363636363636363636363636363636363636363636363636C4
:20FC80003636363636363636363636363636363636363636363636363636363636363636A4
:20FCA000363636363636363636363636363636363636363636363636363636363636363684
:20FCC000363636363636363636363636363636363636363636363636363636363636363664
:20FCE000363636363636363636363636363636363636363636363636363636363636363644
:20FD0000363636363636363636363636363636363636363636363636363636363636363623
:20FD2000363636363636363636363636363636363636363636363636363636363636363603
:20FD40003636363636363636363636363636363636363636363636363636363636363636E3
:20FD60003636363636363636363636363636363636363636363636363636363636363636C3
:20FD80003636363636363636363636363636363636363636363636363636363636363636A3
:20FDA000363636363636363636363636363636363636363636363636363636363636363683
:20FDC000363636363636363636363636363636363636363636363636363636363636363663
:20FDE000363636363636363636363636363636363636363636363636363636363636363643
:20FE0000363636363636363636363636363636363636363636363636363636363636363622
:20FE2000363636363636363636363636363636363636363636363636363636363636363602
:20FE40003636363636363636363636363636363636363636363636363636363636363636E2
:20FE60003636363636363636363636363636363636363636363636363636363636363636C2
:20FE80003636363636363636363636363636363636363636363636363636363636363636A2
:20FEA000363636363636363636363636363636363636363636363636363636363636363682
:20FEC000363636363636363636363636363636363636363636363636363636363636363662
:20FEE000363636363636363636363636363636363636363636363636363636363636363642
:20FF0000363636363636363636363636363636363636363636363636363636363636363621
:20FF2000363636363636363636363636363636363636363636363636363636363636363601
:20FF40003636363636363636363636363636363636363636363636363636363636363636E1
:20FF60003636363636363636363636363636363636363636363636363636363636363636C1
:20FF80003636363636363636363636363636363636363636363636363636363636363636A1
:20FFA000363636363636363636363636363636363636363636363636363636363636363681
:20FFC000363636363636363636363636363636363636363636363636363636363636363661
:20FFE000363636363636363636363636363636363636363636363636363636363636363641
:02000004AF400B
:040000058000000077
:00000001FF
