:0200000480007A
:20002000B08503F0F08503F000000000000000000008000000000000000000000200000026
:200040000001000003000000000100364C41425443333735444F49503030303100363636D1
:20016000910000F8D9FF3ED40D00000202F4DC0F000000000000000000000000000000001C
:20018000910000F8D9FF3AC40D00000202F4DC0F0000000000000000000000000000000010
:2001A000910000F8D9FF36B40D00000202F4DC0F0000000000000000000000000000000004
:2001C000910000F8D9FF36A402F4DC0F000000000000000000000000000000000000000003
:2001E000910000F8D9FF32940D00000202F4DC0F00000000000000000000000000000000E8
:20020000910000F8D9FF2E840D00000202F4DC0F00000000000000000000000000000000DB
:20022000910000F8D9FF44040D00000202F4DC0F0000000000000000000000000000000025
:20024000910000F8D9FF02F40D00000202F4DC0F0090000000000100000001000000363659
:20026000910000F8D9FF3ED40D00000202F4DC0F000000000000000000000000000000001B
:20028000910000F8D9FF3AC40D00000202F4DC0F000000000000000000000000000000000F
:2002A000910000F8D9FF36B40D00000202F4DC0F0000000000000000000000000000000003
:2002C000910000F8D9FF36A402F4DC0F000000000000000000000000000000000000000002
:2002E000910000F8D9FF32940D00000202F4DC0F00000000000000000000000000000000E7
:20030000910000F8D9FF2E840D00000202F4DC0F00000000000000000000000000000000DA
:20032000910000F8D9FF44040D00000202F4DC0F0000000000000000000000000000000024
:20034000910000F8D9FF02F40D00000202F4DC0F0090FFFFFFFF363600A03CFF0000000083
:200360003256FF0626003B00FEFF3FF617000F6510308B0602601745802600903256FF0680
:2003800018003B00FEFF3FF60F000F6500308B060260174580260090A2F63705C13F0F6558
:2003A00010200090A2F682030F6500200090DA207FF60700174580360F6400200090A2F6F9
:2003C00082020F64003000900001020304050607080C101418203040DA003C04104F34F4C9
:2003E000C21F3F5FFDFF00904DC0E2FF3C010D00400300003C01911000F7D9FF90F9C85F1A
:20040000822482052D0F00003C013C0000903636363636363636363636363636363636369E
:16042A003636363636363636363636363636363636363636363618
:20044A003636000000000003000020A10700401F03000000030A40420F00401F03000100F8
:20046A00030A00000000020200000000000000020000FFFFFF1F0000000000000000000043
:20048A00000000000000000000000000800000010002000300044004000000000000000084
:2004AA00000000000000000000000000000000000000000000000000000000000000000032
:2004CA00000000000000000000000000000000000000000000000000000000000000000012
:2004EA000000000000000000000000000000000000000000000000000000000000000000F2
:20050A000000000000000000000000000000000000000000000000000000000100000000D0
:16052A0020F00000000000B403F007000000010000003636363624
:20054A00363636363636820C822D3C130757FFCF8755BFDFCE57460546048B1480408B0572
:20056A00A050CE77460746068B1680608B07A07082028203820082013A260B2700F26E027E
:20058A003C4F0B6430F10B7500F20B75A0F26E04024002513C453A640B7500F26E03821215
:2005AA003C3F3B0004E00B6030F10B7100F20B71A0F2DE1087559FFF06116701801F8B1F5F
:2005CA00E0060248025906156745805F0614C2FE3CEB0284029506F067101F0006F1C21E5F
:2005EA0082087AE86E1D87559FFF06116701801F8B1FE0060B60C0A00B71D0B007BB9FFF2B
:20060A0006156745805F061406136723803F8B1FE0266E0302A002B1C2183FE8E67F76C795
:20062A00460346028B1280208B03A030DF2D0B00071DE0FF76F7460146008B1080008B01C9
:20064A00A0100090404C405D02488209406F3C1709FACA081AA97FF805005A98370F70A0F4
:20066A0076AA01C90046C81502A46D00A55242A9370970903F8903803C04D4FFBD0FEAFF1B
:20068A00B4D90090910000F7D9FF382414FF6E023C486D000A0191100047D9441038820425
:2006AA003B0093516D00C653911000F7D9FF9089DA0034FF911000F7D9FF8089DA0034FF6F
:2006CA00911000F7D9FF0838DA0034FF911000F7D9FF8C89DA0034FF910000F7D9FF00342D
:2006EA00A002F4F2910000F7D9FF3C24A002F4F2911000F7D9FF0C38A002F4F2910000470C
:20070A00D9440C146D00D74576223C0B6D00DD006D003501910000F7D9FF3824DA0134FF73
:20072A000090910000F7D9FF382414FFEE023C056D0016476D00E2460090911000F7D9FFC0
:20074A00043809FFC0087C4382023C31911000F7D9FF043809F0C0080941C80842103B00BF
:20076A0000147F0106806D00A00082023C20404F3C1509F0CA08BF10118091000027D922AA
:20078A0004341024C81509F4CA086D00155209F0CA08420F370F70F0D4FFBD0FECFF911076
:2007AA0000F7D9FF0438B4FF82123C0100904046405C0248BC69BCC8911000F7D9FF08384B
:2007CA0014FFBF4F048082023C6E911000F7D9FF908914FF3BC06400E20F911000F7D9FFE0
:2007EA00103810F4911000F7D9FF908914FF3BC06400E20F911000F7D9FF103810FFD9F522
:20080A0040903B0064406DFF1FFF911000F7D9FF908914FF3BC06400E20F911000F7D9FF39
:20082A00103810FFD9FF429054CF74FF911000F7D9FF908914FF3BC06400E20F911000F793
:20084A00D9FF103810FFD9FF4690B4F8911000F7D9FF908914FF3BC06400E20F911000F781
:20086A00D9FF103810FFD9FF4890DA0134FF911000F7D9FF908991100027D9229089142FD9
:20088A00C21F82404B0F110234F1911000F7D9FF083891100027D9220838142FC21F34FF0F
:2008AA0082123C010090911000F7D9FF0438DA00B4FF91000047D944043482043B00005452
:2008CA006D00B8520090910000F7D9FF00343BE002406D00C15CF4F2910000F7D9FF003412
:2008EA0054FFEE023C4A910000F7D9FF0034D4F2910000F7D9FF0034D4FF089F96042C29CE
:20090A00910000F7D9FF0034D4F491000058D95538003B8045436D003559762F910000F7B7
:20092A00D9FF0034D4F46D008959910000F7D9FF0034A002F4F23C21910000F7D9FF00347D
:20094A0091000027D9220034D4243BF00F406D00AC5BF4F2910000F7D9FF003454FFEE0203
:20096A003C0C910000F7D9FF0034D4F491000058D95590806D0014580090911000F7D9FFC9
:20098A000C383BE002406D00287FF4F2911000F7D9FF0C3854FFEE023C36911000F7D9FFD9
:2009AA000C38D4F2911000F7D9FF0C38D4FF089F96042C29911000F7D9FF0C38D4F49100F9
:2009CA000058D95538003B8045436D00C77C762F911000F7D9FF0C38D4F46D00487F911066
:2009EA0000F7D9FF0C38A002F4F23C0D911000F7D9FF0C38D4F491000058D955C050A006C0
:200A0A006D002E7F0090405FF6427CF382A23C5191000027D9223C24542F6E1B9100002754
:200A2A00D9223C24D42C91000027D9223C24A004F424A00540C46D008458A00540C46D007A
:200A4A003B5DA00540C46D00125A40C46D00A45791000027D9223C24F42F6DFF26FF3B0004
:200A6A00044040F46D00AB5DA00540F46D00695891000058D95592D040F46D001D5D910053
:200A8A000058D955BCA040F46D00F159089F96082CF93B00F4F189FF14293B007DF089FF00
:200AAA001829DA0389FF1C296D00938882023C010090910000F7D9FF3C24A002F4F26DFFB4
:200ACA00F4FE6D0086880090405FBC427CF382023C3B91100027D9220438092FC008EE0318
:200AEA0082023C3291100027D9220438092FC0083B0064007FF004803B0064F091000057F2
:200B0A00D955043402F46D005750B4FF911000F7D9FF043809F0C008A2F037007080768D7F
:200B2A0091000047D9440434910000F7D9FF043410F502846D007250911000F7D9FF043880
:200B4A00B4F882123C010090405C406FF6427CC7BCF440F46D00EB5482023C35BD0F2480C3
:200B6A00910000F7D9FF3C24D4FF7DCF0C80910000F7D9FF3C24A002F4F26DFF96FE6D004B
:200B8A002888A00540C46D00DC57A00540C46D00935CA00540C46D006A5940C46D004E585D
:200BAA0082023C1140F46DFFCAFDF6236D00158809F4C80840C46D009D5C40F46D00B754ED
:200BCA0082023C010090404C024A8209824B910000F7D9FF3C2454FF6E03BCC2F6A23C496B
:200BEA003C3F910000F7D9FF3C24D4FF09FFE418EE0A910000F7D9FF3C24D4F46D00357245
:200C0A00C2FB3C2E0B9A8000370070807F8F038002F83B8021007F8004803B802180910080
:200C2A0000F7D9FF3C24D4F401C90056821502846D000E77F62D429837087090824B9100EA
:200C4A0000F7D9FF3C24D4F46D000F723C09910000F7D9FF3C24D4F46D000772C2FB7FA90D
:200C6A00098076B7910000F7D9FF3C2454FFEEBA0090405CBC427CC382023C5D911000F7DB
:200C8A00D9FF083814FFEE0382023C55911000F7D9FF808914FF3BC06400E20F911000F7A5
:200CAA00D9FF103810FDB9D4409040D56D00844FB9DF4090B4CF39DF48906E16911000F754
:200CCA00D9FF848919DF429074FF911000F7D9FF8889B9DF4690B4FF911000F7D9FF8C89C1
:200CEA00DA0134FF3C07911000F7D9FF8C89DA0034FFDA00F9DF4090DA00E9DF489091106A
:200D0A0000F7D9FF808991100027D9228089142FC21F82404B0F110234F1911000F7D9FF3D
:200D2A00083891100027D9220838142FC2FF34FF82123C010090406F7CF23C0D7C7540F443
:200D4A006D00F5533C0840F440756DFF32FD40F46D00ED5300902008404C0248911000F705
:200D6A00D9FF0C3854FF6E03BCC2F6823C3A3B8003403B00286002856D002052402F7CF219
:200D8A003C30C81440C502846D00164F91100027D9228C89142F6E1491100027D9220C3800
:200DAA00D42491100067D966848991100027D92288890924C00840F56D00807D3C0F82FFA9
:200DCA0074AF91100027D9220C38D42449A6000A3B80454340F56D00717D40F46D00A75380
:200DEA0000904DC0E2FF3C010D00400300003C01ED78B94091100047D9446CFA82043B8097
:200E0A0000516D00175091100047D944A8F982043B4001506D000E5091100047D944BCF926
:200E2A0082043B0001506D000550911000F7D9FF940BDA0074FF911000F7D9FF980BDA008B
:200E4A0034FF9100014B3B6003407B3000506D00F14F910000F7D9FF0A0054FF5E146D0056
:200E6A002B043C16910000F7D9FF0A0054FF1E37910000F7D9FF0A00DA0274FF910000F794
:200E8A00D9FF0A0054FF370F68406D00FB000D0000033C44910000F7D9FF0A0054FFDE1D75
:200EAA006D000905911000F7D9FFA00C14FF6E14911000F7D9FFA00CDA0034FF91100047EB
:200ECA00D9449C0B911000F7D9FF9C0C09F4C00882156D001B093C22911000F7D9FF6CFA0B
:200EEA0039FF05016E1B911000F7D9FF6CFADA00E9FF0501910000F7D9FF0A0054FF370F80
:200F0A00685091100047D9446CFA911000F7D9FF6CFAB9F400016D00F9083CBD00900D001C
:200F2A000002911000F7D9FFA089C83F8208DA010F8F00F089FF10593C51911000F7D9FF24
:200F4A00A08949F4104A6D005F17911000F7D9FFA089DA0189FF1D48911000F7D9FFA089EA
:200F6A0049F4304A82043B0004506D00634F911000F7D9FFA08949F4080A911000F7D9FF24
:200F8A00A08949F5104A911000F7D9FFA08949F6304A6D00F317911000F7D9FFA08909FF1C
:200FAA0012493B007180FE8A911000F7D9FFA08909F459486D006781022F6D006E817FF28E
:200FCA0005806D006A81022F911000F7D9FFA08949F4304A02F46D007A06911000F7D9FF56
:200FEA00A08949FF080AC81F09FF6468167F3C013C01EEA40D0040020080000021F0030025
:20100A00000000C103F00500000001000000000020F00000000000B403F008000000A800A5
:20102A000000000021F00300000000C103F004000000B8000000000020F000000000000012
:20104A0021F0010000003636363636363636363636363636363636363636363636363636F8
:16106A0036363636363636363636363636363636363636363636CC
:20108A00DF34048082183C02820876846D00AD343C056D0010816D00AF346D00143002249F
:2010AA006D00112F6D00233002246D00342F76849100025F3C039110025F91100047D94491
:2010CA00A0896D00CD1691100047D944A089B04491100057D955A0896D00B016911000F751
:2010EA00D9FFA08949F4240A91100057D955A089B0456D001F17BB0068499B84C1446D0096
:20110A00EF2C768382003C028230911000F7D9FFA08989F02808768382003C028210911011
:20112A0000F7D9FFA08989F02B08911000F7D9FFA089822089F02A08911000F7D9FFA08982
:20114A003B90D0F3065F6CFBDF084280911000F7D9FFA089823089F0B408911000F7D9FF92
:20116A00A089DA0E89FF3608911000F7D9FFA089823089F03708911000F7D9FFA089DA0117
:20118A0089FFB208911000F7D9FFA0893B90D0F3067F6CFE911000F7D9FFA089DA0089FFF2
:2011AA008018911000F7D9FFA089DA0E89FF0218911000F7D9FFA089DA0389FF03189110B0
:2011CA0000F7D9FFA089DA0189FFBE08911000F7D9FFA089DA0189FF3D38911000F7D9FF03
:2011EA00A089DA0289FF0818911000F7D9FFA089DA0189FF09187683DA003C02DA07911088
:20120A0000F7D9FFA08989FF0B18911000F7D9FFA089DA0189FF1C187683DA003C02DA07FF
:20122A00911000F7D9FFA08989FF1E187683DA003C02DA07911000F7D9FFA08989FF1D1805
:20124A007683DA203C02DA0C911000F7D9FFA08989FF2418911000F7D9FFA089DA0289FF13
:20126A001018911000F7D9FFA089DA0189FF1118911000F7D9FFA089DA0089FF1218911051
:20128A0000F7D9FFA089DA0289FF1A18911000F7D9FFA089DA0289FF1B18911000F7D9FF16
:2012AA00A089DA0189FF1818911000F7D9FFA089DA0189FF1918911000F7D9FFA089DA01C7
:2012CA0089FF3C18911000F7D9FFA089DA0289FFA238911000F7D9FFA089DA0089FF2038FE
:2012EA0091100027D922A089911000F7D9FFA089489F892F28197683DA003C033B0080F0C2
:20130A00911000F7D9FFA08989FFAC187683DA803C033B0088F0911000F7D9FFA08989FF78
:20132A00AE1876843B0018F03C033B0098F0911000F7D9FFA08989FFB01876843B0040F050
:20134A003C033B00D0F0911000F7D9FFA08989FFB818911000F7D9FFA08949F4080A9110CF
:20136A0000F7D9FFA08949F5240A6D008115911000F7D9FFA089DA0089FF0048911000F721
:20138A00D9FFA089DA0189FF0148911000F7D9FFA089DA0289FF0248911000F7D9FFA089B6
:2013AA003B0071F089FF0449911000F7D9FFA0893B0071F089FF0849911000F7D9FFA0890B
:2013CA0049F4080A911000F7D9FFA08949F5004A6D00B516DF081C00911000F7D9FFA089BF
:2013EA00C83491000058D95568403B00014082056D00BD0A91000048D94418013B0008405F
:20140A0082356D00CE0A6D00147D3C18911000F7D9FFA089C83491000058D95504013B0088
:20142A00014082056D00A30A91000048D9442C013B00084082356D00B40A6D00442E022433
:20144A006D00612E6D00532E02246D00832E0090404F02486D00217F7F820380022891108F
:20146A000027D922A0894924305A82043B0004506D00E04C91100027D922A0894924305A8F
:20148A0040F502846D00984B911000F7D9FFA08949F4204A6D00B814911000F7D9FFA08925
:2014AA003B1071F089FF2249910000F7D9FF0A0054FF5E33DA003C02DA01911000F7D9FFD2
:2014CA00A08989FF2A48911000F7D9FFA089DA0089FF2748911000F7D9FFA08902846D00E9
:2014EA00BE7C89F22948911000F7D9FFA089DA0089FF20483C01911000F7D9FFA08949F446
:20150A00080A911000F7D9FFA08949F5204A911000F7D9FFA08949F6305A6D009C15DF12FD
:20152A00EC7F0090404FDA2A7FF403803C2A49FC0E0A40C4B0646D000E8A022840C46D00A2
:20154A000A8ADF120F80B02C40C46D00048A3B0080F07E2709FF52085E6409FF53081E425B
:20156A003C10DF180F8049F4260A91000057D955000482446D00134BF62440F46D000D02AD
:20158A000090404F0248FFE803803C1449F40C0A6D00E1893B6080F07E2640F402846DFF1F
:2015AA00C3FF3C083B0080F07E2540F402846D0003000090404F0248DA227FF803803C7A8E
:2015CA0049FC0E0A14CF16F03B0004003E023C7209F05708DA113E023C6D49F41E0A91006C
:2015EA000057D955000482446D00D94A76223C6214CF160F534F209040C4B0246D00AB89F9
:20160A00DA143FF90A808BE200F03FF806808B8900F07FF203803C4E01C900C640C4B0240C
:20162A006D009989022840C4B0446D0094893B8045F37E83FF8203803C3D9A823BF0FF00AE
:20164A007FF003803C3791100047D944BCF9B01440F5B06582646D00AF4A91100047D94402
:20166A00BCF9B07449F51A0A82446D00A54A911000F7D9FFBCF940C46D006D89A8629110CC
:20168A0000F7D9FFBCF9821034F091100047D9449C0B49C5080A02F46D008E4A911000F767
:2016AA00D9FF9C0CB4FF911000F7D9FFA00CDA0134FF009049AA18BA6D00052D02246D003C
:2016CA00022C6D00142D02246D00252C911000F8D9FFA45349FF000A49A2000AC5042300A5
:2016EA0009F0480189204801FC4C44FF642F91000047D944040449A5170A82646D005C4A89
:20170A00D4A46D000C1758026E1BD802C86FC814D802C86F0884DA80D802C86F08C5A6F577
:20172A006D000123912000FF39F0080FD802C84F08CF37F002F0912000FFE9FF080F9100FD
:20174A0000F7D9FF0C04D4F449A5000A6D007400F62C6D00B82C02246D00D52C6D00C72C98
:20176A0002246D00F72C3C666D00DD45F62C6D00AA2C02246D00C72C6D00B92C02246D00A8
:20178A00E92C3C58910000F7D9FF0C04D4F482146D000E22910000F7D9FF0C04D4F482145D
:2017AA006D00DD216D00F745912000FF59F2383D912000FF39FF3A3D16015E1D910000F722
:2017CA00D9FF0C04D4FFD4FF8210081F370F81F22CF13C0C910000F7D9FF0C04D4FFD4FF84
:2017EA008200081F370F81F22CF1912000FF39FF3A3D370FE2F0EE0B910000F7D9FF0C0480
:20180A00D4FFD4F482046D00B3163C0A910000F7D9FF0C04D4FFD4F482146D00A9166D00E7
:20182A00522C02246D006F2C6D00612C02246D00912C0090404C405DBCC4BCD354DFEE03BC
:20184A0082023C3782083C31768C911000F7D9FF948991100027D9229489542FC21F74FF4A
:20186A00D4D46D00820140C440D56D00A61A911000F7D9FF9889D4D2192F000174FFD4DFDA
:20188A0039FF00011601BA0F3C016E0382123C11911000F7D9FF9C8991100027D9229C8919
:2018AA00542FC21F74FFC218BF28D0FF82023C01009091100047D944CC093BE05E406D0066
:2018CA000D00022F6E0891100047D944CC0902F46DFF59FEEEEF0090404C0248910000F7EC
:2018EA00D9FF0C04D4FFDA00530F21F010FF09FFA4193C0108FF370FE1F3BA0F3C01EE03AD
:20190A0082023C37910000F7D9FF0C04D4FFDA00530F21F010FF09F4A4193C016D002B0098
:20192A00022F6E06BBF0FF0F3E037FF80C80910000F7D9FF0C04D4F482046D00F61982023D
:20194A003C18910000F7D9FF0C04D4F482046D00031A40C4402502F46D002E49910000F716
:20196A00D9FF0C04D4F482046D00DF1902F23C0100904C4309400409AEF56F700480EFCF58
:20198A000580BBF0FF2F3C07B70F91F7C2CF370F70203C010090404F911000C7D9CC3C7AC8
:2019AA0040F5B065826440C46D00064940C4B06491000057D955040482646D00FD4849C452
:2019CA000C0A3B6080406D00C88C49C40E0A82146D00C38C49C4100A3B0080406D00BD8C7C
:2019EA00DA0689CF1208DA0489CF130849C4140A82246D00B28C49C4160A91000057D9557B
:201A0A00040482646D00D84849C41C0A91000057D955000482446D00CF4849C4200A49F535
:201A2A00160A82646D00C84849C4260A49F51C0A82446D00C1483BA0024040C46D00B300FB
:201A4A000090404C024A911000F7D9FF3C7A91100027D922BCF9142F6E078BAA02F03BE07C
:201A6A005E007FF003803C7F8BCA01808BE8009091100057D955BCF9B015826440F46D0051
:201A8A009B4840F4B06491000057D955040482646D00924849F40C0A3B0080406D005D8C22
:201AAA00DA452CFEDA002CFF49F4100A02846D00548C49F4120A82046D004F8C49F4140A22
:201ACA003B0000446D00498CDA4089FF1608DA1189FF170849F4180A82046D003E8C49F490
:201AEA001A0A91000057D955000482446D00644849F41E0A91100057D955BCF9B075824494
:201B0A006D005A4849F40E0A3B4001406D00C00049F4180A02246D00208C49F4220A3B80AC
:201B2A0045436D001A8C49F4240A91100027D922BCF90924CC086D00108C49F4260A8B8A91
:201B4A0000406D000A8C49F4280A82046D00058C49F42A0A40C502A46D002E4840F402947C
:201B6A006D00210000907C423C1C144FB70F81F0344F144FB70F01F0344F8200530028F080
:201B8A00104F530028F01042392F0441B70F01F0E9FF0441394F0841B70F01F0E94F084185
:201BAA000090404F024876853BE05EF07F8F03803C2E91000027D9220C04D42CDA0040C4B2
:201BCA0002F46D00EE18BD02FC7F3C01402440F502846D00F147910000F7D9FF0C04D4FF14
:201BEA00DA00534F21F010FFC85F3C0109FFC8083B00A100370F0EF0ACF4910000F7D9FFE3
:201C0A000C04D4F4820502846D00CB1A00900B451088F69382023C3A1A987F8F04808202C0
:201C2A003C351A9892FA02846D00CF82F62502A46D00CB82762382023C29B70818007B0058
:201C4A0000FA3E0382023C22B70A18007B0000FA3E0382023C1B7B0000FA7FF804808202FF
:201C6A003C15BBF0FFFF9B2F00FA7FAF048082023C0D7B0000FAA2F842987B3000F07F8F8B
:201C8A00048082023C0382123C0100908200DA003C0C104F14F18F812010104F0812A6210A
:201CAA004210C22F370F70F03F4FF5FF3C06B70010F88F001F0042F08F001FF0EEF982FFC8
:201CCA00C6F0370070203C010090404C0249F6931D004B01911000F7D9FF6CFA40C4029477
:201CEA006D00A182E9F20601911000F7D9FF6CFA39F006013F9004801D003701911000F722
:201D0A00D9FF6CFA39FF060110CF14F08F000F01DF00428010CF14F08FF000819210F68915
:201D2A0092207F0904801D00200110CF081892205A093F8F2F003BF0FFF03F8F2B009110D8
:201D4A000047D9446CFA01C0005602846D003447911000F7D9FF6CFAF9F80001911000F7CA
:201D6A00D9FF6CFADA00F9FF0201911000F7D9FF6CFA91100027D9226CFA392F0601E9FFF0
:201D8A000701911000F7D9FF6CFADA01E9FF05011D00EB003B0001105F104D8092307F09B8
:201DAA0004801D00E20010CF14F08FF000018F80200010CF08110F10A08076853BF0FF00A8
:201DCA007F8004801D00D1009220A209370968907F9804803708689091100047D9446CFAB6
:201DEA0010CF49F5020A02946D00E646911000F7D9FF6CFAF9F80001911000F7D9FF6CFAE3
:201E0A00F9F90201911000F7D9FF6CFADA01E9FF0401911000F7D9FF6CFA91100027D9228C
:201E2A006CFA392F0601E9FF07016D004B011D009C003B0002105F10988092203F091780FC
:201E4A00911000F7D9FF6CFAB9F00201760F911000F7D9FF6CFAB9F00201911000F7D9FF7F
:201E6A006CFAB9F100013F1003803C7E10CF14F08FF00001911000F7D9FF6CFA39F1040153
:201E8A005F1003003C719210A20937096880911000F7D9FF6CFAB9F002014280911000F7C8
:201EAA00D9FF6CFAB9F100017F011100911000F7D9FF6CFAB9F00001911000F7D9FF6CFA48
:201ECA00B9F10201A21037006880911000F7D9FF6CFAB9F00201911000F7D9FF6CFA01F031
:201EEA00004610CF49F5010A02846D006546911000F7D9FF6CFA91100027D9226CFAB92FE5
:201F0A00020142F8F9F80201911000F7D9FF6CFA91100027D9226CFA392F0401C21F160F14
:201F2A00E9FF0401911000F7D9FF6CFAB9FF0201911000F7D9FF6CFAB9F000013F0F1580B6
:201F4A00911000F7D9FF6CFA91100027D9226CFA392F0601E9FF0701911000F7D9FF6CFA43
:201F6A00DA01E9FF050100902040404C02493BF0FF007F9004801D00A4006D008E790228AB
:201F8A00911000F7D9FF6CFA39FF07016E05FF3804801D0096000BF88000C2F0370068006C
:201FAA00BF980980BF8007800BF88000C2E0370068003F902D8049A4000A82043B00045025
:201FCA006D0038476E043B10040034A0BF981180BF890F8010AF820034F010AF281910AF93
:201FEA0049F4020A40C502946D00E6453C0A10AF34F910AF49F4010A40C502946D00DC45F9
:20200A0049A4000A02846DFF25FA3C5A49A4000A82043B0004506D000D476E043B1004008A
:20202A0034A010AF8F893F00B7101C0234F010AF8FF90F0128100BF88000C2E0370068A0B0
:20204A0010AF49F4020A40C502A46D00B54549A4000A02846DFFFEF9821B3C3049A4000A7C
:20206A0082043B0004506D00E5466E043B10040034A010AFB72B1C0234F00BF88000C2F0FC
:20208A00370068C00BCA00007F0906000BA98000370068C010AF49F4010A01CA005602C4F3
:2020AA006D008A4549A4000A02846DFFD3F942CA370A70A0C21B8FFB00B13F9AD1FF009077
:2020CA002040911000F7D9FF6CFA39FF070149A4000A82043B0004506D00AC466E043B1058
:2020EA00040034A010AF3B00030034F010AF8200281010AFDA002CF26D00CF7849A4000A02
:20210A0002246DFFA7F900902048404F0258F6431D00D30214F9910001CBDA105F9F29807C
:20212A00FF240A803B300150029402866D00C6021D00C302081F167F5E1791100027D92203
:20214A00980BDA00342FDA5034AF081F2CA1DA002CA2DA322CA3DA012CA4DAF42CA549A4DA
:20216A00000A826402856D005A031D00A602DA3E7E9DDA7E34AFDA002CA149A4000A82249D
:20218A0002856D004C031D009802DA225F9F5D80DF340A003B300150029402866D008E0270
:2021AA001D008B0240F4B0146D00D583BB6018FFFE21DA6234AF49A4010A02246D00CD885E
:2021CA00DA022CA349A4000A824402856D0027033C39BB0010FFFE21DA6234AF49A4010AFA
:2021EA0002246D00BA88DA012CA349A4000A824402856D0014033C26BB10100F5F021D8044
:20220A00DA6234AF49A4010A02246D00A688DA012CA3DA002CA4DA002CA5DA012CA6DA0056
:20222A002CA7DA002CA849A4000A3B90004002856D00F5023C073B100350029402866D00BA
:20224A003D021D003A02DA277E9740F402856D0043021D003202DA28FE98DF340A003B30E8
:20226A000150029402866D0029021D002602DA6834AF081F167F2CA149A4000A8224028536
:20228A006D00CD021D001902DA345F9F6B80BFC405800830DA443E093B300150029402864A
:2022AA006D000C021D00090240F4B0446D005B83022F49F4080A6D005683022A0BFA1048AF
:2022CA006DFFA7FCF6293B100350029402866D00F5011D00F2013B6003407B30005040C4BA
:2022EA006D00A845911000F7D9FFA8F9821034F0911000F7D9FFA8F989FF0209911000F777
:20230A00D9FFA8F989FA0609911000F7D9FFA8F9DA0089FF0A09911000F7D9FFA8F9DA0037
:20232A0089FF1208911000F7D9FFA8F9DA0089FF0E09911000F7D9FFA8F9DA0189FF1308D8
:20234A00DA7434AFDA202CA1DA0F2CA2DAFF2CA349A4000A824402856D0061021D00AD013D
:20236A00DA365F9F778091100027D922A8F9142F6E03FF240A803B200250029402866D0051
:20238A009D011D009A01081F91100027D922A8F9092053083E093B300750029402866D003A
:2023AA008D011D008A019AE491100027D922A8F909200A0942F091100027D922A8F90921FF
:2023CA0006097F010A803B000750029402866D0075011D00720191100027D922A8F909202A
:2023EA0002097B00001AA21091100027D922A8F909210A09421001C0004640F5B02502F487
:20240A006D00DA4391100027D922A8F991100047D944A8F909400A0942F089200A09911033
:20242A000027D922A8F991100047D944A8F9094F5308C21F892F1308DA7634AF081F2CA19B
:20244A0049A4000A822402856D00E9011D003501DA375F9F658091100027D922A8F9142F09
:20246A00EE093B200250029402866D0027011D00240191100027D922A8F909200A09911078
:20248A000027D922A8F9092F06093E093B000750029402866D0012011D000F01BF543680BB
:2024AA00911000C7D9CCA8F940F4B0146D005B8289C20E09911000F7D9FFA8F9DA0189FF4C
:2024CA001208911000F7D9FFA8F909FF02097B00000A52047B0001FB42F4911000F7D9FFBC
:2024EA00A8F909F506096D00EE77911000F7D9FFA8F909FF0E093E293B000750029402860B
:20250A006D00DC001D00D900DA7734AF49A4000A821402856D0083011D00CF00DA855F9FF0
:20252A002480DF240A003B300150029402866D00C5001D00C200081F167F1E1A1E293B205F
:20254A000150029402866D00B9001D00B6003B500C0034A02CA149A4000A822402856D0040
:20256A005E011D00AA00DA315F9F8280FF440A803B300150029402866D00A0001D009D00B2
:20258A0040F4B0246D00E781081FDF1F6A803B6015F05F2F6680911000F7D9FFA8F914FF0D
:2025AA006E0E911000F7D9FFA8F909F00A09911000F7D9FFA8F909FF06093E083B2002505D
:2025CA00029402866D007A003C77911000F7D9FFA8F909FF52086E23911000F7D9FFA8F924
:2025EA0009FF02097B00000A52047B0001FB42F4911000F7D9FFA8F909F506096D006377D1
:20260A00911000F7D9FFA8F909FF0E093E283B000750029402866D0051003C4EDA7134AFF4
:20262A00DA012CA1DA012CA2DA562CA3DA002CA449A4000A825402856D00F100DA00781082
:20264A003C045810C21F781058103B50C30006603F0FF9FFED78E941ED7808403C073B1033
:20266A000350029402866D0029003C26DA11FE9EDA5134AFBF240480081F3C02DA012CA1DE
:20268A0049A4000A822402856D00C900DA0078103C045810C21F781058103B50C300066047
:2026AA003F0FF9FFED7808403C073B100350029402866D00030000902008DA7F34AF89A48D
:2026CA00010889A5020849A4000A823402656D00A600009020080258FF240B803B700240DB
:2026EA003B30015002866DFFE9FF1D009700094941087693BF990B803B7002403B10035072
:20270A0002866DFFDBFF1D0089009AF982009B000008730F68A06F093E00DF240A003B708B
:20272A0002403B30015002866DFFC8FF3C76911000F7D9FF940B8F8B00007BA0A515C61050
:20274A0091100027D922A8F909210A09C61091100027D922A8F9092F0209C6F074F0911096
:20276A0000F7D9FF980BDA0134FFDA6734AF89A9010849A4020A911000F7D9FF940B54F420
:20278A006D00F18549A4000A826402856D0047003C44DF640A003B7002403B300150028636
:2027AA006DFF8CFF3C3A911000F7D9FF980B14FFEE093B7002403B40025002866DFF7EFF5A
:2027CA003C2CB0246D00CF80022F911000F7D9FF940B54F402B56D0040813E2F911000F785
:2027EA00D9FF980BDA0034FF3B7002403B50035002866DFF63FF3C11911000F7D9FF980BC6
:20280A00DA0034FFDA6734AF89A9010849A4000A822402856D0003000090DF1505806DFF39
:20282A0012F93C036DFFA2FB0090DA207FF40880DA010F4F00F0894F18693C08DA018B0486
:20284A001E000F0F00F0894F1C690090FF9403803C09FFD40580C2A406243C048B541F4094
:20286A000644C2348FE41F203C0100900C462E570C462E4382223C0282123C0282023C0180
:20288A000090094F7D681607FF5F0680C22F534F20203C04C2DF530F21203C0100900B45EC
:2028AA001088026ADA086DFFEEFF422FE2AF429842F860823C010090094F7C681607FF5F53
:2028CA000680C22F534F20203C04C2DF530F21203C0100900B451088026ADA086DFFEEFFB5
:2028EA00422FE2AF429842F860823C010090094F7C68370F63F2FF5F0680C22F534F20207B
:20290A003C04C2DF530F21203C0100900B451088026ADA086DFFEDFF422FE2AF429842F8B8
:20292A0060823C010090534620F0425442F460423C010090094F48781607FF5F0680C22FF0
:20294A00534F20203C04C2DF530F21203C0100900B451088026ADA086DFFEEFF422FE2AFA9
:20296A00429842F860823C010090404C405F0258C82408CF3704685002F46D00D419C82413
:20298A0008C402856D00031A09CF401809F05008370F03F089CF001882123C010090404F36
:2029AA000258C82408CF09F55008A64502F46D00BA19C82408C402856D00E91982123C01FA
:2029CA000090405F494C080A6DFF42FF82003C0A534020F010F2534020F010C4544F742F40
:2029EA00C2103F20F7FF009020080B451088026A74A73B0020203B0010303B8000408215F7
:202A0A0082163B8000704B0961B18B030800C210821C3C404B0C41114B1851D04B0961110E
:202A2A004B1D51104B0131E1F6E23C364B0E41114B1D51D04B0961116B0131FD82014B1F9A
:202A4A0001F0AE064B0961F16B0F311D3C074B0961F16B0F31FD67FFBF1F7F4E03003C1C5C
:202A6A003FE018004B1B01F016068B0F20F26E1102C502E7021BDA143FEF0C00BBD0CCFC2F
:202A8A009BCFDCF34BF101F0370F61F06E023C04C21C7FC2C17FF6559A127EC302250207B8
:202AAA00F6557F4E0400821502474B0A61F17B00E8034B0F41807F37030002730234023949
:202ACA003C199A193B007102E2F04B7001220BA280000B00C0014B0041114B180110370144
:202AEA0061F16E0402944B0041817FA203003C04C2F9FF39E87F5A4792F3DA807F3F040065
:202B0A003B000830FF23030082233B0000249BC26124821A3C163B007102E2A04B700182D1
:202B2A0054A00B0880000B00C0014B0041114B120110370161F16E0402A64B004121C21A00
:202B4A007FA3EB7F094FDE48C2F537057000370F09F0894F9E48094F5F48C2F637066800A5
:202B6A00370F87F0894F1F48094F5D48C2F437046800370F08F0894F1D48094F5C48C2F3CD
:202B8A0037036800370F07F0894F1C48009020080B451088026A74A73B0002203B0002301F
:202BAA003B800040821582163B8000704B0961B18B030100C210821C3C404B0C41114B18C9
:202BCA0051D04B0961114B1D51104B0131E1F6E23C364B0E41114B1D51D04B0961116B012D
:202BEA0031FD82014B1F01F0AE064B0961F16B0F311D3C074B0961F16B0F31FD67FFBF1FC8
:202C0A007F4E03003C1C3FE018004B1B01F016068B0F20F26E1102C502E7021BDA143FEFC4
:202C2A000C00BBD0CCFC9BCFDCF34BF101F0370F61F06E023C04C21C7FC2C17FF6559A1228
:202C4A007EC302250207F6557F4E0400821502474B0A61F17B00E8034B0F41807F3703001C
:202C6A000273023402393C199A193B007102E2F04B7001220BA280000B00C0014B00411168
:202C8A004B180110370161F16E0402944B0041817FA203003C04C2F9FF39E87F5A4792F333
:202CAA00DA107F3F04003B000130FF23030082233B0000249BC26124821A3C163B0071024B
:202CCA00E2A04B70018254A00B0880000B00C0014B0041114B120110370161F16E0402A628
:202CEA004B004121C21A7FA3EB7F094F4E48C2F537056800370F05F0894F0E48094F4C4817
:202D0A00C2F637066800370F04F0894F0C48094F4D48C2F437046800370F05F0894F0D4838
:202D2A00094F4C48C2F337036800370F04F2894F0C480090DA003E46DA01BE41DA02BE4B31
:202D4A003C25094F5948B70F01F0894F1948094F5948B70F81F0894F19483C18094F594869
:202D6A009601894F1948094F5948B70F81F0894F19483C0C094F59489601894F1948094FA7
:202D8A0059489602894F19483C010090DA003E46DA013E4DDA02BE433C190C46B70F81F269
:202DAA002C460C46B70F01F22C463C100C4696202C460C46B70F01F22C463C080C4696208B
:202DCA002C460C4696102C463C010090FF840A804C45534420000F051050A65F6C453C0F76
:202DEA004C4682006740830F370463102B012001534020000F051050A65F6C460090405F74
:202E0A00494C080A6DFF24FD82003C0A534020F010C2534020F010F4544F742FC2103F2019
:202E2A00F7FF0090404F6D004E21022802846D004A209110003030F3D9330008143FB70FEF
:202E4A0001F09110003030F3D9330008343F3C019110003030F3D9330008143F370FE1F04D
:202E6A00BA0F3C016EF602846D004D21009082F282003C17538020F0910000F8D9FF00114F
:202E8A0010FFD4FF7D4F0D80538020F0910000F8D9FF001110FF481F370F48203C04C21062
:202EAA00BF20EAFF3C0100906D000F183C0100902008024F6DFFDDFF910000F8D9FF2000D0
:202ECA0009F2C00989A2C009534F2000534220F010AFD4FF01F000263C0100909110003082
:202EEA003043D93330085430DA0137F0810FDA0137F0010F911000303043D93330087430BD
:202F0A00DA003E48DA013E49DA023E4ADA033E4B3C0D375002003C0A375002013C073750AF
:202F2A0002023C04375002033C01911000303043D93330087430DA0037F0810FDA0037F0BC
:202F4A00010F911000303043D933300874300090405C406F0B451088094D840909DF5848FD
:202F6A001601DE1709D05848B700810089D018483C0109D058486F10FEFF09D05848B7006F
:202F8A0001F089DF18483C0109DF58486F0FFEFF09DF5848960189DF18483C0109DF584882
:202FAA001601DF1FFDFF09DF18498210370F01F08210370F81F089DF18496DFF77FF022FBF
:202FCA00768A54C509C6C40809C7C60840D402F46DFF0CFDDF091A00768A54F509F6C40800
:202FEA0009F7C60840D402F46DFFD3FD08CF6E0D08C009DF4E48968089DF0E4809DF4958BE
:20300A00370F07F089DF095809DF5848B70F81F089DF18483C0109DF58486F1FFEFF09DFE1
:20302A005848B70F01F089DF18483C0109DF58486F0FFEFF0090CC41145F6E06145F1E24EE
:20304A00145FDF4F938009FF58481601DE1709FF5848B70F81F089FF18483C0109FF584852
:20306A006F1FFEFF09FF5848B70F01F089FF18483C0109FF58486F0FFEFF09FF58489601D5
:20308A0089FF18483C0109FF58481601DF1FFDFF09FF18498210370F01F08210370F81F0CD
:2030AA0089FF1849146F6E03146FDE2F09F0C468094FCC0886EF37F00EF189FF846809F040
:2030CA0046680C6137F008F089FF066809F040680C6A37F002F289FF00680C685E1609FFA4
:2030EA004068960289FF0068146F1E14146FDF2F278009F0C868094FCE0886EF37F00EF1B7
:20310A0089FF886809F010694C6137F01DF089FF106909F04A680C6237F007F089FF0A68A8
:20312A0009F040680C6B37F002F189FF00680C695E1609FF4068960189FF006809FF58489B
:20314A00B70F81F089FF18483C0109FF58486F1FFEFF09FF5848B70F01F089FF18483C0152
:20316A0009FF58486F0FFEFF0090404C405F09CD840909DF58481601DE1709DF5848B70F22
:20318A0081F089DF18483C0109DF58486F1FFEFF09DF5848B70F01F089DF18483C0109DF70
:2031AA0058486F0FFEFF09DF5848960189DF18483C0109DF58481601DF1FFDFF09DF1849E4
:2031CA008210370F01F08210370F81F089DF184909FFDE08EE0509FF6008DF1F2180820494
:2031EA0009F55C0840D46DFFF3FDD4C409F45C086DFF60FE09F0600809FFDE081421370F66
:20320A0068F037F108F0342F0C21370F83F12C210C2396022C230C2196042C2109FFE40877
:20322A00EE0509FF6608DF1F2180821409F5620840D46DFFCDFDD4C409F462086DFF3AFE91
:20324A0009F0660809FFE4081421370F68F037F108F0342F0C21370F83F12C210C239602B8
:20326A002C230C2196042C2109FFEA08EE0509FF6C08DF1F2180822409F5680840D46DFF45
:20328A00A7FDD4C409F468086DFF14FE09F06C0809FFEA081421370F68F037F108F0342F40
:2032AA000C21370F83F12C210C2396022C230C2196042C2109FFF008EE0509FF7208DF1F33
:2032CA002180823409F56E0840D46DFF81FDD4C409F46E086DFFEEFD09F0720809FFF00846
:2032EA001421370F68F037F108F0342F0C21370F83F12C210C2396022C230C2196042C2110
:20330A0009FFF608EE0509FF7808DF1F2180824409F5740840D46DFF5BFDD4C409F474085A
:20332A006DFFC8FD09F0780809FFF6081421370F68F037F108F0342F0C21370F83F12C2149
:20334A000C2396022C230C2196042C2109FFFC08EE0509FF7E08DF1F2180825409F57A08B7
:20336A0040D46DFF35FDD4C409F47A086DFFA2FD09F07E0809FFFC081421370F68F037F1E9
:20338A0008F0342F0C21370F83F12C210C2396022C230C2196042C2109FFC218EE0509FF8D
:2033AA004418DF1F2180826409F5401840D46DFF0FFDD4C409F440186DFF7CFD09F0441819
:2033CA0009FFC2181421370F68F037F108F0342F0C21370F83F12C210C2396022C230C2134
:2033EA0096042C2109FFC818EE0509FF4A18DF1F2180827409F5461840D46DFFE9FCD4C4A9
:20340A0009F446186DFF56FD09F04A1809FFC8181421370F68F037F108F0342F0C21370F7C
:20342A0083F12C210C2396022C230C2196042C2109FFCE18EE0509FF5018DF1F22803B80EB
:20344A00004009F54C1840D46DFFC2FCD4C409F44C186DFF2FFD09F0501809FFCE1814216D
:20346A00370F68F037F108F0342F0C21370F83F12C210C2396022C230C2196042C2109FFBB
:20348A00D418EE0509FF5618DF1F22803B90004009F5521840D46DFF9BFCD4C409F45218A4
:2034AA006DFF08FD09F0561809FFD4181421370F68F037F108F0342F0C21370F83F12C21AC
:2034CA000C2396022C230C2196042C2109FFDA18EE0509FF5C18DF1F22803BA0004009F596
:2034EA00581840D46DFF74FCD4C409F458186DFFE1FC09F05C1809FFDA181421370F68F0DA
:20350A0037F108F0342F0C21370F83F12C210C2396022C230C2196042C2109FFE018EE05CD
:20352A0009FF5618DF1F22803BB0004009F55E1840D46DFF4DFCD4C409F45E186DFFBAFCD6
:20354A0009F0621809FFE0181421370F68F037F108F0342F0C21370F83F12C210C2396029D
:20356A002C230C2196042C2109FFE618EE0509FF6818DF1F22803BC0004009F5641840D4F4
:20358A006DFF26FCD4C409F464186DFF93FC09F0681809FFE6181421370F68F037F108F015
:2035AA00342F0C21370F83F12C210C2396022C230C2196042C2109FFEC18EE0509FF6E18B3
:2035CA00DF1F22803BD0004009F56A1840D46DFFFFFBD4C409F46A186DFF6CFC09F06E1892
:2035EA0009FFEC181421370F68F037F108F0342F0C21370F83F12C210C2396022C230C21E8
:20360A0096042C2109FFF218EE0509FF7418DF1F22803BE0004009F5701840D46DFFD8FB4C
:20362A00D4C409F470186DFF45FC09F0741809FFF2181421370F68F037F108F0342F0C219C
:20364A00370F83F12C210C2396022C230C2196042C2109FFF818EE0509FF7A18DF1F2280EA
:20366A003BF0004009F5761840D46DFFB1FBD4C409F476186DFF1EFC09F07A1809FFF818D1
:20368A001421370F68F037F108F0342F0C21370F83F12C210C2396022C230C2196042C216C
:2036AA0014FF6E0A8200DA010F0F00F009D01459A6F089D01459081F6E0A8210DA010F0F3E
:2036CA0000F009D01459A6F089D01459082F6E0A8220DA010F0F00F009D01459A6F089D0DF
:2036EA001459083F6E0A8230DA010F0F00F009D01459A6F089D01459084F6E0A8240DA01EB
:20370A000F0F00F009D01459A6F089D01459085F6E0A8250DA010F0F00F009D01459A6F079
:20372A0089D01459086F6E0A8260DA010F0F00F009D01459A6F089D01459087F6E0A82706C
:20374A00DA010F0F00F009D01459A6F089D01459088F6E0ADA0882100FF0000009DF1459FD
:20376A00A60F89DF1459089F6E0ADA0982100FF0000009DF1459A60F89DF145908AF6E0A14
:20378A00DA0A82100FF0000009DF1459A60F89DF145908BF6E0ADA0B82100FF0000009DF2E
:2037AA001459A60F89DF145908CF6E0ADA0C82100FF0000009DF1459A60F89DF145908DF7C
:2037CA006E0ADA0D82100FF0000009DF1459A60F89DF145908EF6E0ADA0E82100FF0000028
:2037EA0009DF1459A60F89DF145908FF6E0ADA0F82100FF0000009DF1459A60F89DF145908
:20380A0009FF50086E0ADA1082100FF0000009DF1459A60F89DF145909FF51086E0ADA11A8
:20382A0082100FF0000009DF1459A60F89DF145909FF52086E0ADA1282100FF0000009DFCF
:20384A001459A60F89DF145909FF53086E0ADA1382100FF0000009DF1459A60F89DF14592F
:20386A0009FF54086E0ADA1682100FF0000009DF1459A60F89DF145909FF55086E0ADA1734
:20388A0082100FF0000009DF1459A60F89DF145909FF56086E0ADA1882100FF0000009DF65
:2038AA001459A60F89DF145909FF57086E0ADA1982100FF0000009DF1459A60F89DF1459C5
:2038CA0009FF58086E0ADA1A82100FF0000009DF1459A60F89DF145909FF59086E0ADA1BC4
:2038EA0082100FF0000009DF1459A60F89DF145909FF5A086E0ADA1C82100FF0000009DFFD
:20390A001459A60F89DF145909DF5848B70F81F089DF18483C0109DF58486F1FFEFF09DFE7
:20392A005848B70F01F089DF18483C0109DF58486F0FFEFF0090CC4109FF58481601DE17CD
:20394A0009FF5848B70F81F089FF18483C0109FF58486F1FFEFF09FF5848B70F01F089FF3F
:20396A0018483C0109FF58486F0FFEFF09FF5848960189FF18483C0109FF58481601DF1F5C
:20398A00FDFF09FF18498210370F01F08210370F81F089FF1849764609FF4118960189FF81
:2039AA00011809FF5848B70F81F089FF18483C0109FF58486F1FFEFF09FF5848B70F01F04E
:2039CA0089FF18483C0109FF58486F0FFEFF0090495F000A4942080AA01409F04801892017
:2039EA004801FC4C44FF642F0090405F094C8409820809CF58481601DE1709CF5848B70FF9
:203A0A0081F089CF18483C0109CF58486F1FFEFF09CF5848B70F01F089CF18483C0109CF37
:203A2A0058486F0FFEFF09CF5848960189CF18483C0109CF58481601DF1FFDFF09CF18499B
:203A4A008210370F01F08210370F81F089CF1849BD0F140054FF6E07D4F4084408D56DFF8C
:203A6A00A0F7A628482F6E09C82509F40C0808D540C46DFF7CF7A62809CF5848B70F81F0AE
:203A8A0089CF18483C0109CF58486F1FFEFF09CF5848B70F01F089CF18483C0109CF584888
:203AAA006F0FFEFF02823C010090CC41145F6E06145F1E24145FDF4FBC8009FF58481601EB
:203ACA00DE1709FF5848B70F81F089FF18483C0109FF58486F1FFEFF09FF5848B70F01F051
:203AEA0089FF18483C0109FF58486F0FFEFF09FF5848960189FF18483C0109FF5848160151
:203B0A00DF1FFDFF09FF18498210370F01F08210370F81F089FF1849146F6E07146F1E356F
:203B2A00146F1E43146FDE5109F07D680C6137F003F089FF3D6809F0EC68094FD40886EF5D
:203B4A0037F00EF189FFAC68146F1E16146F1E34146FDF5F278009F07C680C6237F003F040
:203B6A0089FF3C6809F0E068094FD00886EF37F00EF189FFA06809F062680C6837F007F01E
:203B8A0089FF226809F063680C6437F081F389FF236809F063680C6637F007F089FF2368C0
:203BAA00146F1E26146F1E44146FDF5F278009F07C680C6337F003F289FF3C6809F0F06802
:203BCA00094FD20886EF37F00EF189FFB06809F072680C6937F007F089FF326809F0736812
:203BEA000C6537F081F389FF336809F073680C6737F007F089FF33680954410840F46DFFBE
:203C0A009BF809FF5848B70F81F089FF18483C0109FF58486F1FFEFF09FF5848B70F01F071
:203C2A0089FF18483C0109FF58486F0FFEFF0090CC41145F1E18145F1E26145F1E34145FFD
:203C4A00DF4FE18009FF58481601DE1709FF5848B70F81F089FF18483C0109FF58486F1FDD
:203C6A00FEFF09FF5848B70F01F089FF18483C0109FF58486F0FFEFF09FF5848960189FFCF
:203C8A0018483C0109FF58481601DF1FFDFF09FF18498210370F01F08210370F81F089FFC1
:203CAA00184909F0C078094FD80886EF37F00EF189FF807809F048780C6337F003F089FF4B
:203CCA000878146F1E26146F1E34146FDF4F418009F042780C6137F006F089FF0278146F8A
:203CEA001E34146FDF4F2180146F5E3BDA006E025E1809F0437837F001F389FF03783C012B
:203D0A00146F5E4BDA016E025E1809F0437837F001F389FF03783C0109F043780C6237F054
:203D2A0006F089FF037882003C0C09FF20798211370068200F210010A61F89FF2079C210CB
:203D4A000C6109614208421F3FF0F1FF3C28146F6E04146FDF1F2480146F6E025E1809F0D8
:203D6A00437837F001F389FF03783C0109F043780C6237F006F089FF037882003C0C09FF0F
:203D8A0020798211370068200F210010A61F89FF2079C2100C623FF0F4FF3C010C646E1774
:203DAA000C643B0002003FF0138009F0F078094FD60886EF37F00EF189FFB07809F07278C5
:203DCA000C6437F006F089FF32783C010954410840F46DFFB1F709FF5848B70F81F089FF88
:203DEA0018483C0109FF58486F1FFEFF09FF5848B70F01F089FF18483C0109FF58486F0F3F
:203E0A00FEFF00902010910000F8D9FF280049FF000A49A2000AA01509F048018920480122
:203E2A00FC5C49AF000A4942000AA01409F0480189204801FC4C0090D45FF44FD44F91108F
:203E4A00003030F3D9330008143F370FE1F0BA0F3C011E14D4446DFFE7F70090910000F8D4
:203E6A00D9FF3800D4FFF44FF4450090404C405FD4F2F4C209FF04083B004000E20F1022F0
:203E8A00911000303023D93200483C0189C28409D4F509F40408085540C46D00390049F575
:203EAA00041A40C46DFF96FD49F5080A49F6140A09F45938087540C46DFF4CF840F5B06521
:203ECA0049F6240A40C46DFFB5FE40F5B06549F6380A40C46DFFEBFD40F5B06549F62C0A66
:203EEA0040C46DFFAAF809F5943940C46DFF7FFD022F09F4583840C46DFF1FFD49F5181A35
:203F0A0040C46DFF34F902F23C010090F4453B0040F0E24F105F9110003030F3D93F0048A1
:203F2A003C01EC413704684040546DFFD9F7009020E0910000F8D9FF4C1049FF000A49A2D0
:203F4A00000AC5061A0009F0480189204801FC6C44FF642F545F781149AF000A4942000A23
:203F6A00C5061A0009F0480189204801FC6C44FF642FD45FF44F0090404F405C406D0CCD29
:203F8A00EE030CCE6E210CCD6E10C812092F65688FFF03813C01C814482409F5D008028692
:203FAA006DFF9AF4402E3C0FC812092F75688FFF03813C01C814482409F5D20802866DFFF2
:203FCA00A7F4402E3C0A14C8C814482409F5D40802866DFF66F4402E0CE3370F61F36E03D4
:203FEA00DA003C02DA1254E037007D00325F0FF010003C0189C002090CE3370F61F32CC71E
:20400A000CE6160F2CC940E46DFF32F489C20A0834C809C4490840E440D56DFFD4F40CCD17
:20402A006E0AC812C814094F6868378F06F0892F28683C0B0CCE6E09C812C814094F786896
:20404A00378F06F0892F3868C81402846DFFEFF30090404C405D406E82080CDCEE0314D9DB
:20406A003C0709C28409092F46788FFF0191CCC182100F90000009F10C7926017613DA01BD
:20408A003C02DA003C013C015E1382183C5409C4840909C4080909C5D80802966DFF5AF4B1
:2040AA00402F09D002090CD71E1382013C02821108323712011328316E03DA003C02DA12D6
:2040CA0054F10FF0000037011DF074FF0CDB5E18086F96802CF6087F379F08F02CF708301E
:2040EA000CD637F081F22CF30CDA1E130CDA5E2608300CD837F081F32CF308600CD937F050
:20410A0004F02CF609D4490840F440E56DFF79F609D44A0840F46DFF3BF60CDFEE0CCCC1AB
:20412A0009C28409092F107982100F900000A60F89FF107902823C010090404C405F09C41C
:20414A00080909C5CC0814F66DFFEFF309C48409094F58481601DE17094F5848B70F81F0BD
:20416A00894F18483C01094F58486F1FFEFF094F5848B70F01F0894F18483C01094F584821
:20418A006F0FFEFF094F58489601894F18483C01094F58481601DF1FFDFF094F1849821042
:2041AA00370F01F08210370F81F0894F1849081F1E7A0920C008482F370F70F037F00BF04D
:2041CA00B42F3C070920C00808CF37F00BF0B42F0920C208481F370F70F037F00BF0AC21F3
:2041EA000C230810370F83F12C230C230820370F02F32C23CCC109FF5848B70F81F089FF90
:20420A0018483C0109FF58486F1FFEFF09FF5848B70F01F089FF18483C0109FF58486F0F1A
:20422A00FEFF0090200840BF3C0180F2370368F4B75F08F037F30834370468F037F3083012
:20424A004DC0E1FF16073C013703680837F003F037F308383C0189A2400909A0400900A09C
:20426A000D00400200800090200840BF3C0180F2370368F4B74F08F037F30834370468F072
:20428A0037F308304DC0E1FF16073C013703680837F003F037F308383C0189A2400909A0E3
:2042AA00400900A00D00400200800090200840BF3C0180F2370368F4B73F08F037F30834EC
:2042CA00370468F037F308304DC0E1FF16073C013703680837F003F037F308383C0189A202
:2042EA00400909A0400900A000800090200840BF3C0180F2370368F4B72F08F037F3083419
:20430A00370468F037F308304DC0E1FF16073C013703680837F003F037F308383C0189A2C1
:20432A00400909A0400900A00D00400200800090200840BF3C0180F2370368F4B71F08F0FF
:20434A0037F30834370468F037F308304DC0E1FF16073C013703680837F003F037F3083883
:20436A003C0189A2400909A0400900A00D00400200800090200840BF3C0180F2370368F425
:20438A00B70F08F037F30834370468F037F308304DC0E1FF16073C013703680837F003F0EF
:2043AA0037F308383C0189A2400909A0400900A00D00400200800090200840BF3C0180F211
:2043CA00370368F4B77F08F037F30834370468F037F308304DC0E1FF16073C0137036808C3
:2043EA0037F003F037F308383C0189A2400909A040090D00400200800090200840BF3C01C9
:20440A0080F2370368F4B76F08F037F30834370468F037F308304DC0E1FF16073C01370390
:20442A00680837F003F037F308383C0189A2400909A040090D004002008000909100F0FA01
:20444A00D9FF5455B70418F07B00000A7E05DA5074FF82023C0EB70418F07B00F00A7E05E0
:20446A00DA5D74FF82023C050D00800482123C0100909110F0FAD9FF909A9110F02AD9228E
:20448A00989A9110F04AD944A8AA9110F05AD955A8AA74F47425DA80744FDA50745F0D0003
:2044AA008004009076419100F0FAD9FF70750D00800474F5B04F0D00800474F60D0080046A
:2044CA000090F64B3C01914080FF484F82100F501000260FEEF93C0382123C050D0080041B
:2044EA0082023C0100909110F0FAD9FF909A9110F02AD922989A9110F04AD944A8AA911001
:20450A00F05AD955A8AA74F4DA00742FDAA0744FDAAA745F0D0080040090404F6D00D31549
:20452A00022839FF0002AE13DA013C02DA003C011E1D02846D00C71439FF0002B70F01F022
:20454A00E9FF000202846D00DE1539FF0002AE123C013C010090BC41534420F060FF9140A9
:20456A00003F30F3D93240683C010090DA003E48DA013E4EDA02BE43DA03BE4A3C210C411C
:20458A0096802C410C41B70F01F32C413C1A0C4196802C410C4196402C413C130C41B70F02
:2045AA0081F32C410C41B70F01F32C413C0A0C41B70F81F32C410C4196402C413C023C0157
:2045CA000090095044080C558F8F00F0A6F0B71081FF594F00C014500C518F8F00F0A6F083
:2045EA000C528F0F01F0A6F00C538F8F01F0A6F0594004C0009054403BE05EF07E4EDA009A
:20460A0037F00108DA0037F0010BDA0037F0810BDA0037F081083C383B007DF07E4EDA007A
:20462A0037F00108DA0137F0010BDA0037F0810BDA0037F081083C283BA033F27E4BDA0113
:20464A0037F00108DA0037F0810BDA0037F081083C1BDA0037F00108DA0037F0010BDA01C0
:20466A0037F0810BDA0137F08108094FC408374F0EF0AC420C4D96012C4D0C4C3BE0001070
:20468A00371F04F02C4C7440009082309B100000DA003E48DA013E4CDA02BE40DA03BE442F
:2046AA003C19194FEC40A6F05940EC403C13194FEC50A60F594FEC503C0D194FEC60A60F6E
:2046CA00594FEC603C07194FEC70A60F594FEC703C0100903B0030009B00100082110F5146
:2046EA001010DA003E48DA013E4DDA02BE42DA03BE473C1D194FEC4026F0A6105940EC408E
:20470A003C16194FEC50260FA61F594FEC503C0F194FEC60260FA61F594FEC603C08194F22
:20472A00EC70260FA61F594FEC703C01009082100F5010008201DA003E48DA013E4CDA0223
:20474A00BE40DA03BE443C19194FEC40260F370F68103C13194FEC50260F370F68103C0D67
:20476A00194FEC60260F370F68103C07194FEC70260F370F68103C01761382123C02820272
:20478A003C010090404F6D009E14022802846D009A1339FF14029601E9FF140239FF180295
:2047AA009601E9FF180202846D00AD143C0139FF14026F1FFE7F02846D00851339FF1C022B
:2047CA009601E9FF1C0202846D009D140090404C405F54F0481F3FF0048054F83C0248188B
:2047EA00D4C2D4C439400501088F37F00102E9200501D4C2D4C439400401089F37F00100B7
:20480A00E9200401D4C2D4C43940050108AF37F001F3E92F050154F440C46D00E1098209B5
:20482A003C10530921F010F20C2C5E1A530921F010F249250C0A40C402946D005C04C219CE
:20484A0054FF3FF9F0FF82093C11530921F010F2092F4C185E1A530921F010F249250C1A76
:20486A0040C402946D00A303C219481F3FF9EFFF82093C20536920F010F2092F4C28530F56
:20488A0028F0D4C21022DA00592F2051536920F010F249250C2A40C402946D0051045369D1
:2048AA0020F010F24925242A40C402946D009303C2193F89E1FF0090404C405F54FF09F0F9
:2048CA0006093F0F048054FF3C0309FF060982083C07D4C4370868406DFFD9FEC2183FF8A4
:2048EA00FAFF54FFBF2F0B80D4C2D4C43940C000084F37F082F2E92FC00082083C10534847
:20490A0020F010F20C2C5E1AD4C4534820F010F249250C0A02846D007601C21854FF3FF834
:20492A00F0FF09FF0609BF2F0B80D4C2D4C43940C00008AF37F001F1E92FC00082083C1108
:20494A00538820F010F2092F5C085E1AD4C4538820F010F249251C0A02846D007A00C218EC
:20496A0009FF06093FF8EEFF09FFFE086E1AD4C409F47C086DFFF1FD09F0401809FFFE088A
:20498A001421370F68F037F108F0342F0C21370F83F12C210C2396022C230C2196042C2159
:2049AA000090404C405DD4CF14D0081F370F81F22CF1D4C409D441086DFFDAFDD4C2DA003F
:2049CA00142037F002F1342FD4C409D4CA086DFF14FED4CFDA0082005E1382113C02820193
:2049EA00082F371F01F22CF2DF10048082103C028200082F370F81F22CF2D4CFDA005E134E
:204A0A0082003C028210086F370F01F02CF6D4CF0CD2081037F001F22CF1D4CFDA005E13AC
:204A2A0082103C028200088F370F01F02CF8D4CFDA005E1382103C028200088F370F01F218
:204A4A002CF8D4C440D5B0356DFFBDFD00900C556E0F194FF0008210370468105381201061
:204A6A00C2410F100000A60F594FF0003C0D1940F0000C5637046810538120100F1F10F0E4
:204A8A00A6F05940F000DA003E4CDA015F4F3300DA025F4F5900DA035F4F7F001D00A6001D
:204AAA00B940F2400C5237F005F2F94FF2403940F0400C5137F081F2E94FF0403940F0401A
:204ACA000C5337F001F2E94FF0403940F0400C5437F081F1E94FF0400C576E0B194FEC4071
:204AEA003BF0FF0B0620260FB71F01FC594FEC403C7CB940F2500C5237F005F2F94FF2507C
:204B0A003940F0500C5137F081F2E94FF0503940F0500C5337F001F2E94FF0503940F05000
:204B2A000C5437F081F1E94FF0500C576E0B194FEC503BF0FF0B0620260FB71F01FC594F6F
:204B4A00EC503C53B940F2600C5237F005F2F94FF2603940F0600C5137F081F2E94FF060D7
:204B6A003940F0600C5337F001F2E94FF0603940F0600C5437F081F1E94FF0600C576E0B3B
:204B8A00194FEC603BF0FF0B0620260FB71F01FC594FEC603C2AB940F2700C5237F005F2C3
:204BAA00F94FF2703940F0700C5137F081F2E94FF0703940F0700C5337F001F2E94FF070EF
:204BCA003940F0700C5437F081F1E94FF0700C576E0B194FEC703BF0FF0B0620260FB71F5B
:204BEA0001FC594FEC703C01094F2029822037046810532120100F101000A60F894F2029CE
:204C0A000090DA003E4CDA015F4F2B00DA025F4F4900DA035F4F67001D0086003940C240FF
:204C2A000C5237F004F0E94FC2403940C0400C5137F081F0E94FC040394FC040B72F02F1B0
:204C4A00E94FC0400C536E0B194FEC403BF0FF0B0620260F8F0F50F1594FEC403C6439404A
:204C6A00C2500C5237F004F0E94FC2503940C0500C5137F081F0E94FC050394FC050B72F11
:204C8A0002F1E94FC0500C536E0B194FEC503BF0FF0B0620260F8F0F50F1594FEC503C4381
:204CAA003940C2600C5237F004F0E94FC2603940C0600C5137F081F0E94FC060394FC060EE
:204CCA00B72F02F1E94FC0600C536E0B194FEC603BF0FF0B0620260F8F0F50F1594FEC60AA
:204CEA003C223940C2700C5237F004F0E94FC2703940C0700C5137F081F0E94FC070394F30
:204D0A00C070B72F02F1E94FC0700C536E0B194FEC703BF0FF0B0620260F8F0F50F1594F65
:204D2A00EC703C010090530421F0104F09FFA4193C01DA008210370F01FC8200370F81FC83
:204D4A008210370F01FF8210370F81FF6CF36D00AD060090A00C530421F0104F09FFA419D2
:204D6A003C0108FF370FE1F3BA0F3C016E14530421F0104F530421F01042092F2819C21F68
:204D8A0089FF2819530421F0104F09FFA4193C0154FF60FC6D003E0740C23C010090A002A5
:204DAA00534421F0104FC85F3C0108FFAE7354FF60F23C010090404C405FD4FDF4CD40D413
:204DCA006DFFADFB084F5E4C482F6E09C82540C46D000E06C82540C46D0087053C18084FBF
:204DEA005E1C483F6E09C83540C46D00D804C83540C46D00FE033C0B484F6E09C84540C412
:204E0A006D007703C84540C46D005502B9DF0A02B70F03F3F9DF0A02DA0059DF001240D450
:204E2A006DFFB2FCC5F200013B300200092110093C013C014C243C01A21F3F0FFDFF084F5D
:204E4A00B9D00A0237F003F3F9DF0A02084FDE1139DF001209F06048370F04F0E9DF00128D
:204E6A0039DF011209F06148370F04F0E9DF011239DF00019601E9DF0001C5F200010920EC
:204E8A0010093C013C014C243C01A20FBF4FFDFF82003C02C21039DF00011601BA0F3C0145
:204EAA00EE053B803EF03FF0F7FF49F5140A40C46DFF79FD49F5200A40C46DFFFFFC49F594
:204ECA00241A40C46DFF85FC009040460952080909534108530321F0106289231C18530363
:204EEA0021F01062095484098924A019530321F01062092FA0193C01530321F01062892F3D
:204F0A00A41982013C180950CC08E210422074F0DA006CF208FF96012CFF08FFB70F81F0CF
:204F2A002CFF08FF96402CFF08FF96802CFF49FF100AC211DA083FF1E87F530321F0106265
:204F4A000922A0193C01530321F010648942A419530328F0D4621022530328F0D4641044F3
:204F6A00B9400841095FCC0886EFB70F14F637F08CF1F92F0841530328F0D4621022530323
:204F8A0021F01064094F2019592F1C41530328F0D462102280FF592F2841530328F0D46F15
:204FAA0010FFDA0759FF304100900C51530F28F0D44F10FF0C51530F28F0D442102239201D
:204FCA000A410C5237F006F0E9FF0A416DFF7FFF0090405F09FFC208EE04084FDF1F2B80F1
:204FEA0014FF530F28F0D442102214FF530F28F0D4451055195F34419640592F3441D444EF
:20500A0014FFC26F370F68406DFFA7FA084009FFC2081421370F68F037F108F0342F0C21AA
:20502A00370F83F12C210C2396022C230C2196042C2100900952080909534108534321F0ED
:20504A00104F28C3534321F0104F09528409E842534321F0104F095FCC08ACFE534321F051
:20506A00104FC84F3C01534321F01042EC2582043C230950CC08E240422074F0DA006CF138
:20508A0009F0C8080951CC0837100EF0ACF4089FB70F02F32CF909FFCA08B70F0EF0ACF564
:2050AA0008BFB70F01F32CFB08BFB70F81F32CFB49FF100AC214DA083FF4DD7F534321F0C6
:2050CA00104FC84F3C01534321F01042EC25530328F0D44F10F2534321F0104F484F592F51
:2050EA001441530328F0D44F10FFDA0759FF2C4100900C51530F28F0D44F10FF0C51530FB3
:20510A0028F0D4421022392006410C5237F006F0E9FF06410C51530F28F0D44F10FF0C5175
:20512A00530F28F0D4421022392004410C5E37F001F2E9FF04416DFF7FFF0090405F09FF33
:20514A00C208EE04084FDF1F2B8014FF530F28F0D442102214FF530F28F0D4451055195F31
:20516A0034419601592F3441D44414FFC22F370F68406DFFF2F9084009FFC2081421370F26
:20518A0068F037F108F0342F0C21370F83F12C210C2396022C230C2196042C210090404DAF
:2051AA000B451088534921F010DFC85C3C0140CF49CE100A534921F010D2092CDC084BC805
:2051CA0011A24BC811027612C21A09CFCC0837087000370F0FF0ACC60CCEB70F01F12CCEEA
:2051EA000CCE96032CCE09CFCE08B70F83F3ACC70CCFB70F02F12CCF820D3C3A9AFAFED3E2
:20520A0008FF96102CFF08BF96802CFB08FFB70F81F22CFF09FFC80837087000370F0EF072
:20522A00ACF43C1808FFB70F01F22CFF08FFB70F81F22CFF08BFB70F81F32CFB09F0C80829
:20524A00534921F010D2092FDC0837F00EF0ACF4A2C808FF96802CFF40D402946D004D04BA
:20526A00534921F010DFC85F3C0140FEC21D3FADC7FF0CCF96202CCF534921F010DFE85CE9
:20528A00D4DF80E0530928F010FF59F0204140D402946D00EE04534921F010DFE85E53493D
:2052AA0021F010D2534921F010DF486FC21F6C260090404C405D8208820954DF6E1AD4DFEF
:2052CA00D4C2D4C43940080208CF37F002F2E92F0802C81408846D002205C8140884028514
:2052EA006D002105C814088402956D0050053C08D4CFD4C2392F08029630E9FF08024CD18C
:20530A006E1ACCD1D4C2D4C43940080208CF37F002F3E92F0802C81408846D000005C814E2
:20532A00088402856D00FF04C814088402956D002E053C08D4CFD4C2392F080296C0E9FF14
:20534A000802CCD2D4C2D4C439400A0208CF37F002F2E92F0A02C81408846D00E004C8143D
:20536A00088402856D00DF04C814088402956D000E05CCD3D4C2D4C43940080208CF37F0F3
:20538A0002F1E92F0802C81408846D00C804C814088402856D00C704C814088402956D00BA
:2053AA00F604CCD4D4C2D4C43940090208CF37F002F0E92F0902C81408846D00B004C8141F
:2053CA00088402856D00AF04C814088402956D00DE044CD56E1ACCD5D4C2D4C43940090246
:2053EA0008CF37F002F1E92F0902C81408846D009604C814088402856D009504C8140884C3
:20540A0002956D00C4043C08D4CFD4C2392F0902960CE9FF0902CCD6D4C2D4C439400902DD
:20542A0008CF37F002F2E92F0902C81408846D007604C814088402856D007504C8140884C1
:20544A0002956D00A404CCD7D4C2D4C43940090208CF37F002F3E92F0902C81408846D0056
:20546A005E04C814088402856D005D04C814088402956D008C04CCD8D4C2D4C439400A02B0
:20548A0008CF37F002F0E92F0A02C81408846D004604C814088402856D004504C8140884C2
:2054AA0002956D007404CCD9D4C2D4C439400A0208CF37F002F1E92F0A02C81408846D0024
:2054CA002E04C814088402856D002D04C814088402956D005C0409DF8419D4C2D4C439400B
:2054EA00080208CF37F002F0E92F08020090405CBC413B0008808209CCCAC81408846D00A4
:20550A000E04C814088408CF0F8FA0506D000B04C814088402956D003A044CCB6E12CCCB4E
:20552A00C81408846D00FB03C814088408CF0F8FA0506D00F803C814088402956D002704C2
:20554A00CCCCC81408846D00EA03C814088408CF0F8FA0506D00E703C814088402956D0057
:20556A001604CCCDC81408846D00D903C814088408CF0F8FA0506D00D603C81408840295AB
:20558A006D000504CCCEC81408846D00C803C814088408CF0F8FA0506D00C503C8140884E7
:2055AA0002956D00F403CCCFC81408846D00B703C814088408CF0F8FA0506D00B403C814EF
:2055CA00088402956D00E30309CF8019C81408846D00A503C814088408CF0F8FA0506D0023
:2055EA00A203C814088402956D00D1030090201082088239095C9809095DAC09095E9C098A
:20560A00CC58F8030952A409F4A2CC5AF801CC5EF802CC5DD442D4453950080208CF37F097
:20562A0002F0E92F0802D44FD442392008020CCC37F002F1E9FF0802D44FD442392009022F
:20564A000CDC37F002F0E9FF0902D44FD442392009020CEC37F002F2E9FF0902D442D44F70
:20566A0039F00902D80308CF37F002F3E92F0902D442D44F39F00A02D4AF08CF37F002F01A
:20568A00E92F0A02D442D44F39F00A02D80108CF37F002F1E92F0A0209C4840909C4480809
:2056AA006D003D0309D4840909D448086D00370309E4840909E448086D003103D803C814E6
:2056CA0008846D002C03D4AFC81408846D002703D801C81408846D002203D802C814088401
:2056EA006D001D0309C4840909C4480802856D001A0309D4840909D4480802856D001303EA
:20570A0009E4840909E4480802856D000C03D803C814088402856D000603D4AFC81408849A
:20572A0002856D000003D801C814088402856D00FA02D802C814088402856D00F40209C43E
:20574A00840909C4480802956D00210309D4840909D4480802956D001A0309E4840909E44E
:20576A00480802956D001303D803C814088402956D000D03D4AFC814088402956D00070365
:20578A00D801C814088402956D000103D802C814088402956D00FB0200902018BC413B0073
:2057AA0008808239D45C095D940909528409F4A2CC52F801CC53F802CC54F803CC5CF8047C
:2057CA00095EB409C81408846D00A90209E4840909E448086D00A30209C4840909C44808DB
:2057EA006D009D0209D4840909D448086D009702D4AFC81408846D009202D801C8140884C9
:20580A006D008D02D802C81408846D008802D803C81408846D008302D804C814088408CFF9
:20582A000F8FA0506D007F0209C4840909C448080CCC0F8FA0506D00760209D4840909D4D9
:20584A0048080CDC0F8FA0506D006D02D4AFC814088408CF0F8FA0506D006502D801C814C3
:20586A00088408CF0F8FA0506D005D02D802C814088408CF0F8FA0506D005502D803C8143F
:20588A00088408CF0F8FA0506D004D02D804C814088402956D007B0209C4840909C4480815
:2058AA0002956D00740209D4840909D4480802956D006D02D4AFC814088402956D00670202
:2058CA00D801C814088402956D006102D802C814088402956D005B02D803C8140884029599
:2058EA006D005502009082088209D45F095C8409095D8809095E8C0909529009D445D446F6
:20590A00396008020C2C37F002F0E95F0802D442D445395008020CCC37F002F1E92F080261
:20592A00D442D4453950090208CF37F002F0E92F0902D442D445395009020CDC37F002F2C1
:20594A00E92F0902D442D444394009020CEC37F002F3E92F0902C81408846D00E00109C4AE
:20596A00840909C448086D00DA0109D4840909D448086D00D40109E4840909E448086D002E
:20598A00CE01C814088402856D00CD0109C4840909C4480802856D00C60109D4840909D48B
:2059AA00480802856D00BF0109E4840909E4480802856D00B801C814088402956D00E70121
:2059CA0009C4840909C4480802956D00E00109D4840909D4480802956D00D90109E4840972
:2059EA0009E4480802956D00D2010090BC413B0008808209CC56095CA009095D9409095E14
:205A0A009C09C81408846D008A0109C4840909C448086D00840109D4840909D448086D000A
:205A2A007E0109E4840909E448086D007801C814088408CF0F8FA0506D00750109C4840936
:205A4A0009C448080CCC0F8FA0506D006C0109D4840909D448080CDC0F8FA0506D00630101
:205A6A0009E4840909E448080CEC0F8FA0506D005A01C814088402956D00890109C48409C7
:205A8A0009C4480802956D00820109D4840909D4480802956D007B0109E4840909E448088A
:205AAA0002956D0074010090530421F0104F09FFA419530421F010420922A0194922301AF4
:205ACA007D2F0E80530421F0104F09FFA0193C01530421F01042892FA4193C0D530421F0DD
:205AEA00104F530421F010420922A4194922100A89F2A4190090534421F0104FC852534496
:205B0A0021F0104FC84F49FF301A7DF20C80534421F0104FC8423C01534421F0104FE852D8
:205B2A003C0B534421F01042534421F0104FC85F49FF100AEC250090D44F14FF960134FFE9
:205B4A00D44F530428F010F2530428F010FF39FF08419601E92F08410090D44F14FF960153
:205B6A0034FF82003C10D44F37006810530128F010F2530128F010FF39FF08419601E92F2F
:205B8A000841C2103F40F1FF0090D44F14FF960234FFD44F530428F010F2530428F010FFCE
:205BAA0039FF04419601E92F04410090D44F14FF960234FF82003C10D44F370068105301E5
:205BCA0028F010F2530128F010FF39FF04419601E92F0441C2103F40F1FF0090D44F14FFAE
:205BEA00B70F81F034FF82003C11D44F37006810530128F010F2530128F010FF39FF04412A
:205C0A00B70F01F0E92F0441C2103F40F0FF0090D44FDA0882100FF01000530428F010FF72
:205C2A0019FF2051260F6E03DA013C03DA003C016E1ED44FDA0782100FF01000530428F05A
:205C4A0010FF19FF2051260F6E03DA013C03DA003C016E0BD44FDA0782100FF01000530456
:205C6A0028F010FF59F020516DFF68FF0090404C0248D4CFDA0182100FF01000530828F06E
:205C8A0010FF19FF2051260F6E03DA013C03DA003C016E2BD4CFDA0282100FF01000530877
:205CAA0028F010FF19FF2051260F6E03DA013C03DA003C016E0BD4CFDA0282100FF01000BA
:205CCA00530828F010FF59F02051D4C4820502846DFF2FF57626D4C4820502846DFFFCF4AC
:205CEA0040C402846DFF53FF0090404F0248025F6D00FD09022902946D000D0949FF241A4B
:205D0A0082100F8000000F8F10F0020302F249F2400802946D001E0A009082156DFFE7FF9A
:205D2A000090404F0249025A49FC100A8B0980F2AB3920BF86EB8F3900F1538F20809140EE
:205D4A00002FD922800C7D2F15806D00BC09022C02C46D00B80809F0201982110F9110106A
:205D6A0082FFC6F1261089F0201902C46D00CB09534B20F010CFDAFF0F8F00F00F8A10A0B5
:205D8A0002F302A249F240080090404F0B4510886D009909022A02A46D00950849FF001A89
:205DAA008B0880F2AB78200F86D08F7800F1534F2010534020F010FFDA0F0F1F00F00F1981
:205DCA00109002F3029249F2400802A46D009B090090404CCCC1DA003C11D4FDD4D409D430
:205DEA00440808456DFF9FFFD4D409D4440808556DFFCDFFC21F49FF080A54C03F0FEFFF05
:205E0A000090534420F0911000F8D9FF44F310FF54F1404FB04F9130002FD9220006913005
:205E2A00005F395F1B06370F62F3EE06BB00C2FB9BEFCBF43C1A9130005F395F1B06370F7B
:205E4A0062F35E16BB0068F99B8FB9F43C0E9130005F395F1B06370F62F35E26BB0068F91E
:205E6A009B8FB9F43C02DA003C01092059083700E700C2104B0041014B0F4100092F5B08AF
:205E8A001607C21F4B0F41F14BF051F07B802C044B0151007B0000144B104100BB00A01B89
:205EAA009BB1A5144B1F51F04BF041F0744F544F7B0020047B00F0136B0F61F14B0F71F1B1
:205ECA00323FB4FF00908208913000FF39FF3406370F62F282103E048220BE053C1A821489
:205EEA006D000501913000FF39FF3406160F6E0A913000FF39FF3406160F4B0F41F14BF236
:205F0A0051803C08BB0068899B88B9843C013C023C0102823C010090913000FFD9FF0006AF
:205F2A009130002F392F1B06370F62F3EE06BB00C2FB9BEFCBF43C1A9130002F392F1B06BF
:205F4A00370F62F35E16BB0068F99B8FB9F43C0E9130002F392F1B06370F62F35E26BB0098
:205F6A0068F99B8FB9F43C02DA003C0109F069083700E700C2104B0041014B0F411009FFF0
:205F8A006B081607921009FF6C081607C21FE2F04B0041F14BF151203C010090913000FFC2
:205FAA00D9FF00069130002F392F1B06370F62F3EE06BB00C2FB9BEFCBF43C1A9130002FEA
:205FCA00392F1B06370F62F35E16BB0068F99B8FB9F43C0E9130002F392F1B06370F62F3CE
:205FEA005E26BB0068F99B8FB9F43C02DA003C0109F068086F001F8009F069083700E700CC
:20600A00C2104B0041014B0F411009FF6B081607921009FF6D081607C21FE2F04B0041F168
:20602A00BBD0CC0C9BC0FC034B0F41F04BF151203C1909F069083700E700C2104B00410125
:20604A004B0F411009FF6B081607921009FF6D081607C21FE2F0532020F04B0F41F14BF1B9
:20606A0051203C010090913000FFD9FF00069130002F392F1B06370F62F3EE06BB00C2FBBA
:20608A009BEFCBF43C1A9130002F392F1B06370F62F35E16BB0068F99B8FB9F43C0E9130D1
:2060AA00002F392F1B06370F62F35E26BB0068F99B8FB9F43C02DA003C0109F05908370026
:2060CA00E700C2104B0041014B0F411009FF5C081607921009FF5B081607C21FE2F04B0014
:2060EA0041F14BF151203C010090913000FF39FF3306370F62F282003E0482103E083C2324
:20610A00BB00C22B9BE2CB243C013C1FDA003E46DA013E47DA02BE413C136DFFA6FF3C1282
:20612A006DFFFCFE913000FF39FF3406AE757B0000F44BF251203C066DFF32FF3C038202DB
:20614A003C013C0382023C013C010090404F82029130002FD92228A6542F370F6EF18FFFA9
:20616A0083113C019130002F192F28A66F1F12008F2120F096019130002F192028A6370019
:20618A0070088F002100A60F9130002F592F28A68F2120F096029130002F192028A637004C
:2061AA0070088F002100A60F9130002F592F28A63C019130002F192F28A61601DF1FFB7FE0
:2061CA003B0000013C05C2F04E0382123C089130002F392F3306370FE1F3EEF69130002FDE
:2061EA00192F30068200370F02FE8210370F01FF9130002F592F30063B0000013C05C2F09A
:20620A004E0382123C089130002F392F3306370FE1F3EEF6DABC9130002F592FB406913033
:20622A00002F192FA0563B20FE0F260F9130002F592FA0569130002F192FA4563B20FE0F42
:20624A00260F9130002F592FA4569130002F192FA8563B20FE0F260F9130002F592FA85644
:20626A00DA009130002F592FB4069130002F392F1A06B70F01F09130002FE92F1A069130F0
:20628A00002F392F2A06B70F01F09130002FE92F2A063B0000F33C05C2FF4EF382123C0DF0
:2062AA009130002F392014066F10F87F9130002F392024066F10F27F084F1E13084FDE2833
:2062CA009130002F192F10068200370F82F254F03B90D03306634B3011428B141F003700EC
:2062EA006800370F05F89130002F592F10069130002F19201806086F37F0030C087F37F0B9
:20630A008704084F37F0020F9130002F592018069130002F1920280608EF37F0010008AFA5
:20632A0037F0030C08BF37F087049130002F592028069130002F392F1A0696019130002F0E
:20634A00E92F1A069130002F392F2A0696019130002FE92F2A063B0000F33C05C2FF4EF333
:20636A0082123C119130002F392014063700E100DF10F67F9130002F392024063700E100C8
:20638A00DF10EE7F3B0000063C05C2F04E0382123C169130002F392F1406370FE1F26EF63D
:2063AA009130002F392F2406370FE1F26EEF9130002F392F2406370F61F26EE89130002F7A
:2063CA0039201C06088F37F003F09130002FE92F1C069130002F19202C0608CF37F0030001
:2063EA0008DF37F003049130002F59202C063B0000063C05C2F04E0382123C169130002F88
:20640A00392F1406370FE1F26EF69130002F392F2406370FE1F26EEF9130002F392F2406F9
:20642A00370F61F26EE83BF0490206503C05C2F04E0382123C0C9130002F392F1006AE1744
:20644A009130002F392F11066F0FF37F9130002F392F1A0696049130002FE92F1A069130D8
:20646A00002F392F2A0696049130002FE92F2A063B0000F33C05C2FF4EF382123C0D91306A
:20648A00002F392014066F20F87F9130002F392024066F20F27FDABC9130002F592FB4060F
:2064AA00DA059130002F592FA006DA1D9130002F592FA076DA009130002F592FB406913083
:2064CA00002F19203006DA0137F0020EDA0137F0010F3B0000313C05C2F34E3382123C0835
:2064EA009130002F392F3306370FE1F3EEF69130002F592030063B0000013C05C2F04E03E4
:20650A0082123C089130002F392F3306370FE1F3EEF69130002F192F28A66F1F12008F21B4
:20652A0020F096019130002F192028A6370070088F002100A60F9130002F592F28A68621B2
:20654A008F3140F19130002F192028A6370070088F002100A60F9130002F592F28A63C01B2
:20656A009130002F192F28A66F0FFC7F022F3C01EE0509F498196D008502DF0FCF8149F296
:20658A001C0A82029130004FD94428A6544F370F6EF18FFF83113C019130004F194F28A65F
:2065AA006F1F12008F2120F096019130004F194028A6370070088F002100A60F9130004F7F
:2065CA00594F28A68F2120F096029130004F194028A6370070088F002100A60F9130004F88
:2065EA00594F28A63C019130004F194F28A61601DF1FFB7F9130004F19403006488F82F31E
:20660A00C63F26F0488F5423263FA6F03B0000313C05C2F34E3382123C089130002F392FF9
:20662A003306370FE1F3EEF69130002F592030063B0000013C05C2F04E0382123C08913061
:20664A00002F392F3306370FE1F3EEF69130002F19203406370062F2EE07370062FAEE04FA
:20666A00370062FE6E369130002F1920340648AF82F3C63F26F048AF4893263FA6F0DA0044
:20668A0037F00202DA0037F0020ADA0037F0020E3B0000313C05C2F34E3382123C0891302B
:2066AA00002F392F3706370FE1F3EEF69130002F592034063B0000013C05C2F04E03821247
:2066CA003C089130002F392F3706370FE1F3EEF69130002F1920340648AF82F3C63F26F0EF
:2066EA0048AF4893263FA6F03B0000313C05C2F34E3382123C089130002F392F3706370F2D
:20670A00E1F3EEF69130002F592034063B0000013C05C2F04E0382123C089130002F392F64
:20672A003706370FE1F3EEF69130002F192F0016370F62F66E309130002F1920001648CF34
:20674A0082F3C63F26F048CF48B3263FA6F0DA0037F002063B0000313C05C2F34E33821212
:20676A003C089130002F392F0316370FE1F3EEF69130002F592000163B0000013C05C2F0AE
:20678A004E0382123C089130002F392F0316370FE1F3EEF69130002F1920001648CF82F38C
:2067AA00C63F26F048CF48B3263FA6F03B0000313C05C2F34E3382123C089130002F392F94
:2067CA000316370FE1F3EEF69130002F592000163B0000013C05C2F04E0382123C08913000
:2067EA00002F392F0316370FE1F3EEF69130002F19200C1648EF82F3C63F26F048EF48D37D
:20680A00263FA6F0DA0137F0010F3B0000313C05C2F34E3382123C089130002F392F0F1629
:20682A00370FE1F3EEF69130002F59200C163B0000013C05C2F04E0382123C089130002F7D
:20684A00392F0F16370FE1F3EEF69130002F1920002609FF001982F3C63F26F009F300198E
:20686A0048FF26F3A6309130002F592000269130002F192F042609F0081982F3C630260F2D
:20688A0009F0081909F304192630A60F9130002F592F04269130002F192F082609F0101986
:2068AA0082F3C630260F09F0101909F30C192630A60F9130002F592F08269130002F192F02
:2068CA0028A66F1F12008F2120F096019130002F192028A6370070088F002100A60F91301D
:2068EA00002F592F28A686218F3140F19130002F192028A6370070088F002100A60F9130A5
:20690A00002F592F28A63C019130002F192F28A66F0FFC7F022F3C01DF0FB18049FC140ABC
:20692A0082089130002FD92228A6542F370F6EF18FFF83A13C0182091D009C009130002FBF
:20694A00192F28A66F1F12008F2A20F096019130002F192028A6370070088F002100A60F0C
:20696A009130002F592F28A68F2A20F096029130002F192028A6370070088F002100A60F5B
:20698A009130002F592F28A63C019130002F192F28A61601DF1FFB7F3B0000063C05C2F0A1
:2069AA004E0382183C089130002F392F1406370FE1F26EF69130002F39201C06536920F078
:2069CA00C8621022142F37F003F09130002FE92F1C069130002F192F28A66F1F12008F2A6B
:2069EA0020F096019130002F192028A6370070088F002100A60F9130002F592F28A68F2ADC
:206A0A0020F096039130002F192028A6370070088F002100A60F9130002F592F28A63C0135
:206A2A009130002F192F28A66F0FFC7F536920F0C8621022092B020982046DFF58FB9130E0
:206A4A00002F392F3006160F4B0F41F14BF251F03C014BBF41F04B0F71F185F110013C0138
:206A6A0085F01001A2103FF0FDFFC2193709689014CF3FF965FF028F3C0102F23C01009088
:206A8A002008144F09444108DF1F298049A4000A6DFFB9F96D002B03022F02F46D003B02A3
:206AAA00913000FF19F1200609A0C408BB00402FA62037011010913000FF59F1200691302E
:206ACA0000FF19F01806821137100101913000FF59F0180602F46D003D0300900248820282
:206AEA00913000FFD9FF340654F9370962F282103E0482203E063C0B82146DFFF8FA3C08A0
:206B0A00BB0068299B82B9243C013C023C014B8251F04B8251004B0031014B0041016B00CC
:206B2A0031FF7B00F0034B0F01F0AE264B8251F04B0F31F13C064B8251F04B0F31F1C21F57
:206B4A008B1F60F3BF7F0680FFEF04802E02C2FF3BE000007E02DA0C6D00C902022802849E
:206B6A006D00D901370F68F037F904903C01913000FF39FF3706370FE1F3EEFA913000FF2E
:206B8A0059F9340602846D00E5023C01913000FF39FF3706370FE1F3EEFA6DFF96F93C01D9
:206BAA000090913000FF19FF2416370FE6F38BFF03F237F20820DA0537F20824DAFF37F204
:206BCA000828DA0037F31030913000FF19F11016913000FF19F01816370168F02E0D37004E
:206BEA0062F037F20824DA0037F20828DA0037F310301D00B900370168F02E1D370062F132
:206C0A0037F20824DA0137F20828DA0037F310301D00AA00370168F02E3D370062F337F226
:206C2A000824DA0337F20828DA0037F310301D009B00370168F06F4F1300370062F437F2D5
:206C4A000824DA0437F20828913000FFB9FF2616370F70F037F310301D008600370168F0D0
:206C6A002E5C370062F537F20824DA0537F20828DA0037F310303C77370168F02E6C37000D
:206C8A0062F637F20824DA0637F20828DA0037F310303C69370168F02E7C370062F737F228
:206CAA000824DA0737F20828DA0037F310303C5B370168F82E2BDA0137F20824DA1237F253
:206CCA000828DA0037F310303C4E370168F82E3BDA0437F20824DA1337F20828DA0037F32E
:206CEA0010303C41370168F82E4BDA0237F20824DA1437F20828DA0037F310303C34370158
:206D0A0068F82E7BDA0037F20824DA1737F20828DA0037F310303C27370168FC2E0BDA0091
:206D2A0037F20824DA1837F20828DA0037F310303C1A370168FC2E1BDA0037F20824DA1908
:206D4A0037F20828DA0037F310303C0D370168FC2E4ADA0037F20824DA1C37F20828DA00D7
:206D6A0037F31030370168F82E0D370268F46E07DA0337F20824DA1037F20828DA0037F349
:206D8A0010303C0100900B4510886D00B001913000FF19F028A66F1012008F2220F0960156
:206DAA00913000FF19F028A6370070088F002100A60F913000FF59FF28A686228F2240F1AE
:206DCA00913000FF19F028A6370070088F002100A60F913000FF59FF28A63C01913000FF1B
:206DEA0019FF28A61601DF1FFB7FDF180D80913000FF39FF1916B71F02F0913000FFE9FFF9
:206E0A0019163C0B913000FF39FF1916B72F02F0913000FFE9FF19164DC0E1FF16073C01D5
:206E2A0053CF20F060FF9130003F30F3D93F0C9654FF370F6EF18FFF83013C014DC0E1FFA6
:206E4A0016073C0153CF20F060FF9130003F30F3D93F0C9654FF2E1B8F2020F0960154F129
:206E6A00370170188F012110A61F74FF86208F2040F154F0370070088F002100A60F74FFFE
:206E8A003C0154FF1601DF1FFE7F913000FFB9FF2616379F10F0913000FFF9FF2616913087
:206EAA0000FF39FF20169602913000FFE9FF2016DA003C02C21F3B905F0106403F0FFCFF32
:206ECA0000904DC0E1FF16073C0153CF20F060FF9130003F30F3D93F0C9654FF2E1B8F2414
:206EEA0020F0960154F0370070088F002100A60F74FF86248F2440F154F0370070088F0006
:206F0A002100A60F74FF3C0154FF1601DF1FFE7F0090913000FF19FF28A66F1F12008F2473
:206F2A0020F09601913000FF19F028A6370070088F002100A60F913000FF59FF28A6862465
:206F4A008F2440F1913000FF19F028A6370070088F002100A60F913000FF59FF28A63C0175
:206F6A00913000FF19FF28A61601DF1FFB7F00904DC0E1FF16073C01913000FFD9FF0C96C1
:206F8A0053CF20F010FF54FF2E1B8F2420F0960154F0370070088F002100A60F74FF8F2432
:206FAA0020F0960254F0370070088F002100A60F74FF3C0154FF1601DF1FFE7F084F96083D
:206FCA002CF454FF2E1B8F2420F0960154F0370070088F002100A60F74FF86248F3440F128
:206FEA0054F0370070088F002100A60F74FF3C0154FF6F0FFF7F0090913000FF19FF28A6FA
:20700A006F1F12008F2420F09601913000FF19F028A6370070088F002100A60F913000FF01
:20702A0059FF28A68F2420F09602913000FF19F028A6370070088F002100A60F913000FF5A
:20704A0059FF28A63C01913000FF19FF28A61601DF1FFB7F913000FF39FF2CA69608913065
:20706A0000FFE9FF2CA6913000FF19FF28A66F1F12008F2420F09601913000FF19F028A616
:20708A00370070088F002100A60F913000FF59FF28A686248F3440F1913000FF19F028A6B7
:2070AA00370070088F002100A60F913000FF59FF28A63C01913000FF19FF28A66F0FFC7FF0
:2070CA0000904DC0E1FF16073C0153CF20F060FF9130003F30F3D93F0C9654FF370F6EF169
:2070EA008FFF83213C013C010090913000FFD9FF28A654FF370F6EF18FFF83213C013C0140
:20710A0000904DC0E1FF16073C0153CF20F060FF9130003F30F3D93F0C9654FF2E1B8F24D1
:20712A0020F0960154F0370070088F002100A60F74FF86248F3440F154F0370070088F00B3
:20714A002100A60F74FF3C0154FF6F0FFF7F0090913000FF19FF28A66F1F12008F2420F0B7
:20716A009601913000FF19F028A6370070088F002100A60F913000FF59FF28A686248F3470
:20718A0040F1913000FF19F028A6370070088F002100A60F913000FF59FF28A63C01913025
:2071AA0000FF19FF28A66F0FFC7F0090F647094F40189601894F00183C08DF140780094FCD
:2071CA0040189604894F00180090F647094F7C089601894F3C083C08DF140780094F7C08CD
:2071EA009610894F3C08009082F282003C17538020F0911000F8D9FF981310FFD4FF7D4F3D
:20720A000D80538020F0911000F8D9FF981310FF481F370F48203C04C210BF30EAFF3C018D
:20722A000090404C405F09C0380909C13C0914FFEE0C083F37F00500082F37F00504081F62
:20724A0037F1011182183C0F14FF5E1C083F37F00508082F37F0050C081F37F10113821891
:20726A003C02820889C13C0989C0380940C46DFFBDFF09FFC8086E26081FEE099140002F6D
:20728A00D92200C8538220F010223C099140002FD92200C8538220F01022B04208A009FF49
:2072AA00C8081421370F68F037F108F0342F0C21370F83F12C210C2396022C230C2196048D
:2072CA002C2108204CC4820302F209C52C098204A642A6533C013250CE0E3B00FEFF3FF03A
:2072EA0007008B000200172380303C0CA2F00F0300303C08DA207FF005000F0200303C02B9
:20730A0082033C0114FF534F20F010C28923300914F440C46DFF4CFF14F440C46DFF57FF94
:20732A0008204CC4820302F209C52C098204A642A6533C013250CE0E3B00FEFF3FF007001F
:20734A008B000200172380003C0CA2F00F0300003C08DA207FF005000F0200003C0282006D
:20736A003C0114FF534F20F010C2481F42F08920300902823C01009091100048D9446CA34E
:20738A0082129130002F192F34A6370F6EF18FFF83313C019150022F392F2C081601DF1F56
:2073AA007080094584093C648F2320F07BC0FF0FA60F9130002F592F34A63C019130002F19
:2073CA00192F34A6370FE1F0DF1FFA7FCC513C0DD4F25420482F82F1C61F26F0481FA6F071
:2073EA00D4F2742049FF0C0A80F0145F53CF20104C5142F13F10EEFF9150022F392F0B48BD
:20740A0096409150022FE92F0B488F2320F07BC0FF0FA60F96029130002F592F34A63C0128
:20742A00913000FF19FF34A66F1FFC7F4C52BB00520C9BB0BF044B0F41F04B0F71F185F105
:20744A0010013C0185F01001A2103FF0FDFF3B0010F0C2FF4EF382023C09915002FF39F060
:20746A000B4837006103DF10F67F49550C0A8050144F53CF20104C4142F13F1097FF022FA1
:20748A003C01EE01DC0B009091100028D92274A38210915002FF39FF2C081601DE1C8202EF
:2074AA003C0DCC2153C220F010FFD4F45441482F26F1481F3E128200C212142F3FF2F37F7A
:2074CA00DF100A80915002FF39FF2E08370FE1F21E1282003C01F601DC0B0090544F2E1B77
:2074EA008F2400F096015440370070088F000100A60F744F06248F2440F1544037007008AC
:20750A008F000100A60F744F544F0090913000FF19FF28A66F1F12008F2400F096019130E5
:20752A0000FF19F028A6370070088F000100A60F913000FF59FF28A606248F2440F19130C2
:20754A0000FF19F028A6370070088F000100A60F913000FF59FF28A6913000FF19FF28A6CB
:20756A00009002484DC0E1FF16078B5F20F33C0153CF20F060FF9130003F30F3D93F0C9675
:20758A0040F402846DFFACFF084F96082CF440F402846D0047000090024802846DFFB8FF0A
:2075AA00913000FF39FF2CA69608913000FFE9FF2CA602846D004E0000906D0018016D001B
:2075CA00440E009002484DC0E1FF16078B5F20F33C0153CF20F060FF9130003F30F3D93F65
:2075EA000C9640F402846DFF7BFF084FB70F81F12CF440F402846D0015000090024F02F47D
:20760A006DFF86FF913000FF39F02CA6B7008101913000FFE9F02CA602F46D001B00009002
:20762A00544F2E1B8F2400F096015440370070088F000100A60F744F06248F3440F154401D
:20764A00370070088F000100A60F744F544F0090913000FF19FF28A66F1F12008F2400F04D
:20766A009601913000FF19F028A6370070088F000100A60F913000FF59FF28A606248F340B
:20768A0040F1913000FF19F028A6370070088F000100A60F913000FF59FF28A6913000FF7E
:2076AA0019FF28A600908B0420F28B0500F5EE0A7B0008008203B700892B8F7301F0A6F22E
:2076CA00009082029B02F02FBBF0FF3F9BF3FF3F0F2480000F358010BA008B0100F4EE4C20
:2076EA003B7001800B451068BB00FF1F9BF1FF1F8F0400012651BA008B0100F4EE21820132
:20770A009BF1FF1F8F0400012651BA008B0100F4EE098F751E107745804302153B000380F3
:20772A003C0F8F351F107745804902153B4002803C078FF51F107745804F0215C2180F24C3
:20774A0080000F3580108B0020F28B0100F5EEF202490B6710A8D2148B881E606DFF0CC6A3
:20776A000F2A80000F3B8010BA008B0100F4EE2B3B0008703C293B600930BB00000F9BF0D8
:20778A000F0026408F0500118B0020F28B0100F5EE073BA00830774500568FC40040820078
:2077AA009B00080082013C05C2F37745805006140B0430F10B1500F20B15A0F2EEF60240E3
:2077CA001DFF7BFF82078BF29F008BF3BF1026A026B1BA008B0100F4EE038F0744718BF881
:2077EA000760820402951D00F81F91100048D944EC131D0002008208404F8209820A820BE6
:20780A00C81CC82D483C09FF1001DF1F238080CF160180D08F100001FE046E04C2FC04DFDC
:20782A0024CF76CF8F3C00018FEC1FF06E0902F140D2C2F16014442164C1FC4E90DD020CBE
:20784A00DF0CE07FC2FC60C204DF24CFFC2E3CD9DE2580CF2E03C2FC24C9DF0CD37F8F3CA9
:20786A0000F106EC76C5C2FC60C264CAFC2F6EC9C2FF60F224CBFC2F3CC48F0F1F00DF00A7
:20788A002E008F3F0001DF102B8080CF8F3F00D180DF1603FEDB76DB02D440C440D56D005B
:2078AA00540001CD00C601DD00D6A2DC76CF8F3C00018FEC1FF06E0902F140D2C2F1601466
:2078CA00442164C1FC4E90DD020CDF0C9B7F02C440C440D56D0039003C9400901603DF2F3E
:2078EA0091FF80CF16036E0702F440C46D00160010CCA2FCDF0C867F8F3C004106EC76C5F1
:20790A00C2FC60C264C8FC2FDF047C7F40C46D0005001DFF77FF00903BF00F00804F16038E
:20792A00063F0FF0100082FFC6F0C2F4604F804FB70F02F060F2B014542F260F742F7700DE
:20794A000004FCF60090804F16033BF00F008F3F00100F10100082F1C610C2F4604F8041F9
:20796A00B7010220095101008F3F0030B0140F3110106022C21F542216032602A61274223E
:20798A0077000004FDF0ED7F0090910000F7D9FF0414D4F291400057D95580880124004672
:2079AA00015420F4EE0891400057D9554089014530F4EE0482FF60F20090F4F40090910077
:2079CA0000F7D9FF001414FF3B0002007E038212009091100027D922A40C90228202F42404
:2079EA00C21F34FF009091100048D944B0136DFFF2F1009091100048D94488236DFFEBF138
:207A0A00009091100048D944A0236DFFE4F100908FF40FF18F8F01F0BB00F00F26408F8071
:207A2A000000A60F7BF00F0026400680A60FB70418008F801E20A6F23C0100908FF40FF164
:207A4A008F8F2020BB00F0FF26F48684A6423C010090404C405D3BA000203BA000303BA031
:207A6A0000503BA00060820782088209820A3C7E538A21F091100027D922A82C10220920AD
:207A8A005408DA0A7E54F60302A53C6FDF006E00DF100400FF200280BD0C1A0054C1538AC9
:207AAA0021F0911000F7D9FFA82C10FF481F7E1FBCDB538A21F0911000F7D9FFA82C10FF7C
:207ACA00C82F7DFD058002A21D00A700DF103780538A21F0911000F7D9FFA82C10FF54FF04
:207AEA006E17538A21F0911000F7D9FFA82C10FF09FFD2083F7F0C8002A6538A21F0911053
:207B0A0000F7D9FFA82C10FF09F7D2083C16538A21F0911000F7D9FFA82C10FF09FFD2085A
:207B2A003F8F0C8002A2538A21F0911000F7D9FFA82C10FF09F8D2083C18BF201780538A7A
:207B4A0021F0911000F7D9FFA82C10FF09FFD2083F9F0C8002A3538A21F0911000F7D9FF68
:207B6A00A82C10FF09F9D208C21ADA0A3FFA827F6F140680DA0A7E556F04048082F23C4C8F
:207B8A00DA0A7FF5040002583C1FDA0A7FF30D000238538321F0911000F7D9FFA82C10FFF3
:207BAA0054FF6E013C0DDA0A7FF2040002283C08DA0A7FF6040002683C0382F23C2D3C01C9
:207BCA0002846D002B003C01538821F0911000F7D9FFA82C10FF09FF54086E01BCCA5388CD
:207BEA0021F0911000F7D9FFA82C10FF54CF6CF1538821F0911000F7D9FFA82C10FFDA007E
:207C0A00ACF9538821F0911000F7D9FFA82C10FFE82D02823C0100900248538821F0911039
:207C2A0000F7D9FFA82C10FF54FF6E14538821F0911000F7D9FFA82C10FFD4F46D00771CAC
:207C4A00538821F0911000F7D9FFA82C10FFA002F4F2538821F0911000F7D9FFA82C10FF14
:207C6A00DA0089FF140800902018404C405D7CD31D00990009CE840909EFC0083B00100017
:207C8A007E090CE45E670CE55E4509E0C208DA08BE0E91200027D922F8CD91200047D944FC
:207CAA00F8CD094FE808C21F892FA808912000F7D9FFF8CD91200027D922F8CD092FDE0869
:207CCA00C21FACFF40C46D00321C3C6C912000F7D9FFF8CD91200027D922F8CD092FDA08B0
:207CEA00C21FACFD49A40C0A49E50E0A82446D00631749A4100A49E5180A82446D005C17FD
:207D0A004CD1EE04820882093C0B580409D004090B0F008109A00C094CD10BF000917683B1
:207D2A0082143C02822449A50C0A49E6080A40D46D00960309E0C6083B0010F03E053B00F0
:207D4A0020F0BE0E3C1EDF081800DF09168040DFB04FF4AF49EF080AF80149AF0C0AF8025A
:207D6A0049D5260A49E6080A49D7260A822440D46D005B023C044CD1EE023C013C103C0F75
:207D8A00912000F7D9FFF8CD91200027D922F8CD092FEC08C21F89FFAC083C0140C46D0005
:207DAA00C61B00902008404C405D406E7CC17CD17CE154E440C46D00120A762791100078E7
:207DCA00D977B0231D00A70054EF16F03B000E00FE02DA0134AFDA002CA1DA5E2CA20CE1C8
:207DEA00167F2CA30CE22CA40CE32CA549A7000A1D00910054E04CC226F04CC109C10809AF
:207E0A00261F3E0F54EFB70F10F8BB90EA0F3E094CC36E0449CE0C0A3C0482C21D00840057
:207E2A0091100027D922986C142F538F21F0911000F7D9FFA82C10FF09FF5408BF2F3780DF
:207E4A00911000F7D9FF986C14FF538F21F0911000F7D9FFA82C10FFC82F7DCF288054E02C
:207E6A00911000F7D9FF986C14FF538F21F0911000F7D9FFA82C10FF481FFE08912000F716
:207E8A00D9FFF8CD91200027D922F8CD092FEE08C21F89FFAE08911000F7D9FF986C14F4DA
:207EAA0040C440D56D0041003C3E82043C2B538421F0911000F7D9FFA82C10FF09FF5408EB
:207ECA00BF2F2080538421F0911000F7D9FFA82C10FFC82F7DCF168054E0538421F0911039
:207EEA0000F7D9FFA82C10FF481F7E0B911000F7D9FF986C34F440C440D56D0016003C134F
:207F0A00C214BFA4D6FF40C440E540D66D0089003C0A49C6260A3B00804040C440D56D000E
:207F2A00B8033C010090404C405D0248538821F0911000F7D9FFA82C10FF09FF5408FF2F6B
:207F4A000280538821F0911000F7D9FFA82C10FF09FF5408DF2F5280538821F0911000F78E
:207F6A00D9FFA82C10FF09FFD2083BD011003F0F1900538821F0911000F7D9FFA82C10F5A2
:207F8A00B04540C46D00C001F62B538821F0911000F7D9FFA82C10FFDA0389FF14083C2D66
:207FAA00538821F0911000F7D9FFA82C10FF09FFD2083BE010003F0F2100538821F091106F
:207FCA0000F7D9FFA82C10F5B045538821F0911000F7D9FFA82C10FF49F60C0A40C46D00F5
:207FEA009B01F62B538821F0911000F7D9FFA82C10FFDA0389FF140849C6260A538821F0CF
:20800A00911000F7D9FFA82C10FF49F70C0A3B00804040C440D56D003C033C0100902008F8
:20802A00404C405D406E49C2260AF4A282F8820954D440C46D00D308F62954DF8F0F0F0115
:20804A00DAE03E04BCD354DFEE053B00FF2F1D00EB00821440D440C56DFFFDFC022AFF0AAB
:20806A001400BCEE912000F7D9FFF8CD91200027D922F8CD092FE408C21F89FFA408370AE1
:20808A0048201D00D1003C01538A21F0911000F7D9FFA82C10FF09FF5408EE148219538A24
:2080AA0021F0911000F7D9FFA82C10FFDA0189FF1408538A21F0911000F7D9FFA82C10FF92
:2080CA00E82C538A21F0911000F7D9FFA82C10FF09FF54081E1C538A21F0911000F7D9FF45
:2080EA00A82C10FF09FF5408FF2F0280F693BD0E208040C440D56D000701022876823C158A
:20810A00538A21F0911000F7D9FFA82C10FF09FF54085E1BF69A538A21F0911000F7D9FF49
:20812A00A82C10FFDA00ACF97CE302823C7C7CE1538A21F0911000F7D9FFA82C10FF09FF92
:20814A005408BF2F1980911000F7D9FF986C34FA538A21F0911000F7D9FFA82C10FF49F70F
:20816A000C0A3B00804040C440E5D4A66D00910202283C57538A21F0911000F7D9FFA82C52
:20818A0010FF09FF5408DF1F4D80820040EF3C0D09F1CA0809FFC8087E1354FF6E0108CFCF
:2081AA002E6382103C04D4FFBD0FF4FF760A3B0001403B00285040E46D00F618402E3C04C4
:2081CA0040E46D00431ABD0E1F00538A21F0911000F7D9FFA82C10FF54FF6E0B538A21F0C2
:2081EA00911000F7D9FFA82C10FFD4F46D009F19538A21F0911000F7D9FFA82C10FFF4FE02
:20820A0082083C0F912000F7D9FFF8CD91200027D922F8CD092FE408C21F89FFA40882F8EF
:20822A0002823C0100902008404C89A58409F4A6407D024882097CC13B0001403BC0015043
:20824A003B0028606D00BA17402EBD0E1180912000F7D9FFF8CD91200027D922F8CD092F34
:20826A00E408C21F89FFA40882F23C4C09E0CA08DA1C7FF00280CCE102846DFFE1FBA83200
:20828A0009CF6C081E6149F4080A826440D56D00931449F4120A826409A58C096D008C141C
:2082AA0049F40E0A824409A588096D00851449F4180A824409A590096D007E143B0010F0AE
:2082CA00B4FFDA08ACF1DA062CF4DA042CF53B60804040C440E509A68409D4A76D00D901E1
:2082EA00912000F7D9FFF8CD91200027D922F8CD092FD808C21FACFC40E46D0018190292A0
:20830A003C01009091100068D966B0236D0004003C0100902010404FB04FF4AF911000F833
:20832A00D9FFB823F80189A588094945260A4947260A82146DFF79FF3C01009082081D005C
:20834A008B00538821F0911000F7D9FFA82C10FF09FF54086E7F538821F0911000F7D9FF9C
:20836A00A82C10FF538821F091100027D922A82C1022092FD208C21FACF9538821F0911036
:20838A0000F7D9FFA82C10FF09FFD2083BC012007F0F1780538821F0911000F7D9FFA82CDD
:2083AA0010FF09FF5408DE10538821F0911000F7D9FFA82C10FF09FFD208BF5F0680028407
:2083CA006DFF2CFC3C47538821F0911000F7D9FFA82C10FF09FF54085E3C538821F09110B2
:2083EA0000F7D9FFA82C10FFDA0489FF14083C32538821F0911000F7D9FFA82C10FF09FF8A
:20840A0054085E4C538821F0911000F7D9FFA82C10FFDA0289FF14083C1D538821F09110A7
:20842A0000F7D9FFA82C10FF09FF5408DE13538821F0911000F7D9FFA82C10FFC824538825
:20844A0021F0911000F7D9FFA82C10F5B0456DFF5BFFC218DA0A3FF8767F0090404D405C5A
:20846A00406E024809DF6C081E61BCCD54CF6E0B54C440D46D00B306F62654CF16F03B0028
:20848A000E007E043B00FF2F3C5B40C4028440D56DFFE1FA0228CE84370848203C515388D1
:2084AA0021F091100027D922A82C102FDA0289FF1408538821F0911000F7D9FFA82C10FF0C
:2084CA00E82D538821F0911000F7D9FFA82C10FF49F40C0A826440E56D006E13538821F006
:2084EA00911000F7D9FFA82C10FFDA00ACF9538821F0911000F7D9FFA82C10FF54FF6E1E82
:20850A00538821F0911000F7D9FFA82C10FFD4FC538821F0911000F7D9FFA82C10FFA00261
:20852A00F4F249D6260A3B00804040D440C540E76D00AF0040C46D00FA1782023C010090D2
:20854A00404F405C3B00018009F0CA08DA103F0F1C0091200027D922F8CD91200047D9445E
:20856A00F8CD094FE808C21F892FA80891200027D922F8CD91200047D944F8CD094FDE08EB
:20858A00C21FAC2F3C7FC8140949CE0808FFEE0509C070089A102CFF0C426F0F1A000C4212
:2085AA005E1B0C43EE0809404408DA5E7E0408DF96102CFD3C0DB02491100058D955B023D7
:2085CA0082646D00EC12F62408DF96082CFDDA083E953B8060F0BE913C3909CF6D08AE32C7
:2085EA003C5140F402846D00381876223C4B40F440C56D00E2023C4409CF6D08AE323C4299
:20860A0040F402846D002918DF021C0091200027D922F8CD91200047D944F8CD094FE20837
:20862A00C21F892FA20891200027D922F8CD91200047D944F8CD094FDE08C21FAC2F3C2223
:20864A0040F440C56DFF12FB3C1B91200027D922F8CD91200047D944F8CD094FE808C21F6C
:20866A00892FA80891200027D922F8CD91200047D944F8CD094FDE08C21FAC2F3C03820259
:20868A003C0640F46D00531782023C0100902008404D405EF4A6407C6DFFD2F9022F3B00E6
:2086AA00014040E46D00511576223C18CCE1ACF740F4B024826440C56D007E1249F4080AFD
:2086CA008264D4A56D00781209DF6C081E61CCD640D440E52D0F00003C0F912000F7D9FF7D
:2086EA00F8CD91200027D922F8CD092FCA08C21FACF582E23C010090BD043100B0C4404C64
:20870A0054CF911000D7B70F0180D9DDA42CD4DF74C801C800E654EF6E04AE0342F83CF974
:20872A0054F001F000267DC20580420874F840FCEE1082046DFF2BF9B04E7DE20A80325899
:20874A0002846DFF24F9802F1EF3DA0074CFD4DF80CF80F00B0F90F174DF00900245823436
:20876A006D00510100902008404CF4A591200027D922F8CD91200047D944F8CD094FCA18A7
:20878A00C21F892F8A18911000F7D9FF9C6CC82D14DF160F534F2080DA147FF804801D00C7
:2087AA000F0109C0CA08FF4004801D000901CCC114FF82003E063B8000003E051D00C500D4
:2087CA001D00FA00911000F7D9FF9C6C49FE120A911000F7D9FF9C6C09FF12098F0F0F0154
:2087EA00DAE07E031D00FD00911000F7D9FF9C6C09F41209911000F7D9FF9C6CD4F46D00DD
:20880A00EE0476231D00ED0009CFC808FF8F04801D00D60040C46D004901DF02140040C458
:20882A006D008516912000F7D9FFF8CD91200027D922F8CD092FD018C21F89FF90181D00FB
:20884A00E1008B08014040C46D007F14DF02400009CFC808428F370F705009CFC8087FF599
:20886A0004801D00BE003B0001403B0028606D00A514402F7CF31D00B40009FFCA088B888E
:20888A0000007F0F078040F46D0051161D00A900C81440D502846D008F1140F402846D0040
:2088AA00DC16762640F46D0042161D009A0040F440C56D008B15762640F46D0038161D0082
:2088CA00900040C46D00331640FC3C098B08014040C46D00C21676231D00830009CD84090A
:2088EA0040C402846D00311476223C2DCCC154EF6CF391100027D9229C6C092F0E096CF488
:20890A00DA0034DFDA002CCFDA00ACD1DAFF2CF8DA00ACF5912000F7D9FFF8CD912000279F
:20892A00D922F8CD092FC818C21F89FF8818A0063BF00F408205821640C440E5D4A76D00FC
:20894A004C0376213C385E323C1C3BB000007E023C183BC000007E023C145E423C125E52A3
:20896A003C103BD000007E023C0C3BE000007E023C083B1001007E023C043B2001007E0108
:20898A00912000F7D9FFF8CD91200027D922F8CD092FD818C21F89FF9818912000F7D9FF2F
:2089AA00F8CD91200027D922F8CD092FCE18C21F89FF8E1840C46D00BA153C2340C46D0013
:2089CA00B615912000F7D9FFF8CD91200027D922F8CD092FD218C21F89FF92183C1240C45E
:2089EA006D00A515912000F7D9FFF8CD91200027D922F8CD092FDC18C21F89FF9C183C01E3
:208A0A0000902008404C0248025F3BC0019009C0C8087F90048009C9C8083B4002408B8932
:208A2A000000370070503B0028606D00C713402E7CE23C3A09E0CA088B8900107F100280F9
:208A4A0009CD8409CCE134F82CF1DA006CF13B80005040E440C502946D00FB144CD374AFF4
:208A6A0049A4000A6D005203BD021C00DA00ACF1912000F7D9FFF8CD91200047D944F8CDC2
:208A8A00094FC818C21F89FF8818A00549A6000A3BF00F408205821640E440276D009D02BD
:208AAA0040E46D004415009082088209404F3C24C81409F4CA086D00340042928F021F005E
:208ACA00B70210180B10009009F0CA08DA00670F81FF370061002BF020F06E0D8B08008212
:208AEA008FF90FF18F8F0010BB00F00F269006800F01A090D4FFBD0FDDFF768A8FF90FF17D
:208B0A008F8F0000BB00F0FF26F90689A609B70910F882F0C60F370F70203C0100908201F1
:208B2A008200804F16016E098E4814423721081437017010B014C2F43C060942C0084220C3
:208B4A00B024C2E4FF24FB7F8E4414423721081042108F001F10B700100842018F011F008B
:208B6A00B701101842106E0A8FF00FF18F8F0010BB00F0FF26F00680A610370070203C0194
:208B8A0000902008DA0074AF49AF000A80FF60FF49A2000A7D2F02006D0049416D00050D1D
:208BAA006D00F6106D0043416D0041416D003F416D00553A00902008404C405D91200027B6
:208BCA00D922F8CD91200047D944F8CD094FF208C21F892FB20809CE840914EF86CFDF4F62
:208BEA00220040C46D00A314912000F7D9FFF8CD91200027D922F8CD092FC418C21F89FFC7
:208C0A008418912000F7D9FFF8CD91200027D922F8CD092FF608C21F89FFB60882021D00D3
:208C2A00BC0114EF160F534F209009E4C2086DFF07F7022809CFC8087FF8068040C4028479
:208C4A006D00CA1409CFCA083F9F098009CFC8083F8F0580DA147FF92D80DA147FF90280B8
:208C6A0009CFCA087F9F028009CFC8087F8F028040C46D005C14912000F7D9FFF8CD912091
:208C8A000027D922F8CD092FFA08C21F89FFBA08912000F7D9FFF8CD91200027D922F8CDA1
:208CAA00092FF608C21F89FFB60882021D00750191100027D9229C6C4CE4892F12099110C7
:208CCA0000F7D9FF9C6C4CE389FF0E09911000F7D9FF9C6C09FF120916F03B000E007E0F6E
:208CEA0009DF6D082E03DA013C02DA006E054CD16E03F4AD3C03A00FF4AF3C2640D46D00D3
:208D0A004D017623F4AD3C20A00FF4AF911000F7D9FF9C6C09FF120916FF3BF00700BE046F
:208D2A00912000F7D9FFE8CDD4FFF4AF3C0B7DDF03803C06D4A46D00310176223C05D4FF53
:208D4A00F4AFBD0FF6FF911000F7D9FF9C6C09F40E0940D46D004302F62B911000F7D9FFC2
:208D6A009C6C09FF0E0916F03B000E00FE0440C46D00DD13912000F7D9FFF8CD91200027F3
:208D8A00D922F8CD092FF608C21F89FFB60882021D000301D4AFBD0F1580912000F7D9FFA3
:208DAA00F8CD91200027D922F8CD092FF608C21F89FFB60840C46D00BA1382021D00ED0023
:208DCA0009EFC608BBF0F30F260F6E2140C46D00AE13912000F7D9FFF8CD91200027D92208
:208DEA00F8CD092FC218C21F89FF8218912000F7D9FFF8CD91200027D922F8CD092FF6087C
:208E0A00C21F89FFB60882021D00C700DA147F9F228040C46D008B13912000F7D9FFF8CDB7
:208E2A0091200027D922F8CD092FC218C21F89FF8218912000F7D9FFF8CD91200027D92263
:208E4A00F8CD092FF608C21F89FFB60882021D00A400911000F7D9FF9C6CD4A2F4F291102C
:208E6A0000F7D9FF9C6CE81D911000F7D9FF9C6CE82E911000F7D9FF9C6C14EF160F534F3C
:208E8A0020F0ACF640C440D56D0007140228DF185C0040C402946D00E0130CE98210BE01B8
:208EAA0082603E0A3B1001003E023C1040C440D56D00AD3A3C4940C440D56D008F1E3C4401
:208ECA0040C440D56DFF51FC3C3FDF2803803C38911000F7D9FF9C6C09F41209D4A46D00C8
:208EEA007E01DF021480911000F7D9FF9C6C09FF120916F03B000E003E0940C402946D003C
:208F0A004513822440C46DFF2BFC912000F7D9FFF8CD91200027D922F8CD092FC018C21FE4
:208F2A0089FF8018912000F7D9FFF8CD91200027D922F8CD092FF608C21F89FFB60840C4C9
:208F4A006D00F5123C01911000F7D9FF9C6CA002F4F2911000F7D9FF9C6CA002E8129110A1
:208F6A0000F7D9FF9C6CA002E822911000F7D9FF9C6CDA00ACF6911000F7D9FF9C6CDA001E
:208F8A0089FF0E09911000F7D9FF9C6CDA0089FF120982023C010090094F6D082E03DA0109
:208FAA003C02DA006E164C416E14911000F7D9FF9C6C09F012094C413E0A911000F7D9FF2B
:208FCA009C6C09F412096D000A01762382123C0382023C010090BC66BC53545FEE034075A8
:208FEA00B0456D0004003C0100902008404C405D406E0248025B026989A784090CCE1E115D
:20900A00BD0E55003B4001A03B40014040C46D009C10DF021100912000F7D9FFF8CD912049
:20902A000027D922F8CD092FC418C21F89FF841882E23C6ACCC109C0CA08DA147FF0028015
:20904A002888289954EF6CF48B0A80F2CA3A86EA8F0A44F134FF281B09C4C8086DFFF0F446
:20906A00A812DA00ACF391100027D922B46C0924C0086DFFE5F4A82291100027D922B46CE9
:20908A0091100047D944B46C094FC008C21FB42F7CD891000028D9223800542F6CF33C035C
:2090AA0054DF6CF3DA00ACF53C1A09C0CA08DA147FF01180912000F7D9FFF8CD912000279D
:2090CA00D922F8CD092FC418C21F89FF841882E23C1BCCC1484F74AF49AE000A912000F702
:2090EA00D9FFF8CD91200027D922F8CD092FF008C21F89FFB00809A48409CC4540C540E66A
:20910A002D0F00003C010090912000F7D9FFE8CDD4F23C22092F6D082E03DA013C02DA0012
:20912A006E1A092F6D082E23DA013C02DA006E134C216E1154404C2226F04C21092108097F
:20914A00261F7E023C4A092F6D08AE1554404C237E023C43D422BD02DFFF912000F7D9FF35
:20916A00E4CD54FF6E25912000F7D9FFE4CDD4FF09FF6D082E03DA013C02DA006E19912071
:20918A0000F7D9FFE4CDD4FF09FF6D082E23DA013C02DA006E0D912000F7D9FFE4CDD4FF32
:2091AA00481F6E06544F16FF3BF00700FE00912000F7D9FFF8CD91200027D922F8CD092FCD
:2091CA00FE08C21F89FFBE08A0023C07912000F7D9FFE4CDD4F23C01009082FFC64F6E02A1
:2091EA00F64382123C20094F6D08AE1382023C1B4C417E4382023C174C420FF480004C4110
:20920A0009410809261F7E0D4C4282F0C60F26F44C4282F0C60F82F0260F7E4382123C031A
:20922A0082023C010090A0041D00080091100048D94430891DFFC5F3404591100047D944ED
:20924A00B86C1D001B00910000F7D9FF081454FFEE05DA0174FF1D00030000906DFFE8FF95
:20926A00910000F8D9FF380054FF6E06C4F22D02000054FFEEFC00902008404CF4A53C1633
:20928A00D4A2D4DFBC26C8347D24040040FD3C0FD4F2F4D2D4CEC822C8142D02000040F439
:2092AA006DFF2CFAD4CF7DEF030040CD54DFEEE90090404F820808CFEE16D4F2D422D424B1
:2092CA006DFF2DD96D00760091100027D92284DC542F6E0382123C0AC8246D004B37DA0188
:2092EA002CFC3C02821802823C0100900D000002910000F7D9FF2014910000C7D9CC20143F
:20930A0054CFC21F74FF0D00400200800D000002910000F7D9FF2414910000C7D9CC241421
:20932A0054CFC21F74FF0D0040020080910000F7D9FF1C14D4FFC8246D00EF36911000F764
:20934A00D9FF80DC54FF5AF23B803E004B0F1182F6823C2EDA647F8F0A803B4006809110F0
:20936A0000F7D9FF80DC74F23C0F911000F7D9FF80DC3B803EF091100027D92280DC5420BF
:20938A0003F80AF074FF820A3C116D0070006D006101911000F7D9FF94DC91100027D92233
:2093AA0094DC542FC21F74FFC21A3F8AF0FF00902018911000F7D9FF84DCDA0074FFBB0028
:2093CA008CFA9B1F10F07805BB008CFA9B1FA0F07803BBF0FFFF9BFF0FF078046DFFD3FBC8
:2093EA00911000F7D9FFB4BC91000027D9221C14D422D422D4220921DB080920170989F1EE
:20940A00B80868D0DA0074AF911000F8D9FF268AF801911000F8D9FF4A58F802911000473E
:20942A00D944B4BC49A50C0A49A6100A49A7140A6D002B0D7C28911000F7D9FF84DCDA0186
:20944A0074FF3C1391100047D944B4BC6D00500E91100047D944B4BC6D00690E91100047BF
:20946A00D944B4BC6D004C0E0090911000F7D9FFB4BC09F1C81809FFFC08C21F89FFBC080B
:20948A0009FFFC083B803E003F0F0780DA0089FFBC088F21401109FFFE08C21F89FFBE0884
:2094AA0009F0FE08DAFA3FF00780DA0089FFBE088F41401109FFC018C21F89FF801809FFE7
:2094CA00C0183B401F003F0F0780DA0089FF80188F81401109FFC218C21F89FF821809F002
:2094EA00C218DA643FF00780DA0089FF82188F01411189F188180090DA20911000F7D9FFA2
:20950A008CDC91100027D9228CDC5420C21074F091100047D944B4BC6D00A506762C911034
:20952A0000F7D9FF90DC91100027D92290DC5420C21074F06E04C2FF370F68F07622EEE9CD
:20954A00762DEE0C911000F7D9FF88DC91100027D92288DC542FC21F74FF0090911000F76A
:20956A00D9FFB4BC6DFFE4FE4DC0E2FF370FE1F78B0F20F23C010D00400300003C0109F8C8
:20958A00C818820089F088186E030D0000036F280B00911000F7D9FFB4BC09FF6D082E2375
:2095AA006D006C146F380B00911000F7D9FFB4BC09FF6D082E236D0007186F180B00911095
:2095CA0000F7D9FFB4BC09FF6D082E236DFFB8F66F483F00912000FF19F0383D370068F89F
:2095EA00AE3891100047D944B4BC6D00890D3C30911000F7D9FFB4BCC882370061F85E1867
:20960A00D42F8211081F371F81F22CF13C07D42F8201081F371F81F22CF13700E2F8EE06C2
:20962A00D42482046DFFA4D73C0D3700E2F85E16D42482146DFF9CD73C05D42482246DFF35
:20964A0097D791100047D944B4BC6D00590D0090911000F7D9FF98DC91100027D92298DC9F
:20966A00542FC21F74FF0090911000F7D9FF98DC54F23C010090BC42F6423C1F804FB70F5C
:20968A000500804F424F8BFF01F0B70F05F03C06600F89F0800B8B0002003FF0FBFF0D00AD
:2096AA008004911000F7D9FFA0FC91100027D922A0FC542FC21F74FF0090BC42F6423C1FB9
:2096CA00804FB70F0500804F424F8BFF01F0B70F05F03C06600F89F0400B8B0002003FF01F
:2096EA00FBFF0D008004911000F7D9FFB0FC91100027D922B0FC542FC21F74FF0090404C57
:20970A007CC23C3A82083C11530821F010CF49FF301A14FF6E09481F6E07C81482043B00D4
:20972A0008506D00870BC21809CF24193FF8EEFF82083C11530821F010CF49FF302A14FFDE
:20974A006E09481F6E07C81482043B0008506D00710BC21809CF28193FF8EEFF0D00800426
:20976A00911000F7D9FFA4DC91100027D922A4DC542FC21F74FF0090404F405C820440F460
:20978A006DFFD3DA3B00014040C46DFF98FF820440F46DFF3FE200904C4309400409AEF5C4
:2097AA006F700480EFCF0580BBF0FF2F3C09B70F9127FF520580BBF0FF2F3C02C2C23C01AF
:2097CA000090404C405DBCC4BCD354DFEE0382023C3A82083C34768C911000F7D9FFA8DCA9
:2097EA0091100027D922A8DC542FC21F74FFD4D46D00860140D46DFF84FF40C440D56DFF1D
:20980A00DCDA911000F7D9FFACDCD4D2192F000174FFD4DF39FF00011601BA0F3C016E03B4
:20982A0082123C11911000F7D9FFB0DC91100027D922B0DC542FC21F74FFC218BF28CDFF8E
:20984A0082023C010090024F0258404FBCF46D002300F62382023C1E161F8F5F01008FF891
:20986A0001F18F0F01F0A6F08FC040F196019120002F592F008D6D000F00F62382023C0A5C
:20988A009120002F192F048DB70F10F874FF82123C0100903B50C30006503C02C2F091201E
:2098AA0000FF39FF008D16016E03FF10F9FFF60E911000F7D9FF84FC91100027D92284FC14
:2098CA00542FC21F74FF82023C0382123C010090024F0B5610886DFFDFFFF62382023C19FD
:2098EA00B7091008912000FF59F0048D161F8F5F01008FF801F18F0F01F0A6F08F4040F13A
:20990A009601912000FF59FF008D6DFFC5FF3C01009020083B50C3800658DA0074AF3C0E79
:20992A008204820549A4000A6DFF8FFFF6223C0854AFAEF382123C11C2F8FF18F3FF9110DA
:20994A0000F7D9FF98FC91100027D92298FC542FC21F74FF82023C010090404CBCC709CF34
:20996A0024196E0409CF2819EE023C4782083C1E530821F010CF49FF301A14FF6E08481FF1
:20998A006E06C8143B0008406DFF99FE14FF6E0D482F6E0B09FFCC086E08C82409FFCC084F
:2099AA00538F20406DFF8BFEC21809CF24193FF8E1FF82083C1E530821F010CF49FF302A8F
:2099CA0014FF6E08481F6E06C8143B0008406DFF76FE14FF6E0D482F6E0B09FFCC086E080A
:2099EA00C82409FFCC08538F20406DFF68FEC21809CF28193FF8E1FF0090404CDA00534FDF
:209A0A0021F010CFC85F3C0109C290094922301A7D2F0A80DA00534F21F010C2092D90096B
:209A2A003C013C0349FD100A91100027D9228CEC08FF370FE1F3742FDA006CF2DA006CF3D0
:209A4A0009FFCC08374F0FF0ACF608EFB70F01F12CFE08EF96032CFE09FFCE08B70F83F34C
:209A6A00ACF708FFB70F02F12CFF08FF96202CFF08FF96102CFF08BF96802CFB09FFC808B2
:209A8A00374F0EF0ACF408FF96802CFF3B00014040F46DFF14FEECC5D4C2DA0080D0530F4F
:209AAA0028F0102259202041820440C46DFFE1E091100027D92288EC08FF370FE1F3742FC6
:209ACA00911000F7D9FF98ECD4C2192F205174FF911000F7D9FF9CECD4C2192F204174FF1C
:209AEA00911000F7D9FF94ECD4C2192F045174FF89CD94094CC6C21F6CC600907C423C1E06
:209B0A00144FB70F81F0344F144FB70F01F0344F8200530028F0104F530028F01042392F10
:209B2A000441B70F01F0E9FF0441394F0841B70F01F0E94F08410D008004009049AA18BA03
:209B4A00404C09CDA00991100027D922A8ECDA01742F91100027D922A4ECDA00742FDA066B
:209B6A0089CF2C08DA003C0C10CF91100027D922B4BC10220920740889F02608C21FBF6F8E
:209B8A00F57F910000F7D9FF1C14D4FFD4FF09FFC80889CFA408DA0A89CF2D08910000F73C
:209BAA00D9FF1C14D4FFD4FFD4FF49FF000A49A2000AC504230009F0480189204801FC4C6B
:209BCA0044FF642F910000F7D9FF1C14D4FFD4FFD4FF482F6E38910000F7D9FF1C14D4FF1C
:209BEA00D4FFD4FFC82FC86FC814910000F7D9FF1C14D4FFD4FFD4FFC82FC86F0884DA808E
:209C0A00910000F7D9FF1C14D4FFD4FFD4FFC82FC86F08C5A6F56DFF86E0912000FF39F0F0
:209C2A00080F910000F7D9FF1C14D4FFD4FFD4FFC82FC84F08CF37F002F0912000FFE9FF64
:209C4A00080F3C7B910000F7D9FF1C14D4FFD4FFD4FF484F6E3C910000F7D9FF1C14D4FF7F
:209C6A00D4FFD4FFC84F09FF8019C814910000F7D9FF1C14D4FFD4FFD4FFC84F09FF8019DF
:209C8A000884DA80910000F7D9FF1C14D4FFD4FFD4FFC84F09FF801908C5A6F56DFF43E01C
:209CAA00912000FF39F0080F910000F7D9FF1C14D4FFD4FFD4FFC84F09FF841908CF37F0E7
:209CCA0002F0912000FFE9FF080F3C37910000F7D9FF1C14D4FFD4FFD4FFC83FC8CFC814E3
:209CEA00910000F7D9FF1C14D4FFD4FFD4FFC83FC8CF0884DA80910000F7D9FF1C14D4FF6A
:209D0A00D4FFD4FFC83FC8CF08C5A6F56DFF0BE0912000FF39F0080F910000F7D9FF1C14B6
:209D2A00D4FFD4FFD4FFC83FC8DF08CF37F002F0912000FFE9FF080F6DFFAEFD762C6DFF2E
:209D4A00EAFD82048205BB0000686DFFC3FD76236DFFE1FD911000F7D9FFA8ECDA0274FF80
:209D6A0049A5000A40D46DFF2EFDF629911000F7D9FFA8ECDAE274FF82023C7F49A4000AAE
:209D8A006DFFEDFD6D00CF02F629911000F7D9FFA8ECDAE374FF82023C70911000F7D9FF32
:209DAA00A8ECDA0374FF821440D46DFF01DF821440D46DFFD4DE911000F7D9FFA0DCD4D265
:209DCA00192F044174FF911000F7D9FF9CDCD4D2192F084174FF911000F7D9FF80FCD4D255
:209DEA00542F74FF912000FF39FF3A3D370FE1F1DF1F368009CF6D08960489CF2D08912013
:209E0A0000FF39FF3A3D16015E18D4DF8210081F370F81F22CF13C07D4DF8200081F370FD6
:209E2A0081F22CF1912000FF39FF3A3D370FE2F0EE06D4D482046DFF9BD33C11912000FF18
:209E4A0039FF3A3D370FE2F05E16D4D482146DFF8FD33C05D4D482246DFF8AD3911000F7C1
:209E6A00D9FFA8ECDA0474FF911000F7D9FFA4ECDA0174FF82123C0100902008CC48F4AF8D
:209E8A00911000F7D9FFACEC91100027D922ACEC542FC21F74FF8208DA00530F21F0D4AF24
:209EAA0010FF09FCA4193C0191100027D922BCDC80CF742F3B00014040C46DFFDEFBBCC9F3
:209ECA000CCF370FE1F3EE0540C46DFF67FC0228F684A0021D00BE00BBF0FFFFFE839110D1
:209EEA000027D922A4FC91100047D944A4FC544FC21F742FD4A440C56DFF40FCA0021D00E6
:209F0A00A900C228370870F082043B20186002F56D005409402DBD0D740082E440D46D0059
:209F2A00300BBCC454C0600E3C02A00E911000F7D9FFB8DC80E074F0911000F7D9FF80EC4A
:209F4A0074FFBD0E1680911000F7D9FFA8FC91100027D922A8FC542FC21F74FF40D46D0050
:209F6A00E60AD4A440C56DFF09FCA0023C7240E402F46DFF82FB911000F7D9FFB0EC9110F9
:209F8A000027D922B0EC542FC21F74FF40DF3C21481FEE15911000F7D9FFACFC911000275C
:209FAA00D922ACFC542FC21F74FF40D46D00BF0AD4A440C56DFFE2FBA0023C4BC81409F40B
:209FCA00CA0840E56D00F80509FFCA0810EED4FFBD0FE0FFD4A440C56DFFD0FB822440D452
:209FEA006D00CF0A912000F7D9FFF8CD91200027D922F8CD092FC208C21FACF13C289110AF
:20A00A0000F7D9FF9CFC91100027D9229CFC542FC21F74FF912000F7D9FFF8CD9120002780
:20A02A00D922F8CD092FCC08C21FACF6912000F7D9FFF8CD91200027D922F8CD092FC608E4
:20A04A00C21FACF3D4A440C56DFF98FB40D23C010090405C094DA009911000F7D9FFB4EC70
:20A06A0091100027D922B4EC542FC21F74FF82E440C46D00860A09CFC8083B00A1007FF042
:20A08A002000822440C46D007C0A912000F7D9FFF8CD91200027D922F8CD092FC608C21F35
:20A0AA00ACF3911000F7D9FFB8EC91100027D922B8EC542FC21F74FF82E21D00B000DA009A
:20A0CA0040D402F46DFF6DD6BD02FC7F402E3C01911000F7D9FF84EC80EF74FFBD0E2A80A1
:20A0EA00822440C46D004D0A912000F7D9FFF8CD91200027D922F8CD092FC608C21FACF385
:20A10A00911000F7D9FFB4FC91100027D922B4FC542FC21F74FF911000F7D9FFB8EC911016
:20A12A000027D922B8EC542FC21F74FF82F23C76DA0040CF3C3509F0CA0842F03B00A1100F
:20A14A007F011F80822440C46D001B0A912000F7D9FFF8CD91200027D922F8CD092FC608B7
:20A16A00C21FACF3911000F7D9FFB8EC91100027D922B8EC542FC21F74FF82E23C4F10E420
:20A18A00C81509F4CA086D00170509F0CA08420F370F70F03B00A1007FF00200D4FFBD0FD2
:20A1AA00CCFF82005340210001D000F6C85F3C0191100027D92290EC80F0742009F0C8085D
:20A1CA0037F00E00A84040E402F46DFF78FA911000F7D9FFA0EC74FF40D402F46DFF0FFC70
:20A1EA00911000F7D9FFBCEC91100027D922BCEC542FC21F74FF822440C46D00C209912068
:20A20A0000F7D9FFF8CD91200027D922F8CD092FC008C21FB4FF82023C0100907C419110C5
:20A22A0000F7D9FF989C3C017CF382F23C1AEC48DA65894F2E08DA6E894F2F08910000F83A
:20A24A00D9FFEE67EC45911000F8D9FF1C1AEC466DFF76FCF6243B40FF2F3C0382023C011C
:20A26A000090404F91100027D92290FC91100047D94490FC544FC21F742F7CF382023C512E
:20A28A0040F46DFFFCFD402E7CE382023C4A09EC8409911000D7D9DDB4DC09C4CE086DFFF5
:20A2AA00CFEB74D209C4CE086DFFCAEB3B0080F03E253B6080F03E223C23C84240E440F595
:20A2CA002D020000DF021100911000F7D9FF88FC91100027D92288FC542FC21F74FF40E41D
:20A2EA006D0025093C0C911000F7D9FF8CFC91100027D9228CFC542FC21F74FF3C1091106A
:20A30A0000F7D9FF94FC91100027D92294FC542FC21F74FF40E46D000A093C0182123C01F8
:20A32A00009020083B007D8082048205BB0000686D009A008204820549A4000A6D00520029
:20A34A0054AF2EF4028FC2F8EEF6DFF81580911000F7D9FFBCFC91100027D922BCFC542F0D
:20A36A00C21F74FF910000F7D9FF2814DA0074FF82023C0F820482053B0020616D0074001D
:20A38A00910000F7D9FF2814DA0174FF82123C01009020088208910000F7D9FF281454FFC7
:20A3AA006E1D82043B00015049A4000A6D001A0054AFAE14DA0137F8828854AF2E24DA016F
:20A3CA0037F801888204821549A4000A6D000A0054AF2E24DA0137F8818902823C01009076
:20A3EA00024F0258404F7CF23C1F6D001F00F625BB0000F874FF3C188F5F01F08F080100B8
:20A40A00A60F960C96019120002F592F008D6D000D00F625BB0000F874FF3C069120002F72
:20A42A00192F048D74FF00903B50C30006503C02C2F0912000FF39FF008D16016E03FF1096
:20A44A00F9FFF60E911000F7D9FFB8FC91100027D922B8FC542FC21F74FF82023C0382122D
:20A46A003C010090024F0B5610886DFFDFFFF6223C12912000FF59F9048D8F5F01F08F0802
:20A48A000100A60F96049601912000FF59FF008D6DFFCCFF0090404C7CC31D00850080CFB3
:20A4AA0016076E0F912000F7D9FFF8CD91200027D922F8CD092FD828C21F89FF98283C730B
:20A4CA0040CDB08D80DF911000F7D9FFC40C54F03F0F0C8049CF100A80FF911000F7D9FF4A
:20A4EA00C80C54F07FF01080912000F7D9FFF8CD91200027D922F8CD092FD828C21F89FFBD
:20A50A0098283C5109CF7CF8EE0F912000F7D9FFF8CD91200027D922F8CD092FD828C21FA5
:20A52A0089FF98283C4040D46D009000F62F912000F7D9FFF8CD91200027D922F8CD092F02
:20A54A00D828C21F89FF98283C2EDA0089CF3CF880DF911000F7D9FFC00C54F07F0F078004
:20A56A00911000F7D9FFC00CF4FD912000F7D9FFF8CD91200027D922F8CD092FD42809C0CA
:20A58A00F8F891100027D922C40CD422012D2020802137017010A210A20F89FF942840D4B6
:20A5AA006D00860200903C01911000F7D9FFC40C91100027D922CC0C802F8B8F00F0C2FF7A
:20A5CA00B70F03F074FF911000F7D9FFC40CD4FF3B0000F4B4FFDA00ACF1DA002CF491103E
:20A5EA0000F7D9FFC80C3B0000446D00CF02F4F2911000F7D9FFC80CD4FFDA012CF4911058
:20A60A0000F7D9FFC80CD4FF3B0000F4B4FF911000F7D9FFC80CD4FF3B0000F4ACF1911054
:20A62A0000F7D9FFC00C91100027D922C40CD422F4F2912000F7D9FFF8CD3B0000F489FF0A
:20A64A009228DA006E010090404F40F46D003C01022809F4C0086D009902402C09F4C208C6
:20A66A006D00940209FFC0083B0000043FF0188009FFC2083B0000043FF0128009FFC20853
:20A68A003E84092FC0087E8B911000F7D9FFC80CD4FF7DFC070009CFC2083E8382023C0328
:20A6AA0082123C010090F644A0021D000C018B8400F0C2FFB70F03F0370F7080DA107FF819
:20A6CA0004803B0001803B0000043F8004807F480580A0021D00F700911000F7D9FFC00C70
:20A6EA00D4F46D00F10002291D00D90002946D004D02402F084FDF0FCD8009F0C0088B89E1
:20A70A000010A2103F80C68009F0C0088B890010A2108B8800F08B0F01F03FF04C808B8934
:20A72A0000F0428F370F70A03B0000F47EA102A46D002C02DA002C2409F0C008B4208929F8
:20A74A008208B4FADA012CF40920C0083B0000F43E070924C0086D001902B022B42A912079
:20A76A000027D922F8CD91200047D944F8CD094FD4288B880000420F892F9428912000270A
:20A78A00D922F8CD092FD62891200027D922F8CD0920D4287F0F0E8091200027D922F8CD48
:20A7AA0091200047D944F8CD094FD428892F96283C30DA012CF4912000C7D9CCF8CD9120F1
:20A7CA000027D922F8CD092FD42809F0C008420F40F46D007900A22F89CF9428912000276B
:20A7EA00D922F8CD092FD62891200027D922F8CD0920D4287F0F0E8091200027D922F8CDE8
:20A80A0091200047D944F8CD094FD428892F962891100027D922C00CD4227D2F2380911015
:20A82A000027D922C00CD4223C050924C0086D00AD010C246E0891100047D944C80CD44442
:20A84A007D42F5FF91100047D944C00CF44291100047D944C80CD4447D4204000C246E01E1
:20A86A0080FF8B8F00F042F891100027D922C80C542F7F8F028080FF8B8F0000DA084BF0AB
:20A88A001102761180FF16076E0149F2080A3C1A02946D007B010929C0083B0000F4A28F8D
:20A8AA003FF926FF912000F7D9FFF8CD91200027D922F8CD092FD028C21F89FF9028A00261
:20A8CA003C010090911000F7D9FFC40CD4FF01F420F080FF370F70203C010090404C8B84CC
:20A8EA0000F0C2FFB70F03F0370F7080DA107FF804803B0001803B0000043F8004807F48C4
:20A90A000580A0021D00D30080C0911000F7D9FFC40C54F13F100A8080C0911000F7D9FFC8
:20A92A00C80C54F13F10028080C0911000F7D9FFC40C54FF3FF00A8080CF911000F7D9FFD8
:20A94A00C80C54F03F0F1280912000F7D9FFF8CD91200027D922F8CD092FD828C21F89FF77
:20A96A00982840C21D00A30040CDB08D40D46DFFABFF022909C0F8F8A29037007000C280D8
:20A98A00370070B07F8B02807F8B0580A0021D008E005FB8058040C21D00890009C4F8F8ED
:20A9AA006D00F4000C24EE3F09C0F8F83B0000F47E01092AC0088B8900004280370070C030
:20A9CA00911000F7D9FFC00CD4FF7D2F0A80911000F7D9FFC00C02C46D00D800F4F202C435
:20A9EA006D00D400DA002C24B42A89298208B4DC0920C0083B0000F43E070924C0086D0071
:20AA0A00C500B022B42C912000F7D9FFF8CD91200027D922F8CD092FD428A28BA2BF89FF8E
:20AA2A0094283C428B8800F08B0F01F03FFB3D808B8900F0428F370F70A009C0F8F83B002E
:20AA4A0000F47E0102A46D00A100802F911000F7D9FFC00C54F07F0F0780911000F7D9FF11
:20AA6A00C00CF4F2DA002C2409CFF8F8B42F89298208B4DA0920C0083B0000F43E070924E9
:20AA8A00C0086D008300B022B42A912000F7D9FFF8CD91200027D922F8CD092FD428A28B06
:20AAAA00A2BF89FF942840C23C010090404C80CF91100027D922C40C54207F0F028080CFD7
:20AACA0091100027D922C80C54203F0F02800CC46E0109CFC0083B0000047FF0028009C4B5
:20AAEA00C0086D0053007D2C29000C24EE2691100047D944C80CD44F7DF22000911000F78B
:20AB0A00D9FFC00CD4FF7D2F0780911000F7D9FFC00CF4FC092FC008B4CF092FC0083B0097
:20AB2A0000043E0B0924C0086D003000B022402F40C46DFFC9FEB4F209C4C2086D002600E4
:20AB4A00402F7DCF2200084FEE1F91100027D922C00CD4227DC2078091100027D922C00CD0
:20AB6A00F42F09CFC008B4FF09CFC0083B0000043E0B09C4C0086D000900B022402C40F4B0
:20AB8A006DFFA2FEB4C20090911000F7D9FFC40CD4FF01F400263C0100903C09144F145092
:20ABAA00C2F43E0352020090B014B015DF04F8FF82020090DF043000404FBF842780804FDE
:20ABCA008F3F000180518F3100115F101F802E06C2F4045F344F494F010A80FF2E16045F53
:20ABEA0024FFC2E4045F24FF8F7400018FD41FF06E0B02F14052C2F160160922480189F270
:20AC0A004801FC6CD05502047646C2F46042045F24FFFC2E40420090DF046D00404F014553
:20AC2A0030F4EE3B014400F601540026BF842C8080FF8F3F000180218F3100115F10248045
:20AC4A002E06C2F4092F7FF489FF3FF480FF2E1AB0FFB0F2092F7FF089FF3FF0C2E4142F3B
:20AC6A0034FF8F7400F106D4764D02404025C2F06006095078F589F078F5FC6C3254012488
:20AC8A00032602F4DF043700C2F46045092F7FF489FF3FF4FC5C3C2EBF842780804F8F3F67
:20ACAA00000180518F3100115F101F802E06C2F4045F344F494F010A80FF2E16045F24FF1D
:20ACCA00C2E4045F24FF8F7400018FD41FF06E0B02F14052C2F160160922480189F2480169
:20ACEA00FC6CD05502047646C2F46042045F24FFFC2E404200908050DA084BF0110276115A
:20AD0A00D44FD442092FC408C2FFACF2CC43D4FFF45FCC43F4F50090CC43D4F2BD021E001E
:20AD2A00CC43D425F4F58020DA084BF011027611D44FD445095FC408C21FACF2D44F09FFA7
:20AD4A00C408D44F09F0C6087FF00780D44FD444094FC408ACF33C09D44FD442092FC008C1
:20AD6A00C21FB4FFA0023C0100904045BF8403803C0D7C523C0B534420F0911000F8D9FF05
:20AD8A00ACA310FFD4F46DFFB8FF009082083C1E534820F0911000F8D9FFACA310FFD4F4AA
:20ADAA006D001800534820F0912000F7D9FFF8CD10FF534820F091100028D922ACA3102215
:20ADCA00D422D42289F29C29C218BF88E3FF0090CC43A002F4F24C428B8F00F0C2FFB70FF4
:20ADEA0003F060FF82003C0C09428C09D422F4F209428C09F42F094FC40810FFC210094F11
:20AE0A00C6083FF0F37FD44F094FC608ACF10090BF840480A0023C0C534420F0911000F852
:20AE2A00D9FFACA310FFD4F46DFF78FF3C010090404FBF852380804F2E05C2F53444494F1B
:20AE4A00010A80FF2E1424F4C2E524F48F7500F106D5DF051200D200764A370468008F803B
:20AE6A002010A6108F002110A6100201C2F5605289F04801FC2E02F57655C2F5605224F4D1
:20AE8A00FC2F40420090404FD4A209AC840909A488097CF3A0023C7C7CC3A0023C797C55B6
:20AEAA0091000058D95538007C6591000068D96638007C7591000078D9773800DA006CF12F
:20AECA00DA006CF2DA006CF3911000D8D9DD022BE85DDA0089FFA408DA0089FF2D08A00D04
:20AEEA00E87DE88291200027D922ECCD142F89FF3008E84440F46D00C50040F42D0C0000EB
:20AF0A007623A0023C4509F07008DAFF7E04DA0089FF3008820091200027D922E8CDD42205
:20AF2A003C137DF20280C210DAFF7F0F0200092F700809F170087E1709FF7008C21F89FFEC
:20AF4A0030083C04D422BD02EEFFBD02DEFF09F07008DAFE7E0891200027D922ECCDDA00FC
:20AF6A00342F3C0991200027D922ECCD09FF7008C21F342F91200027D922E8CDD422F4F26B
:20AF8A0091200027D922E8CDF42F40F23C010090404F405C40F440C56D00230940F440C5C7
:20AFAA006D00F42B40F440C56D000004009054504C433AF0EE087C53DA003C02545F6C4325
:20AFCA0082123C0382023C0100902008404F405C7CC17C6154C0481F3AF0EE1554CF74AFE8
:20AFEA00481F746F49A5000A40646DFFD3FF7CC3DA003C0254CF6CF1821440F46D002A00EB
:20B00A0082123C0382023C01009054504C423AF0EE087C53DA003C02545F6C4282123C0395
:20B02A0082023C010090DF041200912000F7D9FFE8CDD4F23C09092F7008C21F370F68F051
:20B04A007E423C06D422BD02F8FFA0023C0100907C41094F6D082E24094F6D08AE023C0C28
:20B06A006F040B004C416E08094F6D082E354045B0456DFF49E900903B40FF2F3C010090F7
:20B08A002008404F405C406D407E7CC5910000C8D9CC38007CD5910000D8D9DD38007CE568
:20B0AA00910000E8D9EE3800DA00BCC354C0F602DA016E0849A6000A40F440C56DFF87FF34
:20B0CA00762140F440D5A0066DFFA1FF762140F440E5A0066DFF6DFF7621EE0849A6000AE0
:20B0EA0040F440C56DFF73FF762100907C423C01912000F7D9FFE4CDF4F40090404F7CF267
:20B10A003C1409FF6D086F2F118009FF6D08960489FF2D08823440F46DFF9CFF487F6E052A
:20B12A00C87240F42D02000000907C423C0C094F6D08AE09094F6D089601894F2D08823427
:20B14A006DFF88FF009082056D0004003C0100907C41BC45BBF0FFFF7F4F048082123C2CE8
:20B16A00F64382023C29094FC808424F370F70F07F4F048082123C200C4C2E7C4C41A24F82
:20B18A0060FF4942100A012F30F4EE0382123C143C0876554C41A24F60FF3C0382123C0C71
:20B1AA00EC41094FCA08424FAC45094FC808424FAC4482023C0100900B451088026ADA0183
:20B1CA003EACDA413EAA3B2018F03EAF3B0028005FA05C001D009A00A0040B9A10486D00A5
:20B1EA009A00402C1D009400A00CA00D82746DFF11FE402F7CFA6D00E801BCC440C46D0098
:20B20A009601A0021D0086003B0020008B8800F0C2FFB70F03F0A2F07F090480029B3C09F0
:20B22A003B0020B08B8800F0C2FFB70F03F0A2FB01F800264922100A802F8B8F00F0C2FFC1
:20B24A00B70F03F060F5820740F40B9B104802A66D00AA014810DA084BF0110276113B0011
:20B26A0020F08B880000C2F0B7000300A20FEE017CC340FC3C02F4DF40FDA2B93709709031
:20B28A008208FF19B5FF3C438B8800F0C2FFB70F03F08B890000C2F0B7000300420F370F3B
:20B2AA0070F08B0F0100370070408B890000C2F0B70003003F0F09808B8900F0C2FFB70FC0
:20B2CA0003F07FF40480A0023C246DFFEEF9402C7CC3A0023C1E01C800F649FF100A80FFDE
:20B2EA008B8F00F0C2FFB70F03F060F5820740C40B99104802A66D0057014CC13B800000AD
:20B30A004B0F110276113C03A0023C0340C23C010090404F0B451088DA413E93DF190200E3
:20B32A0082646DFF77FD402C7CC3A0023C0B820740C440F50B88104802966D00350140C2BF
:20B34A003C010090BC427C523C1B7D5402803C08094FC8080950C808420FAC44D444544F0F
:20B36A00EEF8094FC8080940CA083E01544F6E01094FC8080950C808420FAC44F4450090EE
:20B38A00405F40F56DFFE0FF40F46D005F01009082023C05C21237027020D444BD04FCFFBD
:20B3AA003C0100900256404F09F5C8086DFF06FF402C7CC3A0023C0840C440F56D00060053
:20B3CA00762140C23C0100907C543B00FF2F3C070954C80882056D003C003C010090405CBB
:20B3EA0002488209820A7C4382023C317CC382023C2E404F3C27765B09F0CA083F050880AB
:20B40A0009F0CA08A205370570503C1B09F0CA08A250370070F07FF80380028F01C900466E
:20B42A00C8120125005602F46DFFC6FB42FA370A70A042F937097090A2F837087080820531
:20B44A00D4FF7683BD0FD9FF02A23C010090404F405C0B451088820ABCC509C0C8087F8049
:20B46A0005803B00FF2F3C61BCF609F0C80842857F5005003B00FF2F3C5809F0CA08A29027
:20B48A0009CFCA08A2AF3FF0068009CFCA08A2AF3C0409FFCA08A29F7FF80480028F3C01D3
:20B4AA00C8120129004609C28409012A005602F46DFF82FB42F942FAA2F83708708009FF38
:20B4CA00CA087F9F028009CFCA087FAF028009CFCA083FFA0980820AD4CC7CC576843B0088
:20B4EA00FF2F3C2309FFCA087E988209D4FF7CF576843B00FF2F3C19BCCA09C0CA0809CF45
:20B50A00C8087E0554CF6E0382A23C0FBCFA09F0CA0809FFC8087E0554FF6E0382A23C05C6
:20B52A00DF08ADFF82023C0100907C447C4182023C2682083C200C4EEE010C4EC2FF370F2A
:20B54A0068F02C4EEE17D44F0C4C160F5E2582746DFF0DFC3C0A5E1582646DFF08FC3C052C
:20B56A00EE046DFF9AF73C01C2183708688040F43C02A004BD04E1FF02823C010090820505
:20B58A006D0009003C01009082156D0004003C010090CE4532546D0060003C046DFFDAFDA0
:20B5AA003C010090A00FF44F894584098944880889458A0889460C0889470D08DA012C4E8D
:20B5CA00DA002C4F0090912000F7D9FFF0CDDA0134FF00907C41094FC8083FF403803C3496
:20B5EA00094FC808A24F370F70000248404F3C0C09F1CA085A18370F708009F1C808A20170
:20B60A00A841D4FF7CF109F1CA083F81F3FF08CF160FEE1109FFCA083E8EC81201F22020CB
:20B62A00802F428F370F704040F46DFF59F97C217DF20200A858A84854FF6E04D4F46DFFA1
:20B64A0076FFA002F4F20090BC460C4EC21F2C4E0C4EEE0100907C41BC45BBF0FFFF7F4F8E
:20B66A00048082123C18F64382023C15094FCA087F4F048082123C0FCC4101F400F6EC41C6
:20B68A00094FCA08A24FAC45094FC808A24FAC4482023C010090404C820891100027D92261
:20B6AA009C6C0924120991100027D9229C6CD4246DFF95ED0229CCC1089AA00D91200027A0
:20B6CA00D922F4CDD42F3C4109FF50085FAF3C8040F402946D003F00DF02360009FF51080C
:20B6EA002E0A481F91100027D9229C6C09200E095F0F2A80485F6E2709CE84098228C8521A
:20B70A00C86491100057D9559C6C49570E0A40F540C62D020000DF021300BCDFC83289D2BF
:20B72A008C0991200027D922F4CDD422E83291200027D922F4CDF42F82123C0B09C28409DC
:20B74A007DE2020040FDC83FBD0FC0FF02823C0100900C486E0F0C48911000F7D9FF9C6CC1
:20B76A00C81F09F07008C210370068003E0382023C1BDA016E1776490C492E56BC43544F40
:20B78A00EE0382123C113C0EBC4B544F6E09544F911000F7D9FF9C6C09F012097E0382121E
:20B7AA003C0382023C010090BD041600544F6E13BD051200545F6E0F912000F7D9FFF4CDAF
:20B7CA00D4FF3C0754FF54407E03545F74FFC83FBD0FFAFF00906F770C006F0505808FF7EE
:20B7EA0007F16E06C215EF850400C21606F5B70589FB8F7601008F840120A60FA6F200905A
:20B80A0015D0C0E315D0C0F74D40E0FFB72F02F5CD4FE00F0D00C0044D4020F99601CD4F7C
:20B82A0020090D00C0044D4020F99602CD4F20090D00C004910000F8C5023F1040F4894014
:20B84A00C1038940C10349FF200AFC294D4020F96F0FFEFF4D4020F96F1FFAFF85DFC4F38D
:20B86A00CD4FE00F0D00C00415D0C0FF15D0C0EB0D0080040D00C004000000001D0003002C
:20B88A000090000000A00090404C7CC31D00830009CF54085E1109C05408DA0A7E0C91208C
:20B8AA000047D944100E40C56D00780540C46D003C033C708208820909CA101909CB24099F
:20B8CA0009CD902909CE900909CF5408EE2609CFD6086E2291200027D922FCFDD42F7DCFB6
:20B8EA000A80912000F7D9FFFCFD09C28C09F4F23C11912000F7D9FFFCFDD4FF3C09C8321D
:20B90A007DC2068009C28C09E8323C04C83FBD0FF8FFA00FECC33C11024809C9D60891207E
:20B92A000047D944F4FD40C56D003805912000F7D9FFF8FD821034F009CF30196E0509C46D
:20B94A00B0196D00340609CF2C196E0509C4AC196D002D0609CF34196E0509C4B4196D000C
:20B96A00260640C46D00F100768C40C6B04609C7D80840C40BAB104840C502966D00031F43
:20B98A0040C46D00D202BCD63B30FF4F40E42D0D0000009082146DFF79FF0090BC46094FBB
:20B9AA0054085E138945980900907C5140546DFFF3FF3B30FF2F3C010090024882246DFF30
:20B9CA0029FA402FBD0F6F806D00C9026D00360382246DFF1FFA402FBD0F53803B900040EE
:20B9EA006D00050382246DFF15FA402FBD0F37803B8000406D00FB0282246DFF0BFA402FCA
:20BA0A00BD0F1B8002846D00C00282246DFF02FA402FBD0F120091200027D922F8CD0922E2
:20BA2A00A42991200047D944F8CD0944A429094FC008C2FFB42FBD0F120091200027D922C6
:20BA4A00F8CD0922A42991200047D944F8CD0944A429094FC008C2FFB42FBD0F12009120D8
:20BA6A000027D922F8CD0922A42991200047D944F8CD0944A429094FC008C2FFB42FBD0F59
:20BA8A00120091200027D922F8CD0922A42991200047D944F8CD0944A429094FC008C2FF25
:20BAAA00B42FBD0F4B0082043B400A5040F46DFFC1F989F815083B0086F089FFA4183B00FF
:20BACA0086F089FFAA0889FFA808DAFF2CFB3B8021F089FFB208DA0689FF8018DA0689FFFE
:20BAEA00BE0882FF89FFB008DA0189FF881891200027D922040E542F6CF891200027D92213
:20BB0A000C0E142F89FF1E083B0086F089FF8A1891100028D9224C3C89F28429BB00D0FD39
:20BB2A009BDF06F089FF14293BF049F2063F89FF1829DA0989FF1C2940F23C010090BC43A4
:20BB4A008945900900907C41094FDA086F9F1900094F3C196E15094FBC1909FF5D08EE010D
:20BB6A00094FBC190942BC19092F5D08C2FF89FF1D08094FDA08BBF0DF0F260FAC4D0090D2
:20BB8A00404C405D82407CD5910000D8D9DD38007CC43B00FF2F3C5009CF54086E0382A20A
:20BBAA003C4B0CC92E228230F6486D005B030224F64382E23C413C2782013C23534120F0EB
:20BBCA0091100028D9229CD31022D42FD4FF3C1609FFD608FE420CC92E23089FAE2EDA0124
:20BBEA006E0CBCF954FF6E07BCD654DF6E0454FF54D27E2382823C20C83FBD0FEBFFC21103
:20BC0A003F01DE7FBCD854DF6E067CD3DA003C0254DF74CF89C49608912000F7D9FFFCFD01
:20BC2A00D4FFECC3912000F7D9FFFCFDF4FC6D00332282023C0100907C443B00FF2F3C0C8B
:20BC4A00094F54081E15094FDA089610AC4D82146D0004003C010090404C7CC1DF045B003F
:20BC6A0009CF54081E4509CF5408DF7F548009CF3819EE0709CFE8083B0086005F0F4B005D
:20BC8A0009CFDA08AE4109C4101909C5240940C6B04609C6D60809C7D80840C440C56D0031
:20BCAA00721D40C46D003E0391200027D922F4FDD4227DC2098091200027D922F4FDCCC364
:20BCCA00F42F3C11912000F7D9FFF4FDD4FF3C09C8327DC2068009C28C09E8323C04C83FE1
:20BCEA00BD0FF8FFA00FECC3912000F7D9FFF8FDDA0134FF912000F7D9FF3C0ED4FF7DCFAD
:20BD0A0005806D0090183C0440C46D000E0182023C5909C05408DA003E08DA015F0F2E00EA
:20BD2A00DA025F0F39003C4809CFD6086E22912000F7D9FFFCFDD4FF7DCF0A80912000F7E2
:20BD4A00D9FFFCFD09C28C09F4F23C11912000F7D9FFFCFDD4FF3C09C8327DC2068009C25A
:20BD6A008C09E8323C04C83FBD0FF8FFA00FECC340C46D00DA003C2440C46D007F01912055
:20BD8A000047D944000E40C56D00080340C46D00D3003C1691200047D944F4FD40C56D009C
:20BDAA00FD02912000F7D9FFF8FDDA0134FF40C46D00BB003C0540C46D0006003C03820250
:20BDCA003C010090404F7CF109FF540882303E068240BE008270BE073C2040F46D00561D8F
:20BDEA00022FEE0740F46DFFB0FE825089F014083C1640F46D004A1D022FEE04825089F096
:20BE0A0014083C0D40F46D00411D022FEE053B90000089F014083C0382023C0FEE0540F4FB
:20BE2A006D0023193C085EF709FFDA089608ACFD82023C0302F23C0100907C517C43024231
:20BE4A003C14094FE4086E0F3B8002007FF007808B8F1DF0370F70F03C02DA007FF4038039
:20BE6A003C0202F402423C010090BC46094F54085E11894590290090912000F7D9FF0C0E9D
:20BE8A0091200027D9220C0E142FC21F34FF912000F7D9FFF4FDD4FF3C4409FF5E08912071
:20BEAA000027D9220C0E14205F0F3B0091200027D9220C0E142F89FF1E0809FFDA082E0E5B
:20BECA0009FFDA089602ACFD40F46D00CE1809FFDA08BBC0FF0F260FACFD09FFDA082E3A03
:20BEEA0009FFDA08BB70FF0F260FACFD40F46DFF6BFFC83C09FF38196E1191200027D9227E
:20BF0A00F8FDDA00342F40F46D008702912000F7D9FFF8FD14FF6E023CBB40CF3C02C83F78
:20BF2A00BD0FBDFF0090094F54085E1182246DFF1EF70090094F54085E1182346DFF17F7B2
:20BF4A000090404F09FF34196E0809F4B4196D002E03A00289F2B4190090912000F7D9FF8B
:20BF6A00F4FDD4F43C0ECC43094FDA082E39094FDA08BB70FF0F260FAC4D6DFF25FF40F49F
:20BF8A00BD04F3FF0090DA7F7F4F05803BF007403C01F6423C2A9AF48200A004912000F7FF
:20BFAA00D9FFF4FDD4FF3C1C09F155083FF10E8009F15508FE1491200027D922040E5421AB
:20BFCA004882A2213F010C8091200027D922040E5420488FA2F040F409FF5508C83FBD0FD0
:20BFEA00E5FFBC436DFFD8FC0090DA083E423C018200A004912000F7D9FFF4FDD4FF3C1629
:20C00A0009FF5408FE4291200027D922040E5421488FA2F13F010A8091200027D922040EFF
:20C02A005420488FA2F040F4C83FBD0FEBFFBC4482046DFF2BFC00908200A004912000F7B1
:20C04A00D9FF100ED4FF3C1391200027D922040E5421488FA2F13F010A8091200027D9225D
:20C06A00040E5420488FA2F040F4C83FBD0FEEFFBC436DFF91FC0090404F7CF109FF5408EB
:20C08A001E1182183C0E534820F091100028D9229CD31022D422D42440F56D005902C218AE
:20C0AA00BF48F3FF0090A0056D0004003C010090404F0248405CA00D7CF53B00FFFF1D0021
:20C0CA008B0009FF54086E053B10FFFF1D008400DA005E1540FD3B70FFFF3C7D089F6F2FD9
:20C0EA00170091200027D922000ED4223C0E0920D60809FFD6087E07542054FF7E04A00D96
:20C10A00828F3C6909228C09BD02F3FF82346DFF81F6402D7CD382FF3C5EC84289D2900980
:20C12A0009FFD608ACDBDA0189DF140809FF550889DF1508089F2CD9088F2CD808BF2CDB2A
:20C14A0008AF2CDA54FF74DF09FFD6086E2391200027D922FCFDD4227DF209809120002769
:20C16A00D922FCFDC834F4243C1391200027D922FCFDD4223C0B09248C097DF40680C834A0
:20C18A0089248C093C0509228C09BD02F6FFA002E83240F46DFFC9FE911000F8D9FFB46BEB
:20C1AA00ECD6DA0089DF1D0809DF54081E1176823C02821889D81C08912000F7D9FF000EF6
:20C1CA00D4FFECD3912000F7D9FF000EF4FD6D00631FDA00BCC234CF40D23C010090404C8F
:20C1EA00405DBD0C260054CF6E23912000F7D9FFF4FDD4F540C46D001D00912000F7D9FFAD
:20C20A00FCFDD4F540C46D001500BD0D120054DF6E0F912000F7D9FF000ED4FF3C0754FF49
:20C22A0054C07E0354DF74FFC83FBD0FFAFF0090404F7CF13C0D545F54F07E08095C8C09A1
:20C24A0040546DFFA9FB40C53C0309558C09BD05F4FF00903B0004406DFFB1FB3C01009050
:20C26A008200910000F7D9FF301491000027D9223014092FC008C21FB4FF910000F7D9FFA3
:20C28A00301409FFC008BBF0FF1F7E18910000F7D9FF3014BB0000FCB4FF82013C205341A0
:20C2AA0020F0911000F8D9FF9CD310FFD4FFD4FF3C1309FFD60891000027D9223014092278
:20C2CA00C0087E29C2103BF0FFF37F0F040082023C0F3CC8C83FBD0FEEFFC211BF41E1FF1E
:20C2EA00910000F7D9FF301409F2C0083C0100907C41910000F7D9FF2C1491000027D922F0
:20C30A002C14542F91200027D922040E5420420F74FF910000F7D9FF2C1454F23C01009080
:20C32A00404F7CF23C3909FF54086E3609F05408DA0A5F0F320009FF5408DF1F2E0040F4DC
:20C34A006DFF03FC09FF38196E0809F4B8196DFFEEF8A00289F2B81909FF2C196E0109FFC7
:20C36A0030196E0109FF34196E0440F46DFFEBFD82FF89FFB00809F4AC196D00180109F4A6
:20C38A00B0196D001401A00289F2AC1989F2B019DA0089FFA8180090405C7CC17C41D442C4
:20C3AA007DC2068009C28C09F4423C0DD44F3C09C8327DC2068009C28C09E8323C04C83FE7
:20C3CA00BD0FF8FFA00FECC340C46DFFABFF09C05408DA0A3E0E09CF54081E1B09CFDA089C
:20C3EA002E0809CFDA089602ACCD40C46D003D1609CF54081E1A09CF2C196E0109CF301955
:20C40A006E0109CF34196E01DA0089CF1408DA00ACCB3C010090404F7CF43B00FF2F3C4AB5
:20C42A0009F2B81909284D0809FCB819A00289F2B81909FF04296E0A09F28429C8448204F5
:20C44A0040F540C62D0200003C07A004820440F540C66D003800DF0222806F581F0009FFAA
:20C46A00E8083B0086003E0609FFE808C21F89FFA80809FF04296E0A09F28429C844A006A5
:20C48A00820440F52D0200003C0282023B30FFFF7E243B30FF2F3C0E3C0B3B30FFFF7E24A6
:20C4AA003B30FF2F3C0789FCB81982B23C0382023C010090BC46094F54085E1189458429DC
:20C4CA000090406F7C543B00FF2F3C12BCFA09F4C80840546D000E0040F46DFF28F83C06F8
:20C4EA00F64540546DFFAAFB3C0382023C010090404F7CF23C2B09FF54085E1109FFE80893
:20C50A00424F370F70F03B0086003FF0068009F0E8087F0F07803B0086F089FFA8083C033E
:20C52A0089FFA80840F46D009D02DA016E043B8021F03C033B0086F03FF2098009FFDA08CC
:20C54A009602ACFD40F46D00901500907C513C0A094FBC197D5F0580A00F894FBC19094470
:20C56A008C09BD04F7FF0090404C7CC182446DFF51F4402F7CF3A0023C0C3B00014040F41D
:20C58A0040C56DFF19F3C8146DFF60F840F23C010090404FBCFA481F6E04C8146DFFC7F751
:20C5AA00824440F46DFFE3F300903C05D44F6DFFF2FF40F4BD04FCFF00907C423C0389449A
:20C5CA0015080090912000F7D9FF040E91200027D922040E542FC21F74FF912000F7D9FFD6
:20C5EA000C0E91200027D9220C0E142FC21F34FFA00C91200027D922F4FDD42F7CF11D00D6
:20C60A00DB0109FF5408EE0109FF54085E1109F05408DA0A7E0109FF5E0891200027D92215
:20C62A000C0E14207E0540FCC83F1D00C50191200027D9220C0E142F89FF1E088208820906
:20C64A0009FF54085E2809F04218BF600580C2181D00BC0009F04218BFC00580C2181D00EE
:20C66A00B50009F06128BF10478009FF30196E0109FF2C19EE0109FF6228BFCF0480C21869
:20C68A003C3909FF612891100028D922ACD31022092F7FF809F060287FF0078009F060286E
:20C6AA00C21089F0202809F060283FF02480821A09FFE018EE0740F46D00D31B7622820A45
:20C6CA003C0C09F4E01840F46D000919F62640F46D00CB14F622820A76ADDA0089FF202843
:20C6EA0009FF6128FF7F078009FF6128C21F89FF21283C6B09FFB0080EFC09FFB0083BF0FB
:20C70A00FF077F0F070009FFB008C21F89FFB00809FFB00809F080183F0F580040F46D00FB
:20C72A00E217762709FF3019EE5009FF2C196E4D09FF5408DF2F210009FF4218FFCF05807A
:20C74A0009FF42183C02DA0C09F0BC0886D009F1BE08421091100028D9228CD31022142F8C
:20C76A000FF010003BF0FFF77FF003003C033BF0FF0789F08018DA0089FFB00809FFC8188A
:20C78A0009F0E0187F0F058009FFC8183C0309FFE0188FFF3F0089F08A1886FF09F0F20804
:20C7AA008610370070007F0F078009FFF208861F89FF8A1809FFF20889FF8818DA0089FFC0
:20C7CA00AA1840F46D00811709FF54085E6F09FFDA082E4C91200027D922040E5420488F8F
:20C7EA00A2F0DA287F0F0380C218089F6F3F3F0009FF54081E4509FF5408DF7F388091202A
:20C80A000027D922040E5420488FA2F009FF1C2909F1182909F21429031F0AF23B401F1075
:20C82A004B1F11227F020580C218C2193C1F91200027D922040E5420488FA2F009FF6328E6
:20C84A0009F1182909F21429031F0AF23B401F104B1F11227F020B8040F46D00E113F62639
:20C86A0009FF6328C21F89FF232809FF34196E1191200027D922040E5420488FA2F009FFC9
:20C88A008018536F20F03FF0058040F46DFF5BFB09FF54085E3C91200027D922040E542023
:20C8AA00488FA2F0DA287F0F0380C21809F05408DA097E0B91200027D922040E5420488F27
:20C8CA00A2F0BFD00380C218DF08480009FD902940F46DFF27FDBCCC91200027D922F4FDD2
:20C8EA00D4227D2F0280C83289C28C093C0E91200027D922F4FDD4227DF2020091200027E3
:20C90A00D922F4FDC834F424769E09F41019489540F6B04609F6D60809F7D80840F440F5A4
:20C92A006D003117C84E40F4C83F6DFFFEFA91200027D922F8FDDA00342FBCD63B30FF4F33
:20C94A0040E42D0D000091200027D922F8FD142F6E031DFF4FFE3C2F40FCC83F09CF5C08A0
:20C96A00C21F89CF1C0809CF5C0809C05D083F0F2380DA0089CF1C0891200027D922F8FDD7
:20C98A00DA00342F09CF0C296E0909C28C2909C4900940C52D0200003C0282029120002718
:20C9AA00D922F8FD142F6E031DFF24FEF62440C46D005B13BD0F27FEA00C91200027D92222
:20C9CA00100ED42F3C3509F05408DA0A3E01820091200027D922040E5421488FA2F1BFD16D
:20C9EA000380C210DF00230040F46DFF9BFCBCCC91200027D922100ED4227D2F0280C83208
:20CA0A0089C28C093C0E91200027D922100ED4227DF2020091200027D922100EC834F42485
:20CA2A0040F4C83F6DFF81FA3C0340FCC83FBD0FCCFF00906DFF22FA912000F7D9FF080E03
:20CA4A0091200027D922080E142FC21F34FF912000F7D9FF080E14FF2E036DFFB5FD009004
:20CA6A007C414C490940E808420F0940F2083B0043107F0105003B0043003C030940F2087A
:20CA8A0009412C0942105200EFF00A800940E8088940AA0809402C0952023C174C4B094047
:20CAAA002409A20FEFFF0600DA00894FAA083C0B4C4B09402409A20FBBF0FF0F7FF0028087
:20CACA00894FAA0882023C010090404C405F407D3C2640FED4FF09E484096DFF5BF409CF09
:20CAEA00E6187F2F028009CFE618A22F89CFA61891200027D9222C0E91200047D9442C0EE5
:20CB0A00094FC00809E0C808420FB42F40E46DFF42FD09CFE6186E037CF27CD1BD0F1F0042
:20CB2A00C8320924CC086DFF8BD78FF203F116036E03DA013C02DA0091200027D922140E3B
:20CB4A005428C832092404096DFF64D709F0C80842F04202A228EFF8BE7F40F23C01009048
:20CB6A00912000F7D9FF001E09FFC008912000F7D9FF001E91200027D922001E0920C008BD
:20CB8A00C210B4F0912000F7D9FF0C1E54F07609912000F7D9FF081E09F0C0087F0F0C8027
:20CBAA00912000F7D9FF041ED4FF49FF140A10FF14F23C12912000F7D9FF081E09F0C008C6
:20CBCA00A20F370F68F0912000F7D9FF0C1ED4FF10FF14F23C0100902008404CA00DA00E8E
:20CBEA007CC191200027D922F8CD912000F7D9FFF8CD09FFFA18C21F892FBA18912000F7E4
:20CC0A00D9FF041E09C28409F4F209C0CA08DA147FF01180912000F7D9FFF8CD912000272C
:20CC2A00D922F8CD092FC228C21F89FF82281D002A04911000F7D9FF9C6C09F41209911079
:20CC4A0000F7D9FF9C6CD4F46DFFC9E2F62B911000F7D9FF9C6C09FF120916F03B000E0009
:20CC6A00FE00912000F7D9FFF8CD91200027D922F8CD092FC828C21F89FF88281D0003046A
:20CC8A00912000F7D9FF041ED4FF09F4CC086DFFD7D68F423F408624DA143FF4068009CFB2
:20CCAA00C8087F4F1180912000F7D9FFF8CD91200027D922F8CD092FC228C21F89FF822829
:20CCCA001D00E103912000F7D9FF101E8BC41EF0B4FF912000F7D9FF0C1EA002F4F209CF81
:20CCEA00CA083F4F0D80912000F7D9FF081E8BC41EF0B4FF40C46DFFB0F43C4C54CFEE01D9
:20CD0A003B40014040C46DFFA8F4912000F7D9FF081E09CFCA08B4FF912000F7D9FF101E90
:20CD2A0009FFC00809C0CA08A20F370F70F009C4CA0840C46DFF91F4D4CF09F0CA087FF0B6
:20CD4A001180912000F7D9FFF8CD91200027D922F8CD092FC228C21F89FF82281D00930373
:20CD6A0091200027D9220C1ED4CFC81FF42FD4C402F46DFF72F409C0C808A2F089C088089B
:20CD8A0009CFCA086E0109CFC808D4CF09F0C8083E01912000F7D9FF041ED4FF91200027D0
:20CDAA00D922041ED4220924C0086DFF49D6B4F2912000F7D9FF041ED4FF91200027D922E8
:20CDCA00041ED4220924C2086DFF3AD6A812912000F7D9FF041ED4FF48146DFF1BD6912025
:20CDEA0000F7D9FF041ED4FF6812912000F7D9FF380E74F2912000F7D9FF041ED4FF4824DE
:20CE0A006DFF08D6912000F7D9FF041ED4FF6822912000F7D9FF140E74F2912000F7D9FF37
:20CE2A00041ED4FF91200027D922041ED4220924CE086DFF05D6A872912000F7D9FF180EFE
:20CE4A0091200027D922041ED4220924CC086DFFF7D58FF203F134FF912000F7D9FF141E4A
:20CE6A0009CFC808B4FF912000F7D9FF180E14FF16036E22912000F7D9FF141E09CFC80891
:20CE8A00C21FB4FF912000F7D9FF141E09FFC00809C0C8087F0F1180912000F7D9FFF8CD75
:20CEAA0091200027D922F8CD092FC228C21F89FF82281D00E802A00491200027D922F4FD2C
:20CECA00D422F4A23C74D4A2092F5408EE0109205408DA0A7E01092F54085E11088F6E0F14
:20CEEA00088F911000F7D9FF9C6CC81F09F07008C210370068003E03D4A43C56D4AF09FF7A
:20CF0A00D808912000F7D9FF041ED4FF09F0C0085F0F4A80D4AF09FFD608912000F7D9FFD0
:20CF2A00041ED4FF09F0C2085F0F3E80D4AF481F911000F7D9FF9C6C09F00E095F0F34806F
:20CF4A00D4AF54FF911000F7D9FF9C6C09F012095F0F2A80D4AFC8327DF20280BD0412000C
:20CF6A00C83FEC43912000F7D9FFF4FDD4F2D4AFE832912000F7D9FFF4FDD4A2F4F23C0E86
:20CF8A00912000F7D9FFF8CD91200027D922F8CD092FCE28C21F89FF8E28D4AFC8327DF271
:20CFAA0002803C08D4A4D4AFC83FF4AFD4AFBD0F8CFFBD0FB680912000F7D9FF100ED4FFAF
:20CFCA00F4AF3C4809F05408DA0A3E01088F6E0E088F911000F7D9FF9C6CC81F09F070082E
:20CFEA00C210370068003E023C32D4AF09FFD808912000F7D9FF041ED4FF09F0C0085F0FF9
:20D00A002780D4AF09FFD608912000F7D9FF041ED4FF09F0C208FE0BD4AF481F911000F733
:20D02A00D9FF9C6C09F00E09FE02D4AF54FF911000F7D9FF9C6C09F012097E09D4A46D0028
:20D04A00840E40C46DFF73F21D002D02D4AFC83FF4AFBD0FB9FFA00491200027D922000EDD
:20D06A00D4253C330C586E0F0C58911000F7D9FF9C6CC81209207008C210370068003E0354
:20D08A0040543C21095FD60891200027D922041ED4220920C208FE06DA006E04405E404DF6
:20D0AA003C11DA016E0F545F91100027D9229C6C092012097E023C0BBC53545FEE03405EE7
:20D0CA00404D405409558C09BD05CEFF7C5340E540D4BD052600BC4FCC53EC43912000F7B2
:20D0EA00D9FF000ED4FFEC53912000F7D9FF000EF4F53C0E912000F7D9FFF8CD9120002750
:20D10A00D922F8CD092FCE28C21F89FF8E2840546D00EF0140C46DFF0AF21D00C401D4AF36
:20D12A00BD0F5301912000F7D9FF1C0EA002F4F2912000F7D9FF1C0E09CFC808ACF49120F0
:20D14A0000F7D9FF1C0EE81C91200027D9221C0E912000F7D9FF041ED4FFEC23912000F79F
:20D16A00D9FF300EA002F4F2912000F7D9FF340EDA0034FF912000F7D9FF2C0EDA00B4FFF1
:20D18A00912000F7D9FF180E14FF2E340CCD96012CCDD4A4094F38196E266DFF3EF93B303E
:20D1AA00FFFF3E2CD4AF09FF38196E1D912000F7D9FF141E09FFC0086E16D4A4094FEA08CE
:20D1CA00EE036D002E13912000F7D9FFF8CD91200027D922F8CD092FFE18C21F89FFBE183C
:20D1EA001D00D300912000F7D9FF3C0ED4A2F4F2D4A46D003C033B30FFFF5F2FC60091207D
:20D20A0000F7D9FF340E14FF6F3F1900D4AF09FF10296E0809F29029C8443B20FF4F2D0247
:20D22A00000091200047D944F4FDD4A56DFFB6F8D4A46DFF7AF61D00A800912000F7D9FFB2
:20D24A002C0E09FFC0086E1E912000F7D9FF2C0E09F4C008D4A5095F00296E08095F80291E
:20D26A00095490092D0F00003C0282023B30FFFF7E231D008A00912000F7D9FF2C0EDA006B
:20D28A00B4FFD4A46D00100176223C7E912000F7D9FF300E54FF6E3AD4AF09FF38196E0185
:20D2AA0009FFDA082E4C912000F7D9FF300ED4F46DFF3DF1D4A46DFF6FF33C6609FF0429C3
:20D2CA006E0E09F28429C844912000F7D9FF300ED4F68204D4A52D0200003C0BA0049120C2
:20D2EA0000F7D9FF300ED4F68204D4A56DFFEBF83B30FFFF7E223C487629912000F7D9FF53
:20D30A00300ED4FFD4A2892FB819912000F7D9FF340E14FF6F5F2B00D4AF09FF38196E0AD1
:20D32A00D4A20924B819092FB81908DF96202C4D3C1D09FFE8083B0086003E0609FFE80802
:20D34A00C21F89FFA808D4A5095F04296E0A095F842909549009A00682042D0F00003C0273
:20D36A0082023B30FFFF7E223C0F912000F7D9FF3C0EA002F4F2D4A46D00960076223C0426
:20D38A00D4A46D00720E912000F7D9FF3C0EA002F4F2912000F7D9FF300EA002F4F29120D5
:20D3AA0000F7D9FF1C0E481F6E0E912000F7D9FF1C0EC8146DFFBBF0912000F7D9FF1C0E40
:20D3CA00A002E8123C5D912000F7D9FF041ED4FF09F4CC086DFF34D38FF203F16F2F4E8074
:20D3EA00912000F7D9FFF8CD91200027D922F8CD092FC828C21F89FF8828912000F7D9FF85
:20D40A00F8CD91200027D922F8CD092FFE18C21F89FFBE18911000F7D9FF9C6CC814912013
:20D42A0000F7D9FF140E54F4912000F7D9FF380E54F5912000F7D9FF141E09FFC00842F5E1
:20D44A00911000F7D9FF9C6C49F5120A911000F7D9FF9C6C49F60E0A912000F7D9FF041E7F
:20D46A00D4FF09F6C208912000F7D9FF041ED4FF09F7C0086D00C11140C46DFF58F03C0195
:20D48A003C11912000F7D9FFF8CD91200027D922F8CD092FFE18C21F89FFBE1840C46DFF5B
:20D4AA0046F00090404F7CF191200027D922340E142F6F4F1B0009FFDA08AE4B09FF10294B
:20D4CA006E0809F29029C8443B10FF4F2D02000091200047D944F4FD40F56DFF5FF740F413
:20D4EA006DFF23F582123C0382023C010090404C91200027D922180E142F2E231D00F8004C
:20D50A007CC191200027D922180E142F6F4F3600911000F7D9FF9C6CC814912000F7D9FFC0
:20D52A00140E54F4912000F7D9FF380E54F5912000F7D9FF141E09FFC00842F5911000F717
:20D54A00D9FF9C6C49F5120A911000F7D9FF9C6C49F60E0A912000F7D9FF041ED4FF09F644
:20D56A00C208912000F7D9FF041ED4FF09F7C0086D0043111D00BB0091200027D922180E08
:20D58A00142F6F1FB40009CF5D0809C05C083F0F04801D00AD0009C455086DFF10F2402FEF
:20D5AA00BD0F1B80912000F7D9FFF8CD91200027D922F8CD092FC428C21F89FF84284CC6D2
:20D5CA006E09CCC609C49009A00582F42D0F00003C011D008D0009CF5D08C21F89CF1D08F9
:20D5EA0009FFDA08B71F81F4ACFD91100027D9229C6C092F120974FF91100027D9229C6CE7
:20D60A00092F0E096CF109CFD608ACFB91200027D922041ED422092FC008ACFCDA0389FFFF
:20D62A00140891200027D922380E542FC21F6CF9489F6CFB40F46DFF5DF689F2181989F27A
:20D64A00101989F2041989F21C1991200027D922380E542FC2FF89FF141909C29009E842AF
:20D66A0089FCBC190CC9160C2CF90CC82CF891200027D922F4FDD422E83291200027D9228B
:20D68A00F4FDF42F6D00081591200027D922F8FDDA01342F40F46D00870091200027D922E1
:20D6AA00041ED422092FCE0889FFA01809FFE01889FFA21840F4B0446DFF28DD09F4F20828
:20D6CA0040F5B04540246DFFBAF389F2B2083B20014040F46D00170C7626820440F46DFF42
:20D6EA00D5F03C0540F46D00C00C3C010090404C405D7CC109C28C090924CC086DFFA0D13C
:20D70A008FF203F12E0640D46DFF51F7A00D3C493C1809D28C090924CC086DFF91D18FF248
:20D72A0003F12E0BCCC309C28C09092FCC0882146DFF86D1A62FACF640D4D4DD6DFF2BF794
:20D74A00BD0D1200912000F7D9FF380E54F009CFC80842F0CCD3481F09D1C808421FA2F05C
:20D76A00EFF0D97FBD0D1E00CCD3481F912000F7D9FF380E54F009C1C8084210A20FEFFFE5
:20D78A001100CCD3481F912000F7D9FF380E54F0A20FACC409C4840909C4C8086DFF1CEFCF
:20D7AA00F4CD0090404C7CC1912000F7D9FF101E09FFC0086E5A912000F7D9FF001EDA0087
:20D7CA00B4FF3C456DFFCEF9DA003E26DA013E25DA023E243C2A3C493C3A6DFFC3F9DF4274
:20D7EA001280912000F7D9FF001E09FFC008C2EFC24F912000F7D9FF101E09F0C0087FF07F
:20D80A0003003C336DFFAEF98F8220F06DFFAAF9A62F3B8021003FF00380EE043B8021F028
:20D82A003C0189CFB2083C136DFF9CF9FF2203803C1C912000F7D9FF001E91200027D922D2
:20D84A00001E0920C0089AE242F0B4F0912000F7D9FF001E09FFC008912000F7D9FF101E41
:20D86A0009F0C0083F0FB0FF0090404C82027CC191200027D922180E14206F204E0009CF21
:20D88A0054085E2B91200027D922140E542009CF10197E0282123C2391200027D922380EA3
:20D8AA0054204CC97E0382123C1A912000F7D9FF380E54F04CC9A2F0EFF012804CC909C06A
:20D8CA00E80842F0912000F7D9FF380E54F1A210EFF0068009CFDA089602ACCDDF021A0034
:20D8EA0009CF5408EE01912000F7D9FF340E91200027D922340E142F960834FF09CFDA0856
:20D90A00BBE0FF0F260FACCD3B20FF2F1D00630382021D006003912000F7D9FF180E14FFDD
:20D92A002E1E09CF54081E2B09CF54081E3809CFDA089602ACCD82021D004D0309CFDA0814
:20D94A00AE47912000F7D9FF040E54FF6CC8DA0089CF2328DA0089CF222840C46DFF24FF23
:20D96A00912000F7D9FF180E14FF2E1A09CF54081E2709CF54081E3482021D002C0309C004
:20D98A005408DA093F0F0D00DA023FF00A005AF0911000F8D9FF84E390FFD4FFDC0F1D0042
:20D9AA001703912000F7D9FF180E14FF6F4FB000912000F7D9FF180E14FF6F1FA90091207B
:20D9CA0000F7D9FF140E54F009CF0419C21F5F0F9F80912000F7D9FF380E54FFC21F6CC976
:20D9EA004CC96CCB912000F7D9FF140E54FF89CF0419912000F7D9FF041ED4FF09FFCE0814
:20DA0A0089CFA01809CFE01889CFA218912000F7D9FF380E54FFC2FF89CF1419DA0489CF75
:20DA2A00140840C4B0446DFF71DB09C4F20840C5B04540246DFF03F289C2B20809CFF208B3
:20DA4A00532F20F03BC011017FF0078009CFF208532F20F03C033BC011F109C0F208534031
:20DA6A0020007FF0078009CFF208534F20F03C1009CFF208532F20F03BC011017FF007804F
:20DA8A0009CFF208532F20F03C033BC011F189CF881809CFE618EE0109CFE618C2FF89CF30
:20DAAA00A61809C4B0197C4809C4AC197C41D44F89CFAC193C04D44F89CFB0196DFF6BF565
:20DACA0009CF3019EE0582FF89CFB0083C07DA0089CFB008DA0089CF021809CF08296E0A9D
:20DAEA0009CF882909C49009820440C52D0F00003C0282023B30FFFF7E253B30FF2F1D00E2
:20DB0A006A0209CFDA089602ACCD3C40912000F7D9FF180E14FF6F4F3A00912000F7D9FF17
:20DB2A00140E54F4912000F7D9FF380E54F5912000F7D9FF141E09FFC00842F5911000F711
:20DB4A00D9FF9C6C49F5120A911000F7D9FF9C6C49F60E0A912000F7D9FF041ED4FF09F63E
:20DB6A00C208912000F7D9FF041ED4FF09F7C00840C46D00080E09CF4218FF6F0880DA000B
:20DB8A0089CFB00840C46D00960D1D002202912000F7D9FF180E14FF2E1E912000F7D9FF91
:20DBAA00380E54F04CC9C2FF7E0440C46D00090D1D00C500912000F7D9FF180E14FF6F4F99
:20DBCA00BE00912000F7D9FF140E54FF09C00419C210A20FEFFF858009CF1019912000F783
:20DBEA00D9FF140E54F0A20FEFFF7B80DA0489CF140809CF3C19EE0382A23C1809CFBC19AE
:20DC0A00486FEE0140C46DFFA0EF09CFBC19486F6E0B09CFBC19C86F09C49009820440C5A3
:20DC2A002D0F00003C033B00FF2F762B3B30FFFF3E2440C46DFFB0EE3B30FF2F1D00CB01FA
:20DC4A0040C46D00C901912000F7D9FF2C0E09FFC0086E0D912000F7D9FF2C0E91200027E8
:20DC6A00D9222C0E092FC008C2FFB4FF09CFF208532F20F03BC011017FF0078009CFF208B8
:20DC8A00532F20F03C033BC011F109C0F208534020007FF0078009CFF208534F20F03C1070
:20DCAA0009CFF208532F20F03BC011017FF0078009CFF208532F20F03C033BC011F189CFFB
:20DCCA008818912000F7D9FF340E14FF2E5809CFDA089602ACCDDA0789CF14083C2F912003
:20DCEA0000F7D9FF140E54F4912000F7D9FF380E54F5912000F7D9FF141E09FFC00842F519
:20DD0A00911000F7D9FF9C6C49F5120A911000F7D9FF9C6C49F60E0A912000F7D9FF041EB6
:20DD2A00D4FF09F6C208912000F7D9FF041ED4FF09F7C00840C46D00260D1D004A0140C4F0
:20DD4A006D004A01912000F7D9FF340E14FF2E5809CFDA089602ACCDDA0789CF14081D0069
:20DD6A00380140C46D003801912000F7D9FF340E14FF6F5F5C00912000F7D9FF180E14FFFE
:20DD8A006F4F4D00912000F7D9FF140E54FF09C010195F0F448009CF2C19EE4009CFDA0850
:20DDAA009602ACCD40C46DFFBDF2912000F7D9FFF4FDD4FF7DCF0A80912000F7D9FFF4FD9E
:20DDCA0009C28C09F4F23C11912000F7D9FFF4FDD4FF3C09C8327DC2068009C28C09E832E4
:20DDEA003C04C83FBD0FF8FFA00FECC3912000F7D9FFF8FDDA0134FFDA0A89CF1408912025
:20DE0A0000F7D9FF100ED4FFECC3912000F7D9FF100EF4FC6D0040113C0809CFDA089602A7
:20DE2A00ACCDDA0889CF14083C15912000F7D9FF180E14FF2E4F912000F7D9FF140E54FF8D
:20DE4A0009C010197E0709CF2C19EE04DA0689CF14081D00BE0040C46D00BE00912000F72C
:20DE6A00D9FF340E14FF6F5F400009CFDA089602ACCD40C46DFF56F2912000F7D9FFF4FD69
:20DE8A00D4FF7DCF0A80912000F7D9FFF4FD09C28C09F4F23C11912000F7D9FFF4FDD4FF87
:20DEAA003C09C8327DC2068009C28C09E8323C04C83FBD0FF8FFA00FECC3912000F7D9FFF2
:20DECA00F8FDDA0134FFDA0A89CF1408912000F7D9FF100ED4FFECC3912000F7D9FF100E1F
:20DEEA00F4FC6D00D9103C7440C46D007500912000F7D9FF180E14FF6F4F4800912000F7D5
:20DF0A00D9FF140E54FF09C010195F0F3F8009CF2C19EE3B40C46DFF05F2912000F7D9FF5E
:20DF2A00F4FDD4FF7DCF0A80912000F7D9FFF4FD09C28C09F4F23C11912000F7D9FFF4FDC8
:20DF4A00D4FF3C09C8327DC2068009C28C09E8323C04C83FBD0FF8FFA00FECC3912000F756
:20DF6A00D9FFF8FDDA0134FFDA0A89CF1408912000F7D9FF100ED4FFECC3912000F7D9FFC4
:20DF8A00100EF4FC6D0088103C2340C46D002400912000F7D9FF180E14FF6F4F1800912030
:20DFAA0000F7D9FF140E54FF09C010197E0F09CF2C19EE0C912000F7D9FF340E91200027E3
:20DFCA00D922340E142F961034FF3C023C0182023C0100902008404C7CC109CF5408FF4F9F
:20DFEA00028091200027D922180E142F6F4FFD0109C0E01809CF181942F009CF14199120EB
:20E00A000027D922380E5421A21FEFFF288009CF141991200027D922380E54217E1B09CFBE
:20E02A001819912000F7D9FF140E54F1A21FEFFF168009CF1819912000F7D9FF140E54F189
:20E04A005F1F2E80912000F7D9FF041ED4FF09FFCE0809C1E0187FF12380912000F7D9FFE2
:20E06A00041ED4FF09FFCE0889CFA01809CFE21809C1E0187F1F068009CFE01889CFA21819
:20E08A00912000F7D9FF380E54FF89CF1419912000F7D9FF140E54FF89CF181909CF041965
:20E0AA00912000F7D9FF140E54F1A21FEFFF4F80912000F7D9FF141E09FFC008EE4509CF64
:20E0CA00181909C1E018421F5F0F3F8009CFB008BF0F3B0009CF0419912000F7D9FF140E85
:20E0EA0054F05F0F328009CF4318C21F370F68F009C043187FF0078009CF4318C21F89CF7A
:20E10A00031809CF4318BF4F198009CFC81809C0F208420F370F70F009C0C8183F0F0A800D
:20E12A0009CFC81809C0F208420F89CF88183C05BBF0FFFF89CF881809CF4318BF3F058079
:20E14A0040C46D007A0A1D001801912000F7D9FF140E54FF09C00419C210A20FEFFF0A81B3
:20E16A0009CF1019912000F7D9FF140E54F0A20FEFFF008109CFDA082E2E09CFDA08BBB053
:20E18A00FF0F260FACCD09CFCA1889CF8818DA0089CFAA18DA0089CF021809CFBC0886DFC6
:20E1AA0009C0BE08420F89CF8018912000F7D9FF140E54FF09C00419A20F370F70F08200D1
:20E1CA0089C00318912000F7D9FF140E54F089C0041909C05408BF40678009C0C81809C107
:20E1EA00CA187F102A8009C0DA086FB0040082103C02822009C1F208E201370170107F1FBD
:20E20A0003803C0609CFF208E2F0370070F009C0C81842F03700700009C1C8183F100880F1
:20E22A0009C0C81842F089C088183C05BBF0FFFF89CF88183C3809C0EA1842F03700700016
:20E24A0009C1EA183F10088009C0EA1842F089C0AA183C05BBF0FFFF89CFAA1809CFEA182B
:20E26A0009C0C8183F0F208009CFEA1809C0C818A20F89CFAA1809CFC81809C0F208420FE3
:20E28A00370F70F009C0C8183F0F0A8009CFC81809C0F208420F89CF88183C05BBF0FFFF9F
:20E2AA0089CF881809C5B01991100068D966B4D309C7AC1940C46DFF0AF489C2B01909C511
:20E2CA00AC1991100068D966BCD309C7B01940C46DFFFDF389C2AC1909CF3019EE0582FFFA
:20E2EA0089CFB0083C04DA0089CFB008DA0089CF1C0809CF2C19EE04DA0089CFA81809CFAB
:20E30A00E418912000F7D9FF2C0E09F0C008420F89CFA41809CFDA086FBF2B0009CF3019E3
:20E32A00EE1609CF2C196E0C09CFAC19C83F48146DFF70CB09CF0C19A2F2EFF2088009CFBF
:20E34A00DA08BBF07F0F260FACCD3C1209CFB019C83F48146DFF5ECB09CF0C19A2F2EFF291
:20E36A00088009CFDA08BBF07F0F260FACCD3C0440C46D00560A4CCD6E374CCE912000F7D9
:20E38A00D9FF140E54F0A20FEFFF2F00912000F7D9FF040E54F04CCDA2F0370050F009C0A6
:20E3AA00BC0886D0A20F370F50F009C0BC0842F089C0BC08CEF4325F370F50F009C0BE08CE
:20E3CA0086E0A20F370F500009CFBE08420F89CFBE0809CFBC0886DF09C0BE08420F89CF40
:20E3EA008018DA006CCD912000F7D9FF141E09FFC008BF1F8F8409CF5408FF7F8B844CC91F
:20E40A00912000F7D9FF380E54F0C210A20FEFFF6A80912000F7D9FF380E54FF912000F7CC
:20E42A00D9FF141E09F0C008420FC2FF09C02409A20FEFFF5880912000F7D9FF1C0EC81402
:20E44A004CC9912000F7D9FF380E54F05200912000F7D9FF1C0E481FEE01BBF0FFFF3FF069
:20E46A00028037007040912000F7D9FF1C0EC81F09FFC8087F4F0200912000F7D9FF1C0E46
:20E48A0091200027D9221C0E092FC808A24FACF4912000F7D9FF1C0EC81F09FFC808A24F82
:20E4AA00370F70003C0B094FCA08A2F43704704089408808DA00AC45D444094FCA083F4FB6
:20E4CA00F4FF6DFFCAE8912000F7D9FF380E4CC974FF912000F7D9FF1C0EC83F4CC96CF1B0
:20E4EA003C0E912000F7D9FF380E54F04CC9A2F0EFF0060009CFDA089602ACCD912000F7BF
:20E50A00D9FF380E54F04CC9A2F0EFF0FF834CC909C0E808420FC2FF912000F7D9FF380EE1
:20E52A0054F0A20FEFFFF2834CC9912000F7D9FF380E54F05F0F9882912000F7D9FF1C0E28
:20E54A00C83F09F4CC086DFF7BCA8FF203F116036E0382103C028200912000F7D9FF141E25
:20E56A0091200027D9221C0E092FC808420FB4FF912000F7D9FF141E09FFC00809C0E8084D
:20E58A007FF08880912000F7D9FF1C0EC83F09F4CC086DFF55CA8FF203F16F0F2200912027
:20E5AA0000F7D9FF1C0EC83F09F4CC086DFF48CA8FF203F1B70F0140912000F7D9FF1C0EDC
:20E5CA00C83D912000F7D9FF1C0EC83F09FFCC08BBF00F0C260F6DFF33CAA62FACD6912033
:20E5EA0000F7D9FF1C0E09CFE808ACF4912000F7D9FF1C0EC83F09F4CC086DFF21CA8FF256
:20E60A0003F12E1D912000F7D9FF1C0E91200027D9221C0E092FC808C2FFACF4912000F7F9
:20E62A00D9FF1C0EC814912000F7D9FF1C0E09F4C8086DFFD1E7912000F7D9FF1C0EC83FA6
:20E64A0009F4CC086DFFFCC98FF203F116036E0382103C028200912000F7D9FF141E9120FA
:20E66A000027D9221C0E092FC808420FB4FF912000F7D9FF380E54F0912000F7D9FF141E7C
:20E68A0009FFC00842F04CC909C1E808421F3E0109CF3419DF0FF100912000F7D9FF1C0E51
:20E6AA00C83F09F4CC086DFFCBC98FF203F16F0F11003C0A09C4B41909CFB419D4FF89CFC4
:20E6CA00B4196DFF68EF09CF3419EEF51D00D50009CDB4193C4909D28C090924CC086DFFA1
:20E6EA00AFC98FF203F16F0F3C00912000F7D9FF1C0EC83F09F4CC086DFFA2C98FF203F19B
:20E70A006F1F2F80912000F7D9FF1C0EC83E912000F7D9FF1C0EC83F09FFCC0882146DFF73
:20E72A008FC9A62FACE6912000F7D9FF1C0EC83F09F4CC086DFF84C98FF203F116036E03D6
:20E74A0082103C028200912000F7D9FF141E91200027D9221C0E092FC808420FB4FF40D48E
:20E76A00D4DD6DFF18EFBD0D1600912000F7D9FF380E54F0912000F7D9FF141E09FFC008FF
:20E78A0042F0CCD3481F09D1C808421FA2F0EFF0A47FBD0D7000CCD3481F912000F7D9FFD8
:20E7AA00380E54F0912000F7D9FF141E09F1C0084210A20FEFFF5F0091200027D9221C0E04
:20E7CA00CCD3481F912000F7D9FF380E54F0A20FAC24912000F7D9FF1C0EC83F09F4CC081C
:20E7EA006DFF2EC98FF203F12E1D912000F7D9FF1C0E91200027D9221C0E092FC808C2FF7C
:20E80A00ACF4912000F7D9FF1C0EC814912000F7D9FF1C0E09F4C8086DFFDEE6912000F779
:20E82A00D9FF1C0EC83F09F4CC086DFF09C98FF203F116036E0382103C028200912000F7BD
:20E84A00D9FF141E91200027D9221C0E092FC808420FB4FF912000F7D9FF380E54F09120E0
:20E86A0000F7D9FF141E09FFC00842F0CCD3481F3E0189CDB419912000F7D9FF380E54FF0A
:20E88A00912000F7D9FF141E09F0C008420F6CC909CFE808912000F7D9FF141E09F0C0083A
:20E8AA007F0F028009CFE808912000F7D9FF141E09F0C008A20F89CFA80840C46DFFD2F018
:20E8CA00912000F7D9FF1C0EC81F09FFC8086E1191200027D922300E912000F7D9FF1C0E8B
:20E8EA00C81FF42F91200027D9221C0EA00FEC21912000F7D9FF1C0EC83F09F4CC086DFF5D
:20E90A009FC88FF203F12E0C912000F7D9FF340E91200027D922340E142F962034FF1D00B7
:20E92A00840009CDB41991200027D922380E4CC9742F09D28C090924CC086DFF81C88FF22E
:20E94A0003F116036E0382113C0282014CC909D0C8084210420F6CC9CCD309F4CC086DFF69
:20E96A006FC88FF203F116036E03DA013C02DA0009C1E80809D0C80842F07F010280CCD32E
:20E98A0009F4CC086DFF5CC88FF203F116036E03DA013C02DA0009C1E80809D0C80842F085
:20E9AA00A20189C1A80840C46DFF5CF0CCD109FFC8086E1A912000F7D9FF300E54FF6E0B6D
:20E9CA00912000F7D9FF300ED4F409D584096DFFBBE43C08912000F7D9FF300E09D28409C7
:20E9EA00F4F2A00FECD1CCD309F4CC086DFF28C88FF203F16F0F1300912000F7D9FF340E27
:20EA0A0091200027D922340E142F962034FF09CF54085E44DA0789CF1408D4DF89CFB419A8
:20EA2A0040D46DFFB8ED09CF34196E0909CFB419C83F481F09C024095F0F757F09CFDA08E6
:20EA4A002E0C09CFDA08BBE0FF0F260FACCD09CFDA089602ACCD3C0509CFDA089601ACCD8B
:20EA6A001D00530109CF3419EE0B91200047D9441C0E6DFF7BED89C2B4191D004301A00DC4
:20EA8A0009CEB4191D003C0191200027D922380E5420CCE3481F5F0F2480912000F7D9FF39
:20EAAA001C0E09FFC80809E0C8087FF0188054EFEE031D00270191200047D9441C0E6DFF66
:20EACA0055EDBC2ABCD3F4D23C0389C2B419402440E56DFF0EF61D0015011D001301BD0D31
:20EAEA001C80912000F7D9FF380E54F0CCE3481FA2F0EFF0110091200047D9441C0E6DFF23
:20EB0A0035EDBC2789C2B419402440E56DFFF1F51D00F8003C45912000F7D9FF380E54F053
:20EB2A00CCD3481FC21FA2F0EFF03B80CCE3481FC2FF912000F7D9FF380E54F0A20FEFFF38
:20EB4A00308091200047D9441C0E6DFF0FEDF4A2BD022500912000F7D9FF380E54F0CCD331
:20EB6A00481F09D1C808421FA2F0EFF01200912000F7D9FF380E54F0CCD3481FA2F089D09B
:20EB8A00880809D4840909D4C8086DFF25E5D4AFF4DFD4A440E56DFFACF51D00B30040ED51
:20EBAA0054EFDF0FAC80CCE3481F912000F7D9FF380E54F0A20FEFFFA200CCE309F4CC080D
:20EBCA006DFF3EC78FF203F12E031D009B0091200047D9441C0E6DFFC9ECF4E254EFDF0FF5
:20EBEA008D00912000F7D9FF380E54F0CCE3481F09E1C808421FA2F0EFF01200912000F718
:20EC0A00D9FF380E54F0CCE3481FA2F089E0880809E4840909E4C8086DFFDEE44CC909C0A4
:20EC2A00E808420F912000F7D9FF141E09F0C008912000F7D9FF380E54F14210A20FEFFF1A
:20EC4A005D00D4EFC83F09F4CC086DFFF9C68FF203F16F0F1900D4EFC83F09F4CC086DFF74
:20EC6A00EFC68FF203F1B70F0140D4EFC83DD4EFC83F09FFCC08BBF00F0C260F6DFFE0C6DE
:20EC8A00A62FACD6D4EF4CC909C0E808420F91200027D922380E5420A20FACF4D4EFC814B4
:20ECAA00D4EF09F4C8086DFF97E4D4EFC83F09F4CC086DFFC5C68FF203F116036E038210B0
:20ECCA003C028200912000F7D9FF141ED4E2092FC808420FB4FF912000F7D9FF380E54F0EC
:20ECEA00912000F7D9FF141E09FFC00842F04CC909C1E808421F3E013C04D4EEBD0EC6FE56
:20ED0A0040C46D008E053C0440C46D008A053C1B912000F7D9FF380E54F04CC9A2F0EFF0BE
:20ED2A000F804CC909C0E808420FC2FF912000F7D9FF380E54F0A20FEFFF060009CFDA08F1
:20ED4A009602ACCD0090912000F7D9FF180E14FF2E223C677C41912000F7D9FF180E14FFE6
:20ED6A006F1F4600912000F7D9FF380E54F04C49A2F0EFF03C804C490940E808420F912019
:20ED8A0000F7D9FF380E54F0A20FEFFF3080912000F7D9FF140E54F4912000F7D9FF380E11
:20EDAA0054F5912000F7D9FF141E09FFC00842F5911000F7D9FF9C6C49F5120A911000F7DD
:20EDCA00D9FF9C6C49F60E0A912000F7D9FF041ED4FF09F6C208912000F7D9FF041ED4FF3F
:20EDEA0009F7C0086D00CF043C1C3C0D912000F7D9FF180E14FF2E07912000F7D9FF040EE0
:20EE0A0054FF6C48912000F7D9FF141E09FFC0086E07094FDA089602AC4D6D0026013C014E
:20EE2A000090912000F7D9FF340E91200027D922340E142F961034FF0090404D405C024A40
:20EE4A000259026F7CD17CC12E0382483C02820882446DFFDFDF402F7CF640C46DFF67E304
:20EE6A00A0023C4F2CFAA002F4F2E81C09CFC8087F8F028009CFC808A28FACF43B4001403C
:20EE8A0040C46DFF62E1DF02140091200027D922F8CD91200047D944F8CD094FCC28C21F21
:20EEAA00892F8C2840F46DFF76EBA0023C2AC81209228409E832C83C09D4D6086DFFC0C577
:20EECA00B4C2C83C09D4D8086DFFBAC589C28208C83C02946DFF9EC589C20409C83C8B08D9
:20EEEA0080F2CA3886E8C2588FC82040A6A46DFFA7C589C28C08C832DA00AC2940F23C013C
:20EF0A000090404F024A82088F3A00F1EE017CF16F1A030082186F08040082493C028209A7
:20EF2A003B8003403B00286002956DFF47E1BD02158009FFDA089680ACFD912000F7D9FF5E
:20EF4A00F8CD91200027D922F8CD092FC428C21F89FF842882F23C620920CA087F90028073
:20EF6A0009F51C1940F4402502A402866DFF67FFBD02158009FFDA089680ACFD912000F716
:20EF8A00D9FFF8CD91200027D922F8CD092FC428C21F89FF842882F23C41DA006E043B8001
:20EFAA0000003C0282404C234B0F11027611092FC8086E0109FF2C19EE0489F2AC193C08AA
:20EFCA0009F4AC193C02D444544FEEFEF442DA0089FFA8186F1A04806F0A070009FF1C195E
:20EFEA00C21F89FF1C196F0A060009FFDA089620ACFD09FFE618092484096DFFCBE1422F58
:20F00A0089FFA61809FFE6186E0709FF3019EE0409FF2C19EE0182023C010090404FDA00EC
:20F02A006E03DA043C02DA007CF109F41019C2F46DFFF0C4820540F402F402266D005F0150
:20F04A00402C7CC382F23C0F8204820540F440C56D00F50140F7B04740F440C540F66D0089
:20F06A00AD013C0100902008404C7CC109CF54085E1191200027D9223C0ED4227DC20580A0
:20F08A0082021D003B0109CFE01809C0C8187F0F058009C8E0183C0309C8C81809CDAC19A9
:20F0AA007CDB09CFDA082E1640C46D00BA031D0025011D001B0140C6B04640C440C56D00D5
:20F0CA005503F4A27C2482C21D001801BCC354CFEE0BBC23B0423C02A0027C2482C21D00D1
:20F0EA000D01542074C0CCD348146DFF93C409C00419A20209D0C80842027F281E8009CFFE
:20F10A00E018FE8009CF3019EE0D09CF6128EE0ADA0089CF2028DA0189CF2128DA0089CFD2
:20F12A00222809CFDA082E1640C46D007A031D00E5001D00DB00DA0089CF212809CEB0197A
:20F14A00BCE53C02D4EE54EFEEFE1D00BC0009D28C090924CC086DFF73C48FF203F12E2124
:20F16A0009CF30196E1C09CFDA081644EE1809CF2C196E0D09CFAC1954FFEE1109CFAC199C
:20F18A0009FFC80809C0F2087F0F0A8009CFE4186E0609C0E618DA103FF00480DA013C02ED
:20F1AA00DA00EE0709CFDA0816A0EE031D00980009CF54081E2CCCD309D28C09092FCC08C7
:20F1CA003B0001406DFF3CC4A62FACF640D440C5D4A66D004801762709CFDA089680ACCD97
:20F1EA001D008C00D4DF89CFAC1909CF54081E2709CFDA08BBC0FF0F260FACCDCCD309F486
:20F20A00CC086DFF1DC48FF203F116036E0382193C028209CCD348146DFFFCC309DFC80882
:20F22A00429F42F209CF1019A22FEFFF040089C21019CCD309F4CC086DFF02C48FF203F160
:20F24A0016036E0382103C02820009DFC808420F6E34A00FF4DF09CF3019EE0589CDB01968
:20F26A0040DE3C2ACCD348146DFFD4C3022FCCE348146DFFCFC3A22FEFFF1D0049CF301A8A
:20F28A003C02D4FF54FF6E12D4F209228C09092404096DFFBFC3022F09D28C0909240409F7
:20F2AA006DFFB8C3A22FEFFFEEFFD4F2F4D2F4FD3C03F4ED40DE3C0440D46DFF6CE909CD0B
:20F2CA00AC19BCDDCCD348146DFFA4C309CF0419A2F209DFC80842F27F283BFF09CF2C1985
:20F2EA00EE04DA0089CFA81809CFDA08BBF0F70F260FACCD82023C0100902010404F0B45A7
:20F30A00100802677CF109FFD608B4AF09FFD808ACA2DA102CA809FFEA08ACA64894020589
:20F32A0002166D000A00BC26489F09F0EA08420F6CFB3C0100900B541088027F09AAC00808
:20F34A0009ABC40809AC480809ADCC083B4002408B48015042653B0028606DFF2FDF402C63
:20F36A00BD0C290009C0CA088B4801107F100200CCC102A46DFF64C3B4F202B46DFF60C3D0
:20F38A00A8126CF102946DFF45C368228B0880F2CA3886E8C2588FC82040A6C46DFF50C389
:20F3AA00A86202D46DFF4CC3A872DA00ACF8DA00ACF940C23C0100902008404F405C406D02
:20F3CA00407E7CC140F440D540E66D00CF017C2640C46DFFACE082C23C09F4A240F440C586
:20F3EA0040D640E76D0004003C010090405FD4A27C21BC4609444B0809454A083C043BF029
:20F40A000F40820591200047D944F8CD91200057D955F8CD095FF818C21F894FB81882664E
:20F42A0040F44065407640276DFFD7CD022F40F46DFF7DE002F23C01009082007C51CC5161
:20F44A0049F2140A6F04040082413C028201534020F010FF01F100F649FF140A7DF20200DD
:20F46A000090404F405D406E7CF17CD17CE140F46D008700762482021D008200C83C09D43B
:20F48A0024096DFFC7C289C20809C83C09D4EA086DFFD6C289C28E084CD909D0EA08420FEB
:20F4AA006CDBC832492C140A08AF6F0F12003B80214040D5B04540E46DFFC1E4B7021048BB
:20F4CA007B4020F0A6F46DFFA5C274C2B04C09DFB008CEF4DA0089DFB0084CDDEE0E912086
:20F4EA000027D922040E542F6CDDC832092404096DFF90C289D23809483FC81209200409DD
:20F50A00A20F370F70F0EE01C812C8140940CA08A2F089208A08C812C8140940C808A2F09C
:20F52A0089208808C812C83489248409C832DA00AC2808AF2E03DA043C02DA00C8321022C6
:20F54A004922140A7D2C020091200027D922F8CD91200047D944F8CD094FF818C21F892FFA
:20F56A00B818C81440D6B04609D44B0809D54A08826640D540E76DFF30CD3C0100907C4152
:20F58A00CC4108EF1E1382123C0382023C010090025F404F7CF17C513B002800026502060C
:20F5AA006DFF0CDE7C23A0023C0A542076010920CA08A2F0B4F0AC24AC253C010090404C4E
:20F5CA007CC109CF3019EE0382A23C3509CDB01940D46DFFD6FF762382A23C2DD4D289C232
:20F5EA00B01949CE2C1A3C02D4EE54EF6E0ED4EFC83F48146DFF0EC2022FCCD348146DFF22
:20F60A0009C2A22FEFFFF2FFD4EFF4DFF4ED54DFEE04DA0089CFA81809C04218DAFF7FF06C
:20F62A00078009CF4218C21F89CF0218DA006CCD82023C010090404F7CF109FF30196E395C
:20F64A0009FFDA086F2F368040F46DFFBAFFDF02318009FFC81809F0E0187F0F058009F092
:20F66A00C8183C0309F0E0188B0080F2CA1086F089F08A1809FFCA1809F0F2085320200098
:20F68A007F0F088009FFF208532F20F089FF8A1809FFF208823009F1CA18030F0AF189FF67
:20F6AA00881809FFDA089604ACFDDA0089FFB0080090404F7CF140F46D001500F62440F4C9
:20F6CA006D00030000907C4109404218DAFF7FF00780094F4218C21F894F02186DFFC5FC3F
:20F6EA000090404C7CC109CF3019EE0382A23C3C09CDB0193C0840D46DFF43FF762382A297
:20F70A003C33D4DD54DFEEF840D46DFF3AFF762382A23C2A09C2AC19F4D209C2B01989C295
:20F72A00AC19A00F89CFB01909CFDA08B71F81F5ACCDCCD309F4CC086DFF82C18FF203F117
:20F74A0016036E0382183C028208CCD348146DFF61C109DFC808428F42F289C20C19DA0023
:20F76A006CCD82023C010090BC480C486E06094448086DFF5ADC3C0540646DFFC7CC3C01C9
:20F78A000090404F405C406D40F440C540D66D000A00BC2740F4402540C640D76DFF0EFE20
:20F7AA0000902010404F0B561088027A7C517C61DA006E03824B3C02820B3B8000C66DFF01
:20F7CA0029C1B4A989AA8408DA142CA889AC8C0882060B8B104802276DFFAFFD402C7CC32C
:20F7EA00A0023C098204820540F440C56DFF27FE40C23C0100902008404F405C406DBCFFB7
:20F80A00A00440C540D66DFFCEFFBC28F4AFA004402540C640D76DFFEBFD3C010090404F89
:20F82A00DA0082087CF12E0382493C02820909F410196DFFEFC0820540F4029402266DFF02
:20F84A005EFD402C7CC709FFDA089603ACFD82E23C1B40F440C50BF810486DFFF0FD40F789
:20F86A00B04740F440C540F66DFFA8FD762609FFDA089603ACFD3C0709FFDA08BBC0FF0F89
:20F88A00260FACFD3C010090404D7CD109DF2C196E1F09DFAC193C02D4FF54FFEEFEC83228
:20F8AA000924CC086DFFCCC08FF203F11607EE10C83CC83F09FFCC0882146DFFC1C0A62F76
:20F8CA00ACC609DFDA089620ACDD82023C06821440D46DFF18FB3C010090404C0248A00D64
:20F8EA007CC109CFAC197CF482F21D00B000F68482A21D00AC0009F0C8083F0805808202F3
:20F90A001D00A50009C0F2087F80028009F0C808F60108A96F090400824A3C02820A09F05B
:20F92A00C808A280370070B03B8003401AAB370F70503B0028606DFF41DC402E7CE23C72E5
:20F94A00C8120920C80809F1C808A210428037007050C81409E28409012A005602B46DFF9E
:20F96A0040DD5FB203003C5EC8320924CC086DFF67C08FF203F1820A2E35B70F81F18F8A6F
:20F98A0040A12E05B70F01F08F1A40A1C832092404096DFF3FC00B82005040C440E502A4BD
:20F9AA0002966DFF4CFA402D7CD3A00E3C3B09C8E618C8146DFFEEDCA22889C8A618C8147C
:20F9CA00C8120920C808A2B0370070406DFF04DE09F0C808A2B0A840C83EC8320928CC08BB
:20F9EA0002F46DFF2DC0A62889E88C0809CFE618C8146DFFCFDC422F89CFA61809CFE618B5
:20FA0A0009D484096DFFC6DC422F89CFA618D4F2F4D2F4FD54DFEE04DA0089CFA8188202C5
:20FA2A003C15912000F7D9FFF8CD91200027D922F8CD092FC428C21F89FF8428BCD1BCE428
:20FA4A0040E46DFF74DD82F23C0100902020404C89A58C090248A00DA00EA00FF802A00FEE
:20FA6A00F8048209820089A08408820A7CC53B00FF2F1D00A80109C1F20809C0E2188B00B0
:20FA8A0080F2CA1086F07F01050009CBF2083C0809C0E2188B0080F2AB1020BF86FB76B200
:20FAAA003C0309CBF2088F1540C1D8037CF53B00FF2F1D00880140C402846D008501762319
:20FACA001D00810109CDE618DA006E03824E3C02820E09CF2C196E4309CDAC193C02D4DD68
:20FAEA0054DFEEFE0CDA2E03DA043C02DA0009D0C80842F07F0B020009D0C80842F05A0B29
:20FB0A00370F70F009C0E81889A0840809C0E818BF10208009C0E8187F0F028040DE09C0BF
:20FB2A00E8187F80058009C0E8183C0202807F0F040002FA3C0909CFE8187F8F058009CA9D
:20FB4A00E8183C02028A42A909CFE818A2AFACA209AFC4086E035F8902003C0409CFE81878
:20FB6A006E011D008E005A98370F70F078055AEB370F700058057F0F03803C0389A014095E
:20FB8A006F0C2900A002D804012F00F434AF3B800340580542EF370F705049A4040A02B6ED
:20FBAA0040C502C76DFFF6FC402E7CE31D00E40009E0CA0858057FF0028009E28409012E91
:20FBCA000046D80301F9005609A414096DFFF4D73C2909AFC4086E013B800340821609A50D
:20FBEA0014096DFFEBDA89A298097C231D00C400D80301F90026D806E8123B8003403B0055
:20FC0A00286002E56DFFDADA402E7CE709A498096DFF8DDC1D00B00040E409A598096DFFAB
:20FC2A0093DB40E46DFFB6DB422D370D70D0DA016E03DA103C03BBC0FFFF7FDF078040E441
:20FC4A006DFF75DC1D009800820409C51C19429540C440E582066DFFF2F8402E7CE31D00D7
:20FC6A008B00D8047CF489AE90093C04D8027CF1F4FE89AE8809580542F9370970903F89F2
:20FC8A0074FFBF1A1F80CCD13C1509FFC80842AFACF454FFEE0EC81209FFCA08102409A533
:20FCAA008C0902A46DFF88D709FFCA0842AFACF5D4FFBD0FECFF09DFC80842FA89DA880857
:20FCCA0009AFC40889CFA818A00FBCFE7CD109D48409A0056DFF38DB09DFC8080500080C69
:20FCEA00420FACD43C1BDA006E19BCD34CD1EE01CCD13C0609FFC808C20FACF4D4FF54FF88
:20FD0A00EEFA09FFC808C20FACF409FFCA08C20FACF509DFC808C20FACD47CD5D80489CFCE
:20FD2A00AC193C03D804F4DF09CF1C19428F89CF1C1909CFE418A28F89CFA41889CDA6186E
:20FD4A0076D709CF3019EE0409CF2C19EE01BD0E11004CE36E0E6F1C0D80CCE309E28C095F
:20FD6A00092FCC083B8000406DFF6ABEA62FACF682023C2809CFDA089680ACCD912000F78E
:20FD8A00D9FFF8CD91200027D922F8CD092FC428C21F89FF8428A00FBCF4A0046DFFC7DBDA
:20FDAA00D804BCF509A490096DFF01E409CFE6186E0709CF3019EE0409CF2C19EE0182F237
:20FDCA003C0100907C41094F54081E4D094F54081E7A094F54081E27094F54081E343B509A
:20FDEA00FF2F3C3DF64382023C3A094FE4187F4F0880094FDA089680AC4D82F23C30DA0171
:20FE0A006E03DA103C03BBD0FFFF0940E6183FF01580912000F7D9FFF8CD91200027D92292
:20FE2A00F8CD092FC428C21F89FF8428094FDA089680AC4D82F23C13094FE6186E08094F8A
:20FE4A003019EE04094F2C19EE013C07094F3019EE04094F2C196E0182023C010090404C12
:20FE6A00DA006E0382483C0282087CC109CFAC197CF382023C6009C06228DAFF7FF0078010
:20FE8A0009CF6228C21F89CF22288209C8320924CC086DFFD5BD8FF203F12E0509FFC8086F
:20FEAA00EE028219769382053C028215C8320926040940C402846DFF22FA402E7CE382F2BF
:20FECA003C3A09ED8409769D09DFCC08BBF00F0C260F3B1001406DFFB3BDA62FACD63C1149
:20FEEA0009E284094925140AC8148214C812092FC80809F0C808A20F370F70506DFF71DA69
:20FF0A00C83F48146DFF86BDC21209CF1019A22FEFFF040089C210198204820540C440E583
:20FF2A006DFF8DFA40C7B04740C440E540C66DFF45FA3C010090404FC8122D0200006DFF1B
:20FF4A0095CB91200027D922181E542454FF42F45A24BBF0FF0F9BF0FF077FF00480DA0197
:20FF6A003C02DA006E0B54F4422491100048D944C0DF40F56D001C003C0891100048D9448B
:20FF8A00C0DF40F56D0014000090024F404F405CBBF0FF0F9BF0FF037FF002806DFF66CB22
:20FFAA00122440F440C56D00030000900248404F405C82546DFF2ED77C237C213C4EA004A2
:20FFCA00F424EC22892C8C0989280409912000F7D9FF1C1E54FFEE07912000F7D9FF1C1E2D
:16FFEA00F4F23C3B912000F7D9FF1C1ED4FF481F0BF88000BBF082
:02000004800179
:20000000FF1F9BF1FF177F010480DA013C02DA006E0D912000F7D9FF1C1ED4FFF42F91204D
:2000200000F7D9FF1C1EF4F23C1D912000F7D9FF1C1ED4F43C15544F6E0ED44F481F5AF8AA
:20004000BBF0FF0F9BF0FF077FF00480DA013C02DA006E05D44FF42FF4423C04D444BD0468
:20006000ECFF009082183C19538820F0911000F8D9FFA4E310FF54F491100048D944C0DF37
:20008000538820F0911000F8D9FFA4E310FF80FF60F56DFF81FFC218BF28E8FF00909120C5
:2000A00000F7D9FF201E54FFEE1C912000F7D9FFF4FD54FFEE07912000F7D9FF100E54FF2C
:2000C0006E10912000F7D9FF201EDA0174FF3BA00F4091100048D9442230A0056DFF5CFFA8
:2000E00000906DFFAEE4912000F7D9FFF4FD54FFEE07912000F7D9FF100E54FF6E0B3BA074
:200100000F4091100048D9442230A0056DFF44FF3C07912000F7D9FF201EDA0074FF009006
:20012000D44FD4FF484F820102F048B382020F20A0800F31A0903C01D44FD4FFBCF1820419
:200140006DFFDAAF913000FF39FF3006160F4B0F41F14BF251F03C013C010B8910486DFF7B
:20016000A9BA4BF251F03B0040029B4097044B0F41F04B0F71213C010090404C820209CF7F
:200180007C08EE1B82083C1453C821F010CF481540C402846D001400F62A53C821F010CF5A
:2001A000088F6E0540C402846D008200C218BF28EDFFDA0189CF3C083C010090404C024AF3
:2001C0000258820CFF2A0580DA647FF80480821C3C6BD4CF481B82093C31D2100B011048C7
:2001E000DA003C0B53244000530440201325402242210B011048C21F8B0902003F0FF4FF57
:20020000820702B66DFFA6810B231068BB0024449BF400408205734668007356682003472F
:2002200068224221820302820B2030F10B1300F20B31A0F2EE023C05C219DA1F7F9FCFFFAD
:2002400053CA21F010CF820302B2820102807302684073126860030368664265BB0024642B
:200260009BF6006082076DFF75818B090001CE0E3B00FEFF3FF007008B000200172380304C
:200280003C0CA2F00F0300303C08DA207FF005000F0200303C028203684353CA21F010CFD4
:2002A000370968F02CFE02C23C010090404C02498208FF291780F697D4CFD4FF09FF7C083C
:2002C00016011E1FDF190980D4CFD4FF09F07C08370061F21E1653C921F010CF484FEE0304
:2002E00082183C3DD4CFD4F453C921F010CF49F50C0A6DFF9DB7DF023200D4CFD4FF484F40
:20030000820102F048B382020F20A0A00F31A0B03C01D4CFD4FFBCF182046DFFEDAE91303C
:2003200000FF39FF3006160F4B0F41F14BF251C03C013C0153C921F010CF0BAB10486DFF51
:20034000B9B94BC251F03B0040029B4097044B0F41F04B0F71F16CF63C02821802823C01A8
:200360000090404C405D7CD5910000D8D9DD38007CC43B00FF2F3C4E820891200027D9228C
:20038000241ED42F3C067DFC048082183C04C83FBD0FFBFFF6486D0029020224F6438282F9
:2003A0003C393C23912000F7D9FF241ED4FF3C1B7DFC19000CC92E24089F6F2F148009FFE3
:2003C000D208FE40DA016E0A54F054DF3E09BCD854DF6E06BCF554FF6E03DA006E038282F5
:2003E0003C19C83FBD0FE6FF7CD3DA003C0254DF74CF89C49208F68C912000F7D9FF241EE8
:20040000D4FFECC3912000F7D9FF241EF4FC82023C0100902008F4A4405CD4A27C217CC1AB
:2004200091200027D922F8CD91200047D944F8CD094FE218C21F892FA218D4AF09FFCA0848
:20044000FF8F2180912000F7D9FFF8CD91200027D922F8CD092FEA18C21F89FFAA1891207A
:2004600000F7D9FFF8CD91200027D922F8CD092FE618C21F89FFA618D4A46DFF5DD81D00BD
:200480003B01C81F91100027D9229C6C0924120991100027D9229C6CD4246DFFA5C6022862
:2004A00009F4C0086DFFD1BA022909F4C2086DFFCCBA022AA00DA00E91200027D922241E00
:2004C000D42F3C5C09F0D2085FA0578040F440C502846D001301DF02500009F050086F2087
:2004E0001E807CE340FE3C1ADF08150091100027D9229C6C092F12095EFDDA016E0454E075
:200500004CC13E07DA016E0554F04CC17E0240FE3C05BCF454FF6E0240FE09FFD4085F9F58
:200520002C80481F6E0A481F91100027D9229C6C09200E095F0F2180BD0D1100C83289D27F
:200540008C0991200027D922241ED422E83291200027D922241EF42F3C0E91200027D9228C
:20056000F8CD91200047D944F8CD094FF618C21F892FB6183C0540FDC83FBD0FA5FF7CF2AC
:2005800040EFBCF3DA013C094CC191100027D9229C6C092012093A0FDF0FAB003B80004064
:2005A000D4A46DFF5FD8DF021400912000F7D9FFF8CD91200027D922F8CD092FE618C21F37
:2005C00089FFA618D4A46DFFB7D71D009500BD0F5500089F6F2F3D00F68C91100027D922C9
:2005E0009C6C092F12098F0F0F01DAE05F0F318091200027D922241ED42D3C287DFD250000
:2006000009DFD2085FAF218040D440C502846D007500DF021A004CD66E1782043B201850FD
:20062000D4A46DFFC6D64026BC6F09D2980909D49C0991100057D9559C6C49570E0A40D5B0
:2006400002942D02000009DD8C09BD0DD9FF486F6E0FC862C87491100057D9559C6C495750
:200660000E0A40F5D4A602942D0200003C05D4A46DFF62D73C403C3BDF081D80911000F781
:20068000D9FF9C6C09FF120916F03B000E00BE02911000F7D9FF9C6C09FFCC088B8F00F0EA
:2006A000370F5040D4A46DFF76D78234D4A46DFF5CC0912000F7D9FFF8CD91200027D92265
:2006C000F8CD092FF018C21F89FFB018912000F7D9FFF8CD91200027D922F8CD092FE618D1
:2006E000C21F89FFA618D4A46DFF26D73C04D4A46DFF22D73C0100907C417C510C486E0FAD
:200700000C48911000F7D9FF9C6CC81F09F07008C210370068003E0382023C3BDA006E08B8
:2007200076450C49AE5382023C3482123C32DA016E2EDF0420000C496F5F1C00BD04180020
:20074000544F6E15911000F7D9FF9C6C09FF12091EFE54404C5226F0911000F7D9FF9C6CFC
:2007600009F112094C5226F15F10048082123C113C0EBC4B544F6E09544F911000F7D9FF5D
:200780009C6C09F012097E0382123C0382023C010090BD041600544F6E13BD051200545F16
:2007A0006E0F912000F7D9FF241ED4FF3C0754FF54407E03545F74FFC83FBD0FFAFF0090FA
:2007C00082146DFF2CD3402FBCF982043B00025040F46DFF34D3DAFF2CFB40F23C0100903B
:2007E0006DFFF0FF3C0100908200910000F7D9FF342409F1C008910000F7D9FF342491008C
:200800000027D9223424092FC008C21FB4FFBBF0FFFF7E18910000F7D9FF3424BB0000FC1C
:20082000B4FF912000F7D9FF241ED4FF3C1309FFD20891000027D92234240921C0087E19AB
:20084000C2103BF0FFF37F0F040082023C0C3CCEC83FBD0FEEFF910000F7D9FF342409F2CE
:20086000C0083C0100907C423C058945980989469C0900907C423C25912000F7D9FF241E90
:20088000D4FF7D4F0A80912000F7D9FF241E09428C09F4F23C13912000F7D9FF241ED4FFC3
:2008A0003C0B483F6E08C8327D42068009428C09E8323C04C83FBD0FF6FF82146DFF5CD283
:2008C0000090404F405C406D02487CF43B00FF2F3C2E7CC43B00FF2F3C2A7CD43B00FF2F5B
:2008E0003C263C0382A23C23088F6E0508846DFFA1D33C0440D46DFF0EC4BD0211809120CB
:2009000000F7D9FFF8CD91200027D922F8CD092FEE18C21F89FFAE1882C23C0940F440C57C
:2009200040D6028440276D0004003C01009020087C443B00FF2F3C257C543B00FF2F3C212E
:200940007C643B00FF2F3C1D7C743B00FF2F3C193C0382A23C16BC48544F6E06544F16F0CE
:200960003B000E007E04407FB04F3C0754404C713E0382C23C06404FF4AF6D0004003C01B3
:2009800000902008404C405D89A684090248F4A77CC53B00FF2F1D0091007CD53B00FF2FC3
:2009A0001D008C00D8017CF53B00FF2F1D00860009A288097C243B00FF2F3C7FD4AF7CF445
:2009C0003B00FF2F3C7ADA016E023C0382A23C750CC9AE59D80154F4D4A46DFF05C4762356
:2009E00082A23C6B09CFD208EE08820440C440C56DFFB9FC76223C6109DFC8088B8F00F0DD
:200A0000370F70F009D0C8087F0F048082F23C553B80004040D46DFF9DD3DF0216003B4013
:200A200002403B8000503B0028606DFFCCD3402E7CE382F23C4209DFC8086E0540E440D578
:200A40006DFFA5D43C0240DE09EFCA08FF8F0280CCE109C4D2086DFFF8B7B4F202846DFF74
:200A6000F4B7A812DA00ACF309E4C8086DFFEDB7A8223B10016009C44B0809C54A0840E4F1
:200A800009A5880909A68409D4A76DFFB5C202287DDE050040E46DFF4FD5912000F7D9FFBF
:200AA000F8CD91200027D922F8CD092FE018C21F89FFA01802823C0100903636913000FF0B
:200AC000D9FF0C9654FF370F6EF18FFF83813C01913000FFD9FF28A654FF370F6EF18FFFE9
:200AE00083913C01913000FFD9FF0C9654FF2E1B8F2800F0960154F0370070088F0001000E
:200B0000A60F74FF8F2800F0960254F0370070088F000100A60F74FF54FFDA00B70F81F05F
:200B2000CDCF20090D00C0040D00C004DA00B70F81F0CD0F04090D00C0040D00C004910021
:200B40000000D900000091000080D988000091000090D9990000910000FAD9FF201080FFA5
:200B6000CD4FE20F0D00C004910000FAD9FF400080FFCD0FE20F0D00C004914000F7D9FF37
:200B8000C0CA80FFCD8FE20F0D00C004913000FFD9FF0C9654FF2E1B8F2800F0960154F0D6
:200BA000370070088F000100A60F74FF8F2800F0960354F0370070088F000100A60F74FFE3
:200BC00054FF9130004FD9440C9602846DFFD0B402946DFFE8B46D002F016DFFF5B46D00C0
:200BE0002B0102946DFF11B59130004FD9440C9602846DFFEEB4911000F8D9FF0CE3DC0F53
:200C00003C00009091000010D91100003B0098F0CD4FE00F0D00C004913000FF19FF1016E0
:200C20007BD0380126F07603DA003C248FBF0F01BF10138016FB913000FF19F018160F0F81
:200C4000B0F18BFF01F1061F570062FF5E23DA013C02DA003C0FEF4F0400DA013C0B9110D6
:200C600088FF19FF000D370FE2F06E03DA013C02DA003C011E17911000F8D9FFD020DC0F8E
:200C80003C06911000F8D9FFF420DC0F00903636910000F8D9FF02E72D0F2000910000F877
:200CA000D9FF52272D0F2000911000F8D9FFFC40DC0F0090914000A7D9AA008A0D00800449
:200CC000914000F7D9FF000B91400027D922C00BA004802F80F0A20F82009B004000730F58
:200CE000684082003C1E80FFB70F1CF08F4F1F1080FFBBF0FF2F0662262F06AFA6F1F606B5
:200D0000CD81E30F0D00C0043C0274419AD57E05CDC1E30F0D00C00440F449FF001AC21024
:200D20003F50E3FFDA00744F0D0080040D00C004911000F8D9FFDC80DC0F0090914000A783
:200D4000D9AA008A0D008004914000F7D9FF000B91400027D922C00BA004802F80F0A20F18
:200D600082009B004000730F684082003C1E80FFB70F1CF08F4F1F1080FFBBF0FF2F0662F2
:200D8000262F06AFA6F1F606CD81E30F0D00C0043C0274419AD57E05CDC1E30F0D00C0046F
:200DA00040F449FF001AC2103F50E3FFDA00744F0D0080040D00C004911000F8D9FFC470B6
:200DC000DC0F0090913000FFD9FF0C9654FF370F6EF18FFF83413C01913000FFD9FF28A671
:200DE00054FF370F6EF18FFF83F13C019130004FD9440C966DFF1BB402F46DFF30B49110CB
:200E00000048D9445CF36DFFA8A9DF12038000A0911000F8D9FFDC80DC0F0090911000F86C
:200E2000D9FFE880DC0F0090911000F8D9FFBCA0DC0F0090009036369140004FD944400B2B
:200E40008264DA803B000850A6F56DFF71A7914000FFD9FF400B82607B1000F00F0F10F032
:200E60006CF10090FF94048002423C27FFD405803B9000203C22DA103F4F05803BA000202E
:200E80003C1CDA143F4F05803BB000203C16DA183F4F05803BC000203C10DA203F4F058023
:200EA0003BD000203C0ADA303F4F05803BE000203C043BF000203C0100903636DF3404800E
:200EC00082183C02820876846DFF94B53C056D00F7016DFF96B56DFFFBB002246DFFF8AF54
:200EE0006DFF0AB102246DFF1BB076849100025F3C039110025F91000047D94418006DFFC8
:200F0000B49791000047D9441800B04491000057D95518006DFF9797910000F7D9FF180045
:200F200049F4240A91000057D9551800B0456DFF0698BB0068499B84C1446DFFD6AD7683A1
:200F400082003C028230910000F7D9FF180089F02808768382003C028210910000F7D9FF53
:200F6000180089F02B08910000F7D9FF1800822089F02A08910000F7D9FF18003B90D0F3E2
:200F8000065F6CFBDF084280910000F7D9FF1800823089F0B408910000F7D9FF1800DA0E1D
:200FA00089FF3608910000F7D9FF1800823089F03708910000F7D9FF1800DA0189FFB208F4
:200FC000910000F7D9FF18003B90D0F3067F6CFE910000F7D9FF1800DA0089FF8018910019
:200FE00000F7D9FF1800DA0E89FF0218910000F7D9FF1800DA0389FF0318910000F7D9FF28
:201000001800DA0189FFBE08910000F7D9FF1800DA0189FF3D38910000F7D9FF1800DA02EB
:2010200089FF0818910000F7D9FF1800DA0189FF09187683DA003C02DA07910000F7D9FFBA
:20104000180089FF0B18910000F7D9FF1800DA0189FF1C187683DA003C02DA07910000F744
:20106000D9FF180089FF1E187683DA003C02DA07910000F7D9FF180089FF1D187683DA20A8
:201080003C02DA0C910000F7D9FF180089FF2418910000F7D9FF1800DA0289FF101891005B
:2010A00000F7D9FF1800DA0189FF1118910000F7D9FF1800DA0089FF1218910000F7D9FF59
:2010C0001800DA0289FF1A18910000F7D9FF1800DA0289FF1B18910000F7D9FF1800DA0100
:2010E00089FF1818910000F7D9FF1800DA0189FF1918910000F7D9FF1800DA0189FF3C18FD
:20110000910000F7D9FF1800DA0189FFA238910000F7D9FF1800DA0089FF20389100002730
:20112000D9221800910000F7D9FF1800489F892F28197683DA003C033B0080F0910000F7FF
:20114000D9FF180089FFAC187683DA803C033B0088F0910000F7D9FF180089FFAE1876844E
:201160003B0018F03C033B0098F0910000F7D9FF180089FFB01876843B0040F03C033B0083
:20118000D0F0910000F7D9FF180089FFB818910000F7D9FF180049F4080A910000F7D9FF98
:2011A000180049F5240A6DFF6896910000F7D9FF1800DA0089FF0048910000F7D9FF1800A7
:2011C000DA0189FF0148910000F7D9FF1800DA0289FF0248910000F7D9FF18003B0071F029
:2011E00089FF0449910000F7D9FF18003B0071F089FF0849910000F7D9FF180049F4080A66
:20120000910000F7D9FF180049F5004A6DFF9C97DF081C00910000F7D9FF1800C834910027
:201220000058D95568403B00014082056DFFA48B91000048D94418013B00084082356DFF2D
:20124000B58B6DFFFBFD3C18910000F7D9FF1800C83491000058D95504013B000140820503
:201260006DFF8A8B91000048D9442C013B00084082356DFF9B8B6DFF2BAF02246DFF48AF2F
:201280006DFF3AAF02246DFF6AAF00908FF400F1910000F8D9FF08F010FF14F23C0100900F
:2012A000910000F7D9FF0A0054FF5E343B8000203C033B0004203C01009036366DFF1CAFF6
:2012C000022F02F46DFF2CAE3C01914000FF39F0275C6F70FCFF914000FF39F0245CB700DE
:2012E0008102914000FFE9F0245C02F46DFF37AF009036360D000002910000F7D9FF180077
:20130000C83F8208DA010F8F00F089FF10593C51910000F7D9FF180049F4104A6DFF7995CC
:20132000910000F7D9FF1800DA0189FF1D48910000F7D9FF180049F4304A82043B00045029
:201340006DFF7DCD910000F7D9FF180049F4080A910000F7D9FF180049F5104A910000F778
:20136000D9FF180049F6304A6DFF0D96910000F7D9FF180009FF12493B007180FE8A910095
:2013800000F7D9FF180009F459486DFF81FF022F6DFF88FF7FF205806DFF84FF022F910011
:2013A00000F7D9FF180049F4304A02F46D005407910000F7D9FF180049FF080AC81F09FF10
:2013C0006468167F3C013C01EEA40D0040020080404F02483B50C39006596DFF63FF7F82EC
:2013E0000380022891000027D92218004924305A82043B0004506DFF22CD91000027D9225B
:2014000018004924305A40F502846DFFDACB910000F7D9FF180049F4204A6DFFFA94910047
:2014200000F7D9FF18003B1071F089FF2249910000F7D9FF0A0054FF5E33DA003C02DA01E5
:20144000910000F7D9FF180089FF2A48910000F7D9FF1800DA0089FF2748910000F7D9FF71
:20146000180002846DFF00FD89F22948910000F7D9FF1800DA0089FF20483C02C2F9BF1966
:201480001880910000F7D9FF180049F4080A910000F7D9FF180049F5204A910000F7D9FF6D
:2014A000180049F6305A6DFFDB95DF12E97F00904DC0E2FF3C010D00400300003C010D00C1
:2014C000C0046DFF957C3C013C000090604F82F0DA003C1410F21421C61082023C0C6F002F
:2014E000090006F0BB0032189B81DB1EC6103C0206F0C212BF82F5FFC21F3F5FEDFF82F2E1
:20150000C6023C01009036364045024FBC52EE031D009B003B000002910000F7D9FF04821A
:2015200009F1C008A210370070007FF00E80910000F7D9FF0482DA00B4FF821482256D0076
:2015400099021D008200910000F7D9FF048209F0C008912000F7D9FF281E01F0004602F4B7
:201560006DFF2FCB910000F7D9FF048291000027D92204820920C00842F0B4F03C5D9120D5
:2015800000F7D9FF281E14FF5E29912000F7D9FF281E081F3BD00F003E0C910000F7D9FFEB
:2015A0000482DA00B4FF821482056D0063023C4C91200047D944281EB0446D00D9093B8048
:2015C000FFF17F2F0D80910000F7D9FF0482DA00B4FF821482256D004D023C368B8200F005
:2015E000910000F7D9FF048209F0C0087FF003803C2B91200047D944281E02F46D00260007
:20160000910000F7D9FF048209F0C008A2F037007080768D91200047D944281E912000F764
:20162000D9FF281E10F502846DFFFDCA910000F7D9FF0482B4F8910000F7D9FF048209FF4E
:20164000C008FF8F9EFF0090404F0248FF8804801D009F0014FF5E25081F3BD00F003E034F
:201660001D00970040F4B0246D007A09022940F4B0446D007D09022A9A883EA782148245E8
:201680006D00F8011D008500DF592C80FF7A03803C7F49F4080A6D00630976243B0071F049
:2016A0003E26820502246D0005023C7208AF6E0808AF1E16825502246D00FC013C69910042
:2016C00000F7D9FF0682B4F2910000F7D9FF0C82DA0134FF3B00015002246D00EB013C5872
:2016E000DF790680F6A36D0009013C52BB1000085F094B80FF5A03803C4B49F4080A6D0049
:201700002F09022849F40A0A6D002A0991000027D9220C82142FEE083B8000600B821048FC
:201720006D007E013C3591000027D9220682092FC0087E843B0071F03E8782260B82104821
:201740006D006E013C253B1000F13E2782360B8210486D0065013C1C9ACA3BF0FF007FF0E6
:20176000088082460B8210486D005A013C11C2CA0B8210486D002A0149F40C0A821502A486
:201780006D008E093C05821482156D0073010090404F0248FF880780820482056D006A019A
:2017A0003C2614FF5E25081F3BD00F003E06820482056D005F013C1B40F4B0246D00D0082E
:2017C0000229B04F40F46D00D3089A883E26820482456D004F013C0BDF190680F6236D0088
:2017E000B3013C05820482156D00440100903636D9AAB86F6DFF9C773C0749A4000AB9A469
:2018000040906DFFC7FF49A4000AD9A540906DFF377ADF02F4FF3C0749A4000AB9A4409029
:201820006DFF74FE49A4000AD9A540906DFF5379DF02F4FF00903636910000F7D9FF048297
:20184000DA00B4FF910000F7D9FF0682DA00B4FF910000F7D9FF0C82DA0034FF910000F703
:20186000D9FF0870DA0034FF910000F7D9FF0870DA0089FF0209910000F7D9FF0870DA0014
:2018800089FF0609910000F7D9FF0870DA0089FF0A09910000F7D9FF0870DA0089FF0E0913
:2018A000910000F7D9FF0870DA0089FF1209910000F7D9FF0870DA0189FF1608912000F7D2
:2018C000D9FF0820DA0034FF910000F7D9FF0E0082FF74FF910000F7D9FF1200DA0074FFDA
:2018E00091200047D94428103B6003403B0002506DFFA5CA009036362010DA0234AFDAFD93
:201900002CA149A4020A3B8000406D002B0D49A4040A82246D002C0DDA0810AF49F4000A32
:201920003B1000416D001E0D922449A4000A6DFF5179009049AA008A404F02488BC800F077
:201940003B0020007FF003803C3F91000027D9220C82142FEE023C3891000027D92206829C
:20196000092FC0086E0891000027D92206820929C0083C033B007190DA0234AFDAFD2CA1DE
:2019800049A4020ABB1000486D00EC0C49A4040A8B4800406D00EC0C49A4080A3B100041D8
:2019A0006D00E00C49A40A0A02946D00DB0C49A40C0A40F502846DFF04C949A4000A8BC8A2
:2019C00000406DFF0779009020100B451088DA0234AFDAFD2CA149A4020ABB2000486D0047
:2019E000C10C49A4040A82546D00C20CDA0810AF49F4000A02846D00B50CC22F10AF49F485
:201A0000000A02946D00AE0CC22F10AF820034F0921449A4000A6DFFDD78009020100B453B
:201A20001088026ADA0234AFDAFD2CA149A4020ABB3000486D00960C49A4040A82546D00C6
:201A4000970CDA0810AF49F4000A02846D008A0CC22F10AF49F4000A02946D00830CC22FF8
:201A600010AF34FA921449A4000A6DFFB378009020100B451088DA0234AFDAFD2CA149A44D
:201A8000020A82046D006E0C49A4040A82146D006F0CDA0810AF34F99214768649A4000AED
:201AA0006DFF98783C0549A4000A6DFF5B79009020180B451088DA0234AFDAFD2CA149A432
:201AC000020A82646D004E0C49A4040A3BD000406D004E0CDA0810AF49F4000A02846D0065
:201AE000410CC22F10AF49F4000A3B1000416D00390CC22F10AF34F9C21F10AF820034F041
:201B0000C21F10AF820034F0C21F10AF820034F0C21F10AF820034F0C21F10AF820034F0AD
:201B2000C21F10AF820034F0C21F10AF820034F0C21F10AF820034F0921449A4000A6DFFCA
:201B4000497800902030DA0234AFDAFD2CA149A4020A82446D00060C49A4040A3B100240BB
:201B60006D00060CDA0810AF49F4000A91000058D9550C103B1001406DFF23C88B1F01F04D
:201B800010AF49F4000A3B1000416D00EB0BC22F10AF49F4000A91000058D9553C00826420
:201BA0006DFF0FC8C26F10AF49F4000A91000058D955041082646DFF04C8C26F10AF8200F0
:201BC00034F0C21F10AF820034F0921449A4000A6DFFC878009036366DFF30FE00903636C0
:201BE000910000F7D9FF0482DA00B4FF821482256DFF40FF009036367B0004FA3FF40A8058
:201C0000BBF0FFFF9BFF07FA3F4F048082323C0382223C01009036362008F65482121D007B
:201C2000BF00B7040E8042541B0400F4C2FFB70F0E901D00A100029ABBF0FF0F9BF0030A23
:201C40003F8008807B00040A7F9004807B0004AA0B8A800082019B410010731068C0028443
:201C60006DFFCCFF022B4DC0E2FF370FE1F78B0F20E23C010D00400300003C01913000FFCE
:201C8000D9FF28A654F037006EF18FFF83F174AF3C01913000FF19FF28A66F1F120054AF19
:201CA000862F9601913000FF19F028A6370070088F002100A60F913000FF59FF28A654AF44
:201CC000862F9602913000FF19F028A6370070088F002100A60F913000FF59FF28A63C01E9
:201CE000913000FF19FF28A61601DF1FFB7F910000F7D9FF2070D4FF0B8D10482D0F0000C0
:201D0000913000FF19FF28A66F1F120054AF862F9601913000FF19F028A6370070088F0059
:201D20002100A60F913000FF59FF28A654AF862F9603913000FF19F028A6370070088F00C1
:201D40002100A60F913000FF59FF28A63C01913000FF19FF28A66F0FFC7F910000F7D9FF8B
:201D60002070C81F820402B52D0F000076E30D00000302A83F9861FF6DFFAAA902280284BA
:201D80006DFFA6A84D4020F99601CD4F20090D00C00402846DFFBCA982023C010090363622
:201DA000DA00910000F7D9FF0E0054F0DFF02400910000F7D9FF0E0054F491200047D944D9
:201DC00028106D000B01022F910000F7D9FF0E0082F074F0910000F7D9FF1200820074F085
:201DE00091200047D94428103B6003403B0002506DFF25C802F23C010090363691000147CC
:201E000091000058D9557C143B000C406DFFD9C6910001474944003A91000058D9554C3452
:201E20003B000C406DFFCDC6910001474944006A91000058D95546143B000C406DFFC1C661
:201E400091000147D944009091000058D9556E243B000C406DFFB5C691000147D94400C02F
:201E600091000058D95570343B000C406DFFA9C6910000F7D9FF207091000127F4F2910025
:201E800000F7D9FF2070910001274922003AE812910000F7D9FF2070910001274922006A0D
:201EA000E822910000F7D9FF207091000127D9220090E832910000F7D9FF20709100012721
:201EC000D92200C0E84291200047D94428103B6003403B0002506DFFB2C7910000F7D9FF20
:201EE0000E0082FF74FF910000F7D9FF1200DA0074FF00900249404C025A820B3C681AB95A
:201F0000B70F05801AB9528C910000F7D9FF0E0054FFDEF7910000F7D9FF0E0074F89120A4
:201F20000047D94428103B6003403B0002506DFF86C7910000F7D9FF1200820074F03C212C
:201F4000910000F7D9FF0E0054FFBE8B6DFF2AFF762382123C40910000F7D9FF0E0074F85F
:201F600091200047D94428103B6003403B0002506DFF65C7910000F7D9FF1200DA0074FF52
:201F8000912000F7D9FF281001FC00F601CB0026142F34FF9A1C910000F7D9FF120054F0C2
:201FA0007FF00880910000F7D9FF1200C21C74FC910000F7D9FF120054F0DA203FF0078004
:201FC0006DFFF0FE762382123C06C21B3FAB99FF82023C010090363620200249404F820878
:201FE0003C0B534820F010AC534820F010F46D00BF0474C2C218BF88F6FF02946DFFFEFD0B
:2020000002284DC0E2FF370FE1F78B0F20A23C010D00400300003C01913000FFD9FF28A6FE
:2020200054F037006E018FF083B13C01913000FF19F028A66F1012008F2B20F0960191307C
:2020400000FF19F028A6370070088F002100A60F913000FF59FF28A68F2B20F0960291308D
:2020600000FF19F028A6370070088F002100A60F913000FF59FF28A63C01913000FF19FF7B
:2020800028A61601DF1FFB7F910000F7D9FF2070C82F02942D0F0000910000F7D9FF20703A
:2020A000C81F820402852D0F0000910000F7D9FF2070C83F54A509A6040902942D0F000072
:2020C000910000F7D9FF2070C83F09A5080909A60C0902942D0F0000910000F7D9FF2070C4
:2020E000C83F09A5100909A6140902942D0F0000910000F7D9FF2070C83F09A5180909A6FF
:202100001C0902942D0F0000910000F7D9FF2070C84F02942D0F0000910000F7D9FF2070FF
:20212000C81F820402852D0F0000913000FF19FF28A66F1F12008F2B20F09601913000FF08
:2021400019F028A6370070088F002100A60F913000FF59FF28A6862B8F3B40F1913000FF42
:2021600019F028A6370070088F002100A60F913000FF59FF28A63C01913000FF19FF28A6AB
:202180006F0FFC7F76A30D00000382023C010090913000FA82003C17534020F010F2542F14
:2021A0006E11534020F010F2542F1EFC534020F010F2542F3B6063139B6163133E138212CE
:2021C0003C06C210BF80EAFF82023C0100903636B70410F07B00F40A3E077B10F00A3E04C6
:2021E0007B20F00A7E0382123C0382023C0100902008DA7F3F4F07803B803EF0E2F474A438
:202200003C0FDAF13FF40B80DAF93F4F08808B0411F0534F26F074AF3C03DA0074AF3C041A
:2022200054AFC2FF74AF54AFEEFC0090BF2407801440DA417E0382123C0382023C010090BC
:2022400091000047D944347082043B0001526DFFF6C50090404C0249F6931D007B01910090
:2022600000F7D9FF347040C402946DFFE1FFE9F20E02910000F7D9FF347039F00E023F900E
:2022800004801D006701910000F7D9FF347039FF0E0210CF14F08F000F01DF00458010CFE4
:2022A00014F08FF000819210F68992207F0904801D00500110CF08189220F6831D004A013B
:2022C0005A093F8F2F003BF0FFF03F8F2B0091000047D944347001C0005602846DFF71C4B4
:2022E000910000F7D9FF3470F9F8FEF1910000F7D9FF3470DA00F9FF0002910000F7D9FFC2
:20230000347091000027D9223470392F0E02E9FF0F02910000F7D9FF3470DA01E9FF080280
:202320001D0018013B0001105F104D8092307F0904801D000F0110CF14F08FF000018F8072
:20234000200010CF08110F10A08076853BF0FF007F8004801D00FE009220A20937096890CE
:202360007F9804803708689091000047D944347010CF49F5020A02946DFF23C4910000F758
:20238000D9FF3470F9F8FEF1910000F7D9FF3470F9F90002910000F7D9FF3470DA01E9FF22
:2023A0000602910000F7D9FF347091000027D9223470392F0E02E9FF0F026D0037021D0086
:2023C000C9003B0002105F109B8092203F091780910000F7D9FF3470B9F00002760F910007
:2023E00000F7D9FF3470B9F00002910000F7D9FF3470B9F1FEF13F1004801D00AB0010CFA8
:2024000014F08FF00001910000F7D9FF347039F106025F1004001D009D009210A209370948
:202420006880910000F7D9FF3470B9F000024280910000F7D9FF3470B9F1FEF17F01110015
:20244000910000F7D9FF3470B9F0FEF1910000F7D9FF3470B9F10002A210370068809100CE
:2024600000F7D9FF3470B9F00002910000F7D9FF347001F0004610CF49F5010A02846DFFE9
:20248000A0C3910000F7D9FF347091000027D9223470B92F000242F8F9F80002910000F7DF
:2024A000D9FF347091000027D9223470392F0602C21F160FE9FF0602910000F7D9FF3470DF
:2024C000B9FF0002910000F7D9FF3470B9F0FEF13F0F1580910000F7D9FF34709100002707
:2024E000D9223470392F0E02E9FF0F02910000F7D9FF3470DA01E9FF08023C2B3B00031046
:202500005F10288092307F0903803C23910000F7D9FF347010C214208FF00001E9F00B0208
:2025200091000027D922347010CF0810E9200C0291000027D922347010CF082FE92F0D02A2
:20254000910000F7D9FF3470DA00E9FF0A023C01009036362040404C02493BF0FF007F9000
:2025600004801D0062016DFF9DF60228910000F7D9FF347039FA0F0276A5FF3804801D00F3
:2025800054010BA88000C2F037006800BF980980BF8007800BA88000C2E0370068003F9079
:2025A000328049A4000A82043B0004506DFF47C476A3DA4134AFBF981480BF89128001AA5F
:2025C00000F6DA0034FF01AA00F6281901AA00F649F4020A40C502946DFFF3C23C0C01AA7D
:2025E00000F634F901AA00F649F4010A40C502946DFFE7C249A4000A02846DFFEBF61D0038
:20260000140149A4000A82043B0004506DFF17C476A3DA4134AF01AA00F68F893FF0B71F7D
:202620001CF234FF01AA00F68FF90FF12CF15AA8C2EF370F68F07FF90380029F01AA00F685
:2026400049F4020A40C502F46DFFBBC249A4000A02846DFFBFF6910000F7D9FF3470F9F9B9
:202660000202910000F7D9FF3470F9FF0402910000F7D9FF3470DA01E9FF0702910000F7FC
:20268000D9FF3470DA01E9FF0A02910000F7D9FF3470DAFFE9FF0B026D00EC00DF02128051
:2026A000910000F7D9FF3470DA00F9FF0202910000F7D9FF3470DA00F9FF04021D00B50092
:2026C00082091D00A400910000F7D9FF347039FF0C026E2C910000F7D9FF347039FF0C0280
:2026E0003FF92580910000F7D9FF3470DA01E9FF0A02910000F7D9FF3470DAFFE9FF0B0258
:202700006D00B800DF021280910000F7D9FF3470DA00F9FF0202910000F7D9FF3470DA0069
:20272000F9FF04021D0081008209910000F7D9FF347039F40D026DFF5DFD49A4000A8204EF
:202740003B0004506DFF7BC376A3DA4134AF01AA00F691000027D9223470392F0702B72FDA
:202760001CF234FF5AA8C2FF370F68B0910000F7D9FF3470B9F0040242B0910000F7D9FFF2
:202780003470B9F102027F011100910000F7D9FF3470B9FF0202910000F7D9FF3470B9F0E9
:2027A0000402A20F370F68B001AA00F649F4010A910000F7D9FF3470B9FF040210C502B4CE
:2027C0006DFFFFC149A4000A02846DFF03F6910000F7D9FF347091000027D9223470B92FA8
:2027E000040242FBF9FB0402910000F7D9FF347091000027D9223470392F0702C21F160FCA
:20280000E9FF0702C21937096890910000F7D9FF3470B9FF0402910000F7D9FF3470B9F045
:2028200002023F0F52FF00902040910000F7D9FF347039FF0F0249A4000A82043B000450AC
:202840006DFFFDC26E043B10040034A010AF3B00030034F010AF8200281010AFDA002CF267
:202860006DFF20F549A4000A02246DFFB3F5009082003B90D0F3066F3C02C2FF910000F70A
:20288000D9FF347039F10A027612EEF8EE0382023C26910000F7D9FF347039FF0B02EE0307
:2028A00082123C1D910000F7D9FF347039FF0B02DE10C21037006800BF90048082023C0FE1
:2028C000910000F7D9FF3470DA01E9FF0A023C0382023C05BF90CFFF82023C010090363647
:2028E0004DC0E2FF3C010D00400300003C016DFFEFA3022802846DFFEBA24D4020F996013C
:20290000CD4F20090D00C00402846DFF01A40D00C004913000F8DC0F00903636DF24040092
:20292000DF34048002423C0382123C01009036364DC0E2FF3C010D00400300003C016DFF8C
:20294000C7A302246DFF1BA36DFFD6A302246DFF5AA36DFF5DA80D0000030090144F8F8FB7
:2029600020200C41A6F23C0100903636144F8F8F01000C418F0F01F0A6F00C428F8F00F0A9
:20298000A6F00C430FF0A0203C010090DA313FF40780DA343F4F048082123C0282023C014E
:2029A00000903636BB50DCF99BCF11F8C64F3B3019009B001000E20FC65F3B3019009B004F
:2029C0001000E20FC66F3B3019209B021020E2F23C010090914002FFD9FF60F1DA002CF5B9
:2029E00000903636404C405D406E914002FFD9FF60F114FF8F8F0100081F8F0F01F0A6F08B
:202A0000082F8F8F00F0A6F0083FA6F03B10C3F49B2F64F47E05084F5E13085F1E13820273
:202A20003C1E08680879088A08CF8F8F010008DF8F0F0110A61008EF8F8F00F0A6F008FFD5
:202A4000A60F0B89104802A66DFFAEFF3E2382023C0634C834D934EA82123C0100903636F9
:202A6000BB7066FE9B9FA0F6C64F3B90B7059BD0F3013B8046129B71351103050A01420F33
:202A80008F3F00008F3F1EF0A6F08F0401F08F041F10A61F0FF0C0203C0100902048404F48
:202AA000024A0258F6A31D00470314F9DA105F9F2980FF2A0A803B300150029402866D00D8
:202AC00049031D003903081F167F5E1791200027D9220820DA00342FDA5034AF081F2CA1E7
:202AE000DA002CA2DA322CA3DA012CA4DAF42CA549A4000A826402856D00DE031D001C031B
:202B0000DA3E7E9DDA7E34AFDA002CA149A4000A822402856D00D0031D000E03DA225F9F14
:202B20005D80DF3A0A003B300150029402866D0011031D000103B01F40F46DFF11FFBB607F
:202B400018FFFE21DA6234AF49A4010A02246D000904DA022CA349A4000A824402856D002C
:202B6000AB033C39BB0010FFFE21DA6234AF49A4010A02246D00F603DA012CA349A4000A05
:202B8000824402856D0098033C26BB10100F5F021D80DA6234AF49A4010A02246D00E20307
:202BA000DA012CA3DA002CA4DA002CA5DA012CA6DA002CA7DA002CA849A4000A3B9000400C
:202BC00002856D0079033C073B100350029402866D00C0021D00B002DA277E9840F40BA88A
:202BE00010486D00C5021D00A702DA28FE98DF3A0A003B300150029402866D00AB021D00B7
:202C00009B02DA6834AF081F167F2CA149A4000A822402856D0050031D008E02DA315F9FCF
:202C2000C780FF4A0A803B300150029402866D0091021D00810240F4B0246DFF91FE081FD6
:202C4000DE1C3B5015F0FE29910000F7D9FF0200DA0174FFDA7134AFDA012CA1DA012CA294
:202C6000DA552CA3DA002CA449A4000A825402856D0022031D009A00081FDF1F3E80DF123B
:202C80003C807B3000AA7B0006FA7B2000B0821C0B9810486D0052023C1352AD7FDB0380D8
:202CA00002BD0BAD10486DFFB9F77623820C3C0A42DA7FFA06800B9810486D003F023FFABF
:202CC000EEFFF6C93B000750029402866D0042021D003202DA7134AFDA012CA1DA002CA218
:202CE000DA012CA3DA002CA449A4000A825402856D00E2023C5A081FDF1F5280DF2250807D
:202D0000DA107FFA0A803B300150029402866D0021021D00110240F4B0446DFF29FE022A45
:202D200049F4080A6DFF24FE022B49F40C0A6DFF1FFE022C0BAB10486D00C60276293B1052
:202D40000350029402866D0005021D00F5016DFF29F8B70A834E7B00000AA6043C0102B539
:202D60006DFFB6F30229DA7134AFDA012CA1DA002CA2DA022CA349A4040A02946D00F802F2
:202D80005FC90480DA003C02DA012CA849A4000A3B90004002856D008F023C073B10035058
:202DA000029402866D00D6011D00C601DA345F9F7E80BFCA05800830DA443E093B3001505C
:202DC000029402866D00C6011D00B60140F4B0446DFFCEFD022F49F4080A6DFFC9FD022A90
:202DE0000BFA10486D00700276293B100350029402866D00AF011D009F01910000F7D9FF02
:202E00000870821034F0910000F7D9FF087089FF0209B70F83FE7B00000AA60F3C019100CA
:202E200000F7D9FF087089FF0609910000F7D9FF087089FF0A09910000F7D9FF087089FAE6
:202E40000E09910000F7D9FF0870DA0089FF1209910000F7D9FF0870DA0189FF160891001C
:202E600000F7D9FF0E0082FF74FF910000F7D9FF1200DA0074FF91200047D94428103B60DA
:202E800003403B0002506DFFDABFDA7434AFDA202CA1DA0F2CA2DAFF2CA349A4000A824449
:202EA00002856D0009021D004701DA365F9F818091000027D9220870142F6E03FF2A0A800D
:202EC0003B200250029402866D0044011D003401081F91000027D9220870092056083E0903
:202EE0003B300750029402866D0034011D0024019AEA91000027D92208700920120942F0E9
:202F000091000027D922087009210E097F010A803B000750029402866D001C011D000C01D7
:202F200091000027D922087009240A0940F4B02402F56DFFE1F776293B0007500294028694
:202F40006D0008011D00F80091000027D922087091000047D944087009400A0942F0892017
:202F60000A0991000027D922087091000047D94408700940120942F0892012099100002794
:202F8000D922087091000047D9440870094F5608C21F892F1608DA7634AF081F2CA149A4D0
:202FA000000A822402856D0087011D00C500DA375F9F6C8091000027D9220870142FEE09A3
:202FC0003B200250029402866D00C4001D00B4006DFFE8F676293B000750029402866D001E
:202FE000B9001D00A9006DFF73A0022B02B46DFF6F9F4D4020F99601CD4F20090D00C00423
:2030000002B46DFF85A091000027D92208700920120991000027D9220870092F0E093E0939
:203020003B000750029402866D0094001D008400BF5A1D80B01F40F46DFF9AFC022F9100C1
:2030400000F7D9FF087009F40609910000F7D9FF087009F50E096DFF3BF23E283B0007509F
:20306000029402866D0076003C66910000F7D9FF0870DA0034FFDA7734AF49A4000A821407
:2030800002856D0019013C57DA855F9F2180DF2A09003B300150029402866D005B003C4B56
:2030A000081F167F1E191E283B200150029402866D0050003C403B500C0034A02CA149A4AF
:2030C000000A822402856D00F7003C35DA115F9F2D80FF2A09803B300150029402866D0055
:2030E00039003C29DA5134AF081F2CA149A4000A822402856D00E000DA0078103C045810B5
:20310000C21F781058103B50C30006603F0FF9FF4DC0E2FF3C010D00400300003C01822486
:2031200082056DFF379E3C073B100350029402866D00100000903636025F3B80075002F6E4
:203140006D0008005E156DFFF36A6DFFF16A00902008DA7F34AF89A4010889A5020849A4A8
:20316000000A823402656D00A700009020080258FF240B803B7002403B30015002866DFFB7
:20318000E9FF1D009700094941087693BF990B803B7002403B10035002866DFFDBFF1D0096
:2031A00089009AF982009B000008730F68A06F093E00DF240A003B7002403B300150028650
:2031C0006DFFC8FF3C76910000F7D9FF08828F8B00007BA0A515C61091000027D922087030
:2031E00009211209C61091000027D9220870092F0A09C6F074F0912000F7D9FF0820DA01A1
:2032000034FFDA6734AF89A9010849A4020A910000F7D9FF088254F46D00AA0049A4000AE3
:20322000826402856D0048003C44DF640A003B7002403B30015002866DFF8CFF3C3A912050
:2032400000F7D9FF082014FFEE093B7002403B40025002866DFF7EFF3C2CB0246DFF88FB17
:20326000022F910000F7D9FF088254F402B56DFFF9FB3E2F912000F7D9FF0820DA0034FFB2
:203280003B7002403B50035002866DFF63FF3C11912000F7D9FF0820DA0034FFDA6734AFE7
:2032A00089A9010849A4000A822402856D00040000903636DF1505806DFF3EF33C036DFF81
:2032C0004BF900900B4510887B3000A0BBF0FFBF9BFB05B0BBF0FFCF9B2C00C0F693821216
:2032E0003C3E1A987F8F048082123C3902846DFF71F7F6261A9892F46DFF6CF7762382422D
:203300003C2E7B00F00A3F080A80BBF0FFFF9BFFFFFA3F8F048082423C22B70818F07B000B
:2033200000083E067B00000A3E0382323C18B708830E1A90C2FF3F0C0680BF0F04808242D1
:203340003C0E3FA004807FFB048082323C088FF001F16E0382223C0382023C010090363648
:203360008F843FF0344F8944010800908F841EF0344F8F041FF02C418F841FF02C42894412
:2033800003080090604F34F50090363620086DFF0F9C0239913000FFB9FF2616370F70A03A
:2033A000910000F7D9FF0000B4FA820034A0DA002CA1DA002CA249A4000A49A5010A49A67B
:2033C000020A6DFF11FB022F6E0914AB09A441086DFFA6FA022C0CA23C04820B821CDA00DF
:2033E00002F46DFFD5FA022F6E1D6DFFF5FA3B000F409B04004B82256DFFC6FF910000F7B1
:20340000D9FF0A00821074F0910000F7D9FF0600820074F0910000F7D9FF1600DA0134FF04
:203420003C2ADF1B0A0037097000BB00CDFF3E04BB00CDFFFEAA910000F7D9FF0A0074FCA0
:20344000910000F7D9FF0600DA0074FF910000F7D9FF1600DA0134FF3B000F409B04004BC1
:2034600082256DFF91FF3C07910000F7D9FF1600DA0034FFDF1B04806DFFAEFA6DFF5AFA91
:203480006DFFBEF46DFFDEF6910000F7D9FF060054FFDE196DFF7EF676236DFF23FA91008B
:2034A00000F7D9FF0600DA0074FF910000F7D9FF0A00DA0174FF3B000F409B04004B822517
:2034C0006DFF62FF910000F7D9FF0A0054FF370F6840910000F7D9FF0A006DFF21FA74F21D
:2034E000910000F7D9FF0A0054FF5E146DFFD1683C0A910000F7D9FF0A0054FF370F684007
:203500006DFFDEEC3C32910000F7D9FF020054FF6E036DFFCFEF910000F7D9FF0A0054FFFA
:203520005E136DFF67F1910000F7D9FF347039FF08026E1B910000F7D9FF3470DA00E9FFC1
:203540000802910000F7D9FF0A0054FF370F685091000047D9443470910000F7D9FF347009
:20356000B9F4FEF16DFF9CFA3CCF00906DFF44A100903636608124F002388700FFFFFFFF13
:20358000648124F066D00000FFFFFFFF688124F002380700FFFFFFFF6C8124F02698000007
:2035A000FFFFFFFF248124F0C9000000FFFFFFFF088124F001003630FFFFFFFF0C8124F0F0
:2035C0000807690BFFFFFFFF288124F08E042101FFFFFFFF488124F0B6730835FFFFFFFFC0
:2035E0004C8124F0466C9402FFFFFFFF088124F002003630FFFFFFFF108124F03B0336008C
:20360000FFFFFFFF148124F01008690BFFFFFFFF508124F00E710834FFFFFFFF548124F0F8
:20362000446C9402FFFFFFFF188124F009003600FFFFFFFF1C8124F00808690BFFFFFFFF2F
:20364000208124F0941C2300FFFFFFFF588124F0B622081BFFFFFFFF5C8124F0466C9402C9
:20366000FFFFFFFF2C8124F034040000FFFFFFFF308124F0825A0000FFFFFFFF348124F0F3
:2036800009090712FFFFFFFF0800000074350180ACC5A73702000000D4350180ACC5A737A7
:2036A0000D000000EC350180ACC5A737030000008836018016000000BC360180608124F04C
:2036C00002388700FFFFFFFF648124F066D00000FFFFFFFF688124F002380700FFFFFFFFC8
:2036E0006C8124F026980000FFFFFFFF248124F0C9000000FFFFFFFF0C8124F00807690B6D
:20370000FFFFFFFF288124F08E042101FFFFFFFF488124F0B6730835FFFFFFFF4C8124F020
:20372000466C9402FFFFFFFF088124F002003630FFFFFFFF108124F03B033600FFFFFFFF2F
:20374000148124F01008690BFFFFFFFF508124F00E710834FFFFFFFF548124F0446C94026D
:20376000FFFFFFFF188124F009003600FFFFFFFF1C8124F00808690BFFFFFFFF208124F07F
:20378000941C2300FFFFFFFF588124F0B622081BFFFFFFFF5C8124F0466C9402FFFFFFFF41
:2037A0002C8124F034040000FFFFFFFF308124F0825A0000FFFFFFFF348124F00909071283
:2037C000FFFFFFFF0000003F0000803F0000A03F0000C03F0000004000002040002D310112
:2037E0000100001D0500001F0101000017B75139030000004438018013012307FF0FFF0FD3
:2038000012021121BF0F3F3F011200000F3F000032000000FF000000000000003F00000045
:20382000000000003F000000000000003F0000003838018040380180050100003F070000D4
:2038400000003636030017B7D138020017B7D138010017B7D1383636001000F00000000005
:20386000001100F001000000001200F002000000020000007838018020400070100000002F
:2038800028400070A8030000020000009038018030400070B80300003840007010000000C7
:2038A00001000000A83801801840007080030000FFFFFFFFFFFF3636000000000000363689
:2038C0006C7769700036363600D001F000AB03F00B0000000000000000D001F000B503F0B7
:2038E00002000000A800000000D001F000B503F0030000000380000000D001F000AB03F0D0
:203900000C0000000000000000D001F000AB03F00A0000000000000000D001F000AB03F0D3
:20392000090000000000000000D001F000AB03F003000000B000000000D001F000AB03F00D
:2039400002000000B000000000D001F000AB03F006000000B000000064390180C038018009
:20396000DC05000000D001F004000000883A018000000000000000000101000003194500FB
:203980000000EE0501000000000001000000000001011F0000000000000000000000000011
:2039A00001011F0000000000000000000000000000000000000000000000000000000000E6
:2039C000010001000000000001000000010000000000000001000000000400B0000600B078
:2039E000100A000000000000000000000000000000000000000000000000000000000000AD
:203A0000000000000000000000000000000000000000000001000000000200B0805600B06D
:203A2000100A0000000000000000000000000000000000000000000000000000000000006C
:203A4000000000000000000000000000000000000000000000000A0000000000000000005C
:203A60000000000000000000000000000000640000000000000000000000000000000000E2
:203A80000000000000000000C8380180F83801800839018018390180E838018028390180DD
:203AA000D83801803839018048390180EC3A01803C3B01800C3B01801C3B01802C3B01805A
:203AC000FC3A0180CC3A0180DC3A0180A4DE0170100030002CD2017004DF0170B0DE01701C
:203AE00010026000240C017008DF0170BCDE01702000040034D501700CDF0170C8DE01703F
:203B000010000A00BCD5017010DF0170D4DE0170A8000800CCD6017014DF0170E0DE0170B0
:203B20002000030064D6017018DF0170ECDE01701000180014DC01701CDF0170F8DE0170D8
:203B4000200008009CDD017020DF01700102030405060707070707070736363600E00170AA
:203B6000FCDF0170F4DF017010E0017003060C1830607836756E61636B656400756E736553
:203B80006E740036ACD9008098DB008048DD00806CDD008060DE008048DD0080F2DE0080F4
:203BA00094DF0080FA0000003ECA0080E803000046830080001000F000E1F505BCC900708C
:203BC00000B403F00600000000B403F00700000000B403F00800000000C103F00400000023
:203BE00000C103F005000000008A037058390180BCC9007074400070000000004C400070E8
:203C0000B43B018010270000010000000000001F00000000000000000000000000000000DD
:203C200010270000010000000101001F00000000000000000000000000000000000000002B
:203C4000FFFFFFFF00000000000000000000000000000000000000006E19000000C000C061
:203C6000C0A8010A0003194500000036010000000000007042000080020000000100000004
:203C800002000070520200800C000000010000000E00007052030080040000000100000079
:203CA000120000705C0300800400000001000000160000704A00008001000000020000004B
:203CC0001800007000000000F52100000100000000400070603C01800A000000010000006D
:203CE0000C400070BC3B0180040000000100000010400070403C01800800000001000000C5
:203D000018400070C03B01802800000001000000404000706A3C018001000000010000001D
:203D200044400070E83B0180040000000100000048400070483C01800400000001000000E4
:203D40004C400070EC3B01801400000001000000604000704C3C018012000000010000007E
:203D600074400070003C01804000000001000000B44000705E3C018002000000020000009E
:203D8000B8400070000000000100000002000000BC400070000000000A4000000200000000
:203DA000C8800070000000000100000002000000CC8000700000000035190000020000003C
:203DC000049A00700000000006000000020000000C9A0070000000000100000002000000B4
:203DE000109A0070000000000100000002000000149A007000000000E60700000200000099
:203E0000FCA1007000000000EE05000002000000ECA70070000000002D100000020000005E
:203E20001CB8007000000000FF0F0000020000001CC80070000000000200000002000000D6
:203E400020C8007000000000010000000200000024C8007000000000750100000200000033
:203E60009CC90070000000001A00000002000000B8C90070000000006B42000002000000B1
:203E8000240C01700000000007C60000020000002CD2017000000000070300000200000037
:203EA00034D50170000000008700000002000000BCD5017000000000A70000000200000054
:203EC00064D60170000000006700000002000000CCD601700000000047050000020000006D
:203EE00014DC01700000000087010000020000009CDD0170000000000701000002000000E3
:203F0000A4DE017000000000890000000200000030DF0170000000000100000002000000A0
:203F200034DF017000000000C500000002000000FCDF0170000000000D00000002000000DB
:203F40000CE0017000000000010000000200000010E0017000000000090000000200000095
:203F60001CE0017000000000120000000200000030E0017000000000050000000200000038
:203F800038E00170000000000A0000000200000044E00170000000000600000002000000EF
:203FA0004CE0017000000000060000000200000054E00170000000000200000002000000B3
:203FC00058E0017000000000312000000100000000801070D8030080360000000100000054
:203FE00036801070AC400180BC06000002000000000200B00000000000A500000000000003
:2040000000000000000000000000000002000000803F0070000000008000000000000000EF
:20402000000000000000000000000000363636363636363636363636363636363636363648
:204040003636363636363636363636363636363636363636363636363636363636363636A0
:20406000363636363636363636363636363636363636363636363636363636363636363680
:20408000363636363636363636363636363636363636363636363636363636363636363660
:2040A000363636363636363636363636DA00910000F7D9FF100454F0DFF02400910000F76B
:2040C000D9FF100454F491100047D94474FB6D006902022F910000F7D9FF100482F074F0E5
:2040E000910000F7D9FF1404820074F091100047D94474FB3B6003403B0002506DFFBDFF5B
:2041000002F23C0100900249404C025A820B3C681AB9B70F05801AB9528C910000F7D9FF4B
:20412000100454FFDEF7910000F7D9FF100474F891100047D94474FB3B6003403B00025084
:204140006DFF9BFF910000F7D9FF1404820074F03C21910000F7D9FF100454FFBE8B6DFF22
:20416000A7FF762382123C40910000F7D9FF100474F891100047D94474FB3B6003403B0083
:2041800002506DFF7AFF910000F7D9FF1404DA0074FF911000F7D9FF74FB01FC00F601CB85
:2041A0000026142F34FF9A1C910000F7D9FF140454F07FF00880910000F7D9FF1404C21CA4
:2041C00074FC910000F7D9FF140454F0DA203FF007806DFF6DFF762382123C06C21B3FABF5
:2041E00099FF82023C0100909100014791000058D9557C143B000C40ED80DF559100014755
:204200004944003A91000058D9554C343B000C40ED80DF55910001474944006A910000585F
:20422000D95546143B000C40ED80DF5591000147D944009091000058D9556E243B000C4018
:20424000ED80DF5591000147D94400C091000058D95570343B000C40ED80DF55910001474B
:20426000D94400F091000058D955D0663B000C40ED80DF55911000F7D9FF90F9910001270A
:20428000F4F2911000F7D9FF90F9910001274922003AE812911000F7D9FF90F99100012735
:2042A0004922006AE822911000F7D9FF90F991000127D9220090E832911000F7D9FF90F9CF
:2042C00091000127D92200C0E842911000F7D9FF90F991000127D92200F0E8529110004781
:2042E000D94474FB3B6003403B000250ED801D57910000F7D9FF100482FF74FF910000F7F6
:20430000D9FF1404DA0074FF0090B7040E8042541B0400F4C2FFB70F0E901D009200029A6E
:20432000BBF0FF0F9BF0030A3F8008807B00040A7F9004807B0004AA0B8A800082019B412C
:204340000010731068C00284ED80FC8D022B913000FFD9FF28A654FF370F6EF18FFF83E1A9
:204360003C01913000FF19FF28A66F1F12008F2E20F09601913000FF19F028A63700700810
:204380008F002100A60F913000FF59FF28A68F2E20F09602913000FF19F028A63700700827
:2043A0008F002100A60F913000FF59FF28A63C01913000FF19FF28A61601DF1FFB7F91109F
:2043C00000F7D9FF90F9D4FF0B8D10482D0F0000913000FF19FF28A66F1F12008F2E20F073
:2043E0009601913000FF19F028A6370070088F002100A60F913000FF59FF28A6862E8F3E14
:2044000040F1913000FF19F028A6370070088F002100A60F913000FF59FF28A63C019130DC
:2044200000FF19FF28A66F0FFC7F911000F7D9FF90F9C81F820402B52D0F000002A83F98C4
:2044400070FF82023C010090911000F7D9FFA8F909FF02097B00000AA20F7B00010B420F6A
:2044600060FC911000F7D9FFA8F909FF52086E1380C4911000F7D9FFA8F909F50609ED801D
:20448000668A911000F7D9FFA8F909FF0E093E236DFFFBFD4DC0E2FF3C010D0040030000BC
:2044A0003C017B00004A7B3000506DFF30FF76236DFFEBFD911000F7D9FFA8F909F402095E
:2044C000911000F7D9FFA8F909F5060940C46DFF1CFE76236DFFD9FD6DFFEAFD76236DFF01
:2044E000D4FD911000F7D9FFA8F909FF06097B3000007F0F3680911000F7D9FFA8F909F8C2
:204500000209911000F7D9FFA8F909FF060942F87B3000907B0000FA5AF8A2F99100014BB4
:204520003B6003403B0002506DFFA7FD3C12DA207F9F0480DA203C02029F9100014B0B8FC6
:2045400010486DFFE2FD76236DFF9FFD42F8A2F9DF09EFFF6DFFACFD76236DFF96FD91101E
:2045600000F7D9FFA8F909FF52086E18911000F7D9FFA8F909F40209911000F7D9FFA8F9B9
:2045800009F50609ED80668A911000F7D9FFA8F909FF0E093E236DFF78FD6DFF76FD0090D0
:2045A0002020024882013C22534120F010AF534120F010421420534120F0C21F1042142FE9
:2045C0008F8F00F0A6F0534120F0C22F1042142F8F0F01F0A6F0534120F0C23F1042142FAE
:2045E0008F8F01F0A6F074F0C211BF81DFFF0284ED80FC8D0229913000FFD9FF28A654FF61
:20460000370F6EF18FFF83A13C01913000FF19FF28A66F1F12008F2A20F09601913000FFA0
:2046200019F028A6370070088F002100A60F913000FF59FF28A68F2A20F09602913000FF88
:2046400019F028A6370070088F002100A60F913000FF59FF28A63C01913000FF19FF28A6A6
:204660001601DF1FFB7F911000F7D9FF90F9C82F02842D0F0000911000F7D9FF90F9C81F19
:20468000820402952D0F0000911000F7D9FF90F9C83F54A509A6040902842D0F00009110A9
:2046A00000F7D9FF90F9C83F09A5080909A60C0902842D0F0000911000F7D9FF90F9C83F56
:2046C00009A5100909A6140902842D0F0000911000F7D9FF90F9C83F09A5180909A61C09E2
:2046E00002842D0F0000911000F7D9FF90F9C84F02842D0F0000911000F7D9FF90F9C81F46
:20470000820402952D0F0000913000FF19FF28A66F1F12008F2A20F09601913000FF19F0D1
:2047200028A6370070088F002100A60F913000FF59FF28A6862A8F3A40F1913000FF19F03E
:2047400028A6370070088F002100A60F913000FF59FF28A63C01913000FF19FF28A66F0F30
:20476000FC7F82023C0100903636363636363636363636363636363636363636363636365D
:20478000363636363636363636363636363636363636363636363636363636363636363659
:2047A000363636363636363636363636363636363636363636363636363636363636363639
:2047C000363636363636363636363636363636363636363636363636363636363636363619
:2047E0003636363636363636363636363636363636363636363636363636363636363636F9
:204800003636363636363636363636363636363636363636363636363636363636363636D8
:204820003636363636363636363636363636363636363636363636363636363636363636B8
:20484000363636363636363636363636363636363636363636363636363636363636363698
:20486000363636363636363636363636363636363636363636363636363636363636363678
:20488000363636363636363636363636363636363636363636363636363636363636363658
:2048A000363636363636363636363636363636363636363636363636363636363636363638
:2048C000363636363636363636363636363636363636363636363636363636363636363618
:2048E0003636363636363636363636363636363636363636363636363636363636363636F8
:204900003636363636363636363636363636363636363636363636363636363636363636D7
:204920003636363636363636363636363636363636363636363636363636363636363636B7
:20494000363636363636363636363636363636363636363636363636363636363636363697
:20496000363636363636363636363636363636363636363636363636363636363636363677
:20498000363636363636363636363636363636363636363636363636363636363636363657
:2049A000363636363636363636363636363636363636363636363636363636363636363637
:2049C000363636363636363636363636363636363636363636363636363636363636363617
:2049E0003636363636363636363636363636363636363636363636363636363636363636F7
:204A00003636363636363636363636363636363636363636363636363636363636363636D6
:204A20003636363636363636363636363636363636363636363636363636363636363636B6
:204A4000363636363636363636363636363636363636363636363636363636363636363696
:204A6000363636363636363636363636363636363636363636363636363636363636363676
:204A8000363636363636363636363636363636363636363636363636363636363636363656
:204AA000363636363636363636363636363636363636363636363636363636363636363636
:204AC000363636363636363636363636363636363636363636363636363636363636363616
:204AE0003636363636363636363636363636363636363636363636363636363636363636F6
:204B00003636363636363636363636363636363636363636363636363636363636363636D5
:204B20003636363636363636363636363636363636363636363636363636363636363636B5
:204B4000363636363636363636363636363636363636363636363636363636363636363695
:204B6000363636363636363636363636363636363636363636363636363636363636363675
:204B8000363636363636363636363636363636363636363636363636363636363636363655
:204BA000363636363636363636363636363636363636363636363636363636363636363635
:204BC000363636363636363636363636363636363636363636363636363636363636363615
:204BE0003636363636363636363636363636363636363636363636363636363636363636F5
:204C00003636363636363636363636363636363636363636363636363636363636363636D4
:204C20003636363636363636363636363636363636363636363636363636363636363636B4
:204C4000363636363636363636363636363636363636363636363636363636363636363694
:204C6000363636363636363636363636363636363636363636363636363636363636363674
:204C8000363636363636363636363636363636363636363636363636363636363636363654
:204CA000363636363636363636363636363636363636363636363636363636363636363634
:204CC000363636363636363636363636363636363636363636363636363636363636363614
:204CE0003636363636363636363636363636363636363636363636363636363636363636F4
:204D00003636363636363636363636363636363636363636363636363636363636363636D3
:204D20003636363636363636363636363636363636363636363636363636363636363636B3
:204D4000363636363636363636363636363636363636363636363636363636363636363693
:204D6000363636363636363636363636363636363636363636363636363636363636363673
:204D8000363636363636363636363636363636363636363636363636363636363636363653
:204DA000363636363636363636363636363636363636363636363636363636363636363633
:204DC000363636363636363636363636363636363636363636363636363636363636363613
:204DE0003636363636363636363636363636363636363636363636363636363636363636F3
:204E00003636363636363636363636363636363636363636363636363636363636363636D2
:204E20003636363636363636363636363636363636363636363636363636363636363636B2
:204E4000363636363636363636363636363636363636363636363636363636363636363692
:204E6000363636363636363636363636363636363636363636363636363636363636363672
:204E8000363636363636363636363636363636363636363636363636363636363636363652
:204EA000363636363636363636363636363636363636363636363636363636363636363632
:204EC000363636363636363636363636363636363636363636363636363636363636363612
:204EE0003636363636363636363636363636363636363636363636363636363636363636F2
:204F00003636363636363636363636363636363636363636363636363636363636363636D1
:204F20003636363636363636363636363636363636363636363636363636363636363636B1
:204F4000363636363636363636363636363636363636363636363636363636363636363691
:204F6000363636363636363636363636363636363636363636363636363636363636363671
:204F8000363636363636363636363636363636363636363636363636363636363636363651
:204FA000363636363636363636363636363636363636363636363636363636363636363631
:204FC000363636363636363636363636363636363636363636363636363636363636363611
:204FE0003636363636363636363636363636363636363636363636363636363636363636F1
:205000003636363636363636363636363636363636363636363636363636363636363636D0
:205020003636363636363636363636363636363636363636363636363636363636363636B0
:20504000363636363636363636363636363636363636363636363636363636363636363690
:20506000363636363636363636363636363636363636363636363636363636363636363670
:20508000363636363636363636363636363636363636363636363636363636363636363650
:2050A000363636363636363636363636363636363636363636363636363636363636363630
:2050C000363636363636363636363636363636363636363636363636363636363636363610
:2050E0003636363636363636363636363636363636363636363636363636363636363636F0
:205100003636363636363636363636363636363636363636363636363636363636363636CF
:205120003636363636363636363636363636363636363636363636363636363636363636AF
:2051400036363636363636363636363636363636363636363636363636363636363636368F
:2051600036363636363636363636363636363636363636363636363636363636363636366F
:2051800036363636363636363636363636363636363636363636363636363636363636364F
:2051A00036363636363636363636363636363636363636363636363636363636363636362F
:2051C00036363636363636363636363636363636363636363636363636363636363636360F
:2051E0003636363636363636363636363636363636363636363636363636363636363636EF
:205200003636363636363636363636363636363636363636363636363636363636363636CE
:205220003636363636363636363636363636363636363636363636363636363636363636AE
:2052400036363636363636363636363636363636363636363636363636363636363636368E
:2052600036363636363636363636363636363636363636363636363636363636363636366E
:2052800036363636363636363636363636363636363636363636363636363636363636364E
:2052A00036363636363636363636363636363636363636363636363636363636363636362E
:2052C00036363636363636363636363636363636363636363636363636363636363636360E
:2052E0003636363636363636363636363636363636363636363636363636363636363636EE
:205300003636363636363636363636363636363636363636363636363636363636363636CD
:205320003636363636363636363636363636363636363636363636363636363636363636AD
:2053400036363636363636363636363636363636363636363636363636363636363636368D
:2053600036363636363636363636363636363636363636363636363636363636363636366D
:2053800036363636363636363636363636363636363636363636363636363636363636364D
:2053A00036363636363636363636363636363636363636363636363636363636363636362D
:2053C00036363636363636363636363636363636363636363636363636363636363636360D
:2053E0003636363636363636363636363636363636363636363636363636363636363636ED
:205400003636363636363636363636363636363636363636363636363636363636363636CC
:205420003636363636363636363636363636363636363636363636363636363636363636AC
:2054400036363636363636363636363636363636363636363636363636363636363636368C
:2054600036363636363636363636363636363636363636363636363636363636363636366C
:2054800036363636363636363636363636363636363636363636363636363636363636364C
:2054A00036363636363636363636363636363636363636363636363636363636363636362C
:2054C00036363636363636363636363636363636363636363636363636363636363636360C
:2054E0003636363636363636363636363636363636363636363636363636363636363636EC
:205500003636363636363636363636363636363636363636363636363636363636363636CB
:205520003636363636363636363636363636363636363636363636363636363636363636AB
:2055400036363636363636363636363636363636363636363636363636363636363636368B
:2055600036363636363636363636363636363636363636363636363636363636363636366B
:2055800036363636363636363636363636363636363636363636363636363636363636364B
:2055A00036363636363636363636363636363636363636363636363636363636363636362B
:2055C00036363636363636363636363636363636363636363636363636363636363636360B
:2055E0003636363636363636363636363636363636363636363636363636363636363636EB
:205600003636363636363636363636363636363636363636363636363636363636363636CA
:205620003636363636363636363636363636363636363636363636363636363636363636AA
:2056400036363636363636363636363636363636363636363636363636363636363636368A
:2056600036363636363636363636363636363636363636363636363636363636363636366A
:2056800036363636363636363636363636363636363636363636363636363636363636364A
:2056A00036363636363636363636363636363636363636363636363636363636363636362A
:2056C00036363636363636363636363636363636363636363636363636363636363636360A
:2056E0003636363636363636363636363636363636363636363636363636363636363636EA
:205700003636363636363636363636363636363636363636363636363636363636363636C9
:205720003636363636363636363636363636363636363636363636363636363636363636A9
:20574000363636363636363636363636363636363636363636363636363636363636363689
:20576000363636363636363636363636363636363636363636363636363636363636363669
:20578000363636363636363636363636363636363636363636363636363636363636363649
:2057A000363636363636363636363636363636363636363636363636363636363636363629
:2057C000363636363636363636363636363636363636363636363636363636363636363609
:2057E0003636363636363636363636363636363636363636363636363636363636363636E9
:205800003636363636363636363636363636363636363636363636363636363636363636C8
:205820003636363636363636363636363636363636363636363636363636363636363636A8
:20584000363636363636363636363636363636363636363636363636363636363636363688
:20586000363636363636363636363636363636363636363636363636363636363636363668
:20588000363636363636363636363636363636363636363636363636363636363636363648
:2058A000363636363636363636363636363636363636363636363636363636363636363628
:2058C000363636363636363636363636363636363636363636363636363636363636363608
:2058E0003636363636363636363636363636363636363636363636363636363636363636E8
:205900003636363636363636363636363636363636363636363636363636363636363636C7
:205920003636363636363636363636363636363636363636363636363636363636363636A7
:20594000363636363636363636363636363636363636363636363636363636363636363687
:20596000363636363636363636363636363636363636363636363636363636363636363667
:20598000363636363636363636363636363636363636363636363636363636363636363647
:2059A000363636363636363636363636363636363636363636363636363636363636363627
:2059C000363636363636363636363636363636363636363636363636363636363636363607
:2059E0003636363636363636363636363636363636363636363636363636363636363636E7
:205A00003636363636363636363636363636363636363636363636363636363636363636C6
:205A20003636363636363636363636363636363636363636363636363636363636363636A6
:205A4000363636363636363636363636363636363636363636363636363636363636363686
:205A6000363636363636363636363636363636363636363636363636363636363636363666
:205A8000363636363636363636363636363636363636363636363636363636363636363646
:205AA000363636363636363636363636363636363636363636363636363636363636363626
:205AC000363636363636363636363636363636363636363636363636363636363636363606
:205AE0003636363636363636363636363636363636363636363636363636363636363636E6
:205B00003636363636363636363636363636363636363636363636363636363636363636C5
:205B20003636363636363636363636363636363636363636363636363636363636363636A5
:205B4000363636363636363636363636363636363636363636363636363636363636363685
:205B6000363636363636363636363636363636363636363636363636363636363636363665
:205B8000363636363636363636363636363636363636363636363636363636363636363645
:205BA000363636363636363636363636363636363636363636363636363636363636363625
:205BC000363636363636363636363636363636363636363636363636363636363636363605
:205BE0003636363636363636363636363636363636363636363636363636363636363636E5
:205C00003636363636363636363636363636363636363636363636363636363636363636C4
:205C20003636363636363636363636363636363636363636363636363636363636363636A4
:205C4000363636363636363636363636363636363636363636363636363636363636363684
:205C6000363636363636363636363636363636363636363636363636363636363636363664
:205C8000363636363636363636363636363636363636363636363636363636363636363644
:205CA000363636363636363636363636363636363636363636363636363636363636363624
:205CC000363636363636363636363636363636363636363636363636363636363636363604
:205CE0003636363636363636363636363636363636363636363636363636363636363636E4
:205D00003636363636363636363636363636363636363636363636363636363636363636C3
:205D20003636363636363636363636363636363636363636363636363636363636363636A3
:205D4000363636363636363636363636363636363636363636363636363636363636363683
:205D6000363636363636363636363636363636363636363636363636363636363636363663
:205D8000363636363636363636363636363636363636363636363636363636363636363643
:205DA000363636363636363636363636363636363636363636363636363636363636363623
:205DC000363636363636363636363636363636363636363636363636363636363636363603
:205DE0003636363636363636363636363636363636363636363636363636363636363636E3
:205E00003636363636363636363636363636363636363636363636363636363636363636C2
:205E20003636363636363636363636363636363636363636363636363636363636363636A2
:205E4000363636363636363636363636363636363636363636363636363636363636363682
:205E6000363636363636363636363636363636363636363636363636363636363636363662
:205E8000363636363636363636363636363636363636363636363636363636363636363642
:205EA000363636363636363636363636363636363636363636363636363636363636363622
:205EC000363636363636363636363636363636363636363636363636363636363636363602
:205EE0003636363636363636363636363636363636363636363636363636363636363636E2
:205F00003636363636363636363636363636363636363636363636363636363636363636C1
:205F20003636363636363636363636363636363636363636363636363636363636363636A1
:205F4000363636363636363636363636363636363636363636363636363636363636363681
:205F6000363636363636363636363636363636363636363636363636363636363636363661
:205F8000363636363636363636363636363636363636363636363636363636363636363641
:205FA000363636363636363636363636363636363636363636363636363636363636363621
:205FC000363636363636363636363636363636363636363636363636363636363636363601
:205FE0003636363636363636363636363636363636363636363636363636363636363636E1
:206000003636363636363636363636363636363636363636363636363636363636363636C0
:206020003636363636363636363636363636363636363636363636363636363636363636A0
:20604000363636363636363636363636363636363636363636363636363636363636363680
:20606000363636363636363636363636363636363636363636363636363636363636363660
:20608000363636363636363636363636363636363636363636363636363636363636363640
:2060A000363636363636363636363636363636363636363636363636363636363636363620
:2060C000363636363636363636363636363636363636363636363636363636363636363600
:2060E0003636363636363636363636363636363636363636363636363636363636363636E0
:206100003636363636363636363636363636363636363636363636363636363636363636BF
:2061200036363636363636363636363636363636363636363636363636363636363636369F
:2061400036363636363636363636363636363636363636363636363636363636363636367F
:2061600036363636363636363636363636363636363636363636363636363636363636365F
:2061800036363636363636363636363636363636363636363636363636363636363636363F
:2061A00036363636363636363636363636363636363636363636363636363636363636361F
:2061C0003636363636363636363636363636363636363636363636363636363636363636FF
:2061E0003636363636363636363636363636363636363636363636363636363636363636DF
:206200003636363636363636363636363636363636363636363636363636363636363636BE
:2062200036363636363636363636363636363636363636363636363636363636363636369E
:2062400036363636363636363636363636363636363636363636363636363636363636367E
:2062600036363636363636363636363636363636363636363636363636363636363636365E
:2062800036363636363636363636363636363636363636363636363636363636363636363E
:2062A00036363636363636363636363636363636363636363636363636363636363636361E
:2062C0003636363636363636363636363636363636363636363636363636363636363636FE
:2062E0003636363636363636363636363636363636363636363636363636363636363636DE
:206300003636363636363636363636363636363636363636363636363636363636363636BD
:2063200036363636363636363636363636363636363636363636363636363636363636369D
:2063400036363636363636363636363636363636363636363636363636363636363636367D
:2063600036363636363636363636363636363636363636363636363636363636363636365D
:2063800036363636363636363636363636363636363636363636363636363636363636363D
:2063A00036363636363636363636363636363636363636363636363636363636363636361D
:2063C0003636363636363636363636363636363636363636363636363636363636363636FD
:2063E0003636363636363636363636363636363636363636363636363636363636363636DD
:206400003636363636363636363636363636363636363636363636363636363636363636BC
:2064200036363636363636363636363636363636363636363636363636363636363636369C
:2064400036363636363636363636363636363636363636363636363636363636363636367C
:2064600036363636363636363636363636363636363636363636363636363636363636365C
:2064800036363636363636363636363636363636363636363636363636363636363636363C
:2064A00036363636363636363636363636363636363636363636363636363636363636361C
:2064C0003636363636363636363636363636363636363636363636363636363636363636FC
:2064E0003636363636363636363636363636363636363636363636363636363636363636DC
:206500003636363636363636363636363636363636363636363636363636363636363636BB
:2065200036363636363636363636363636363636363636363636363636363636363636369B
:2065400036363636363636363636363636363636363636363636363636363636363636367B
:2065600036363636363636363636363636363636363636363636363636363636363636365B
:2065800036363636363636363636363636363636363636363636363636363636363636363B
:2065A00036363636363636363636363636363636363636363636363636363636363636361B
:2065C0003636363636363636363636363636363636363636363636363636363636363636FB
:2065E0003636363636363636363636363636363636363636363636363636363636363636DB
:206600003636363636363636363636363636363636363636363636363636363636363636BA
:2066200036363636363636363636363636363636363636363636363636363636363636369A
:2066400036363636363636363636363636363636363636363636363636363636363636367A
:2066600036363636363636363636363636363636363636363636363636363636363636365A
:2066800036363636363636363636363636363636363636363636363636363636363636363A
:2066A00036363636363636363636363636363636363636363636363636363636363636361A
:2066C0003636363636363636363636363636363636363636363636363636363636363636FA
:2066E0003636363636363636363636363636363636363636363636363636363636363636DA
:206700003636363636363636363636363636363636363636363636363636363636363636B9
:20672000363636363636363636363636363636363636363636363636363636363636363699
:20674000363636363636363636363636363636363636363636363636363636363636363679
:20676000363636363636363636363636363636363636363636363636363636363636363659
:20678000363636363636363636363636363636363636363636363636363636363636363639
:2067A000363636363636363636363636363636363636363636363636363636363636363619
:2067C0003636363636363636363636363636363636363636363636363636363636363636F9
:2067E0003636363636363636363636363636363636363636363636363636363636363636D9
:206800003636363636363636363636363636363636363636363636363636363636363636B8
:20682000363636363636363636363636363636363636363636363636363636363636363698
:20684000363636363636363636363636363636363636363636363636363636363636363678
:20686000363636363636363636363636363636363636363636363636363636363636363658
:20688000363636363636363636363636363636363636363636363636363636363636363638
:2068A000363636363636363636363636363636363636363636363636363636363636363618
:2068C0003636363636363636363636363636363636363636363636363636363636363636F8
:2068E0003636363636363636363636363636363636363636363636363636363636363636D8
:206900003636363636363636363636363636363636363636363636363636363636363636B7
:20692000363636363636363636363636363636363636363636363636363636363636363697
:20694000363636363636363636363636363636363636363636363636363636363636363677
:20696000363636363636363636363636363636363636363636363636363636363636363657
:20698000363636363636363636363636363636363636363636363636363636363636363637
:2069A000363636363636363636363636363636363636363636363636363636363636363617
:2069C0003636363636363636363636363636363636363636363636363636363636363636F7
:2069E0003636363636363636363636363636363636363636363636363636363636363636D7
:206A00003636363636363636363636363636363636363636363636363636363636363636B6
:206A2000363636363636363636363636363636363636363636363636363636363636363696
:206A4000363636363636363636363636363636363636363636363636363636363636363676
:206A6000363636363636363636363636363636363636363636363636363636363636363656
:206A8000363636363636363636363636363636363636363636363636363636363636363636
:206AA000363636363636363636363636363636363636363636363636363636363636363616
:206AC0003636363636363636363636363636363636363636363636363636363636363636F6
:206AE0003636363636363636363636363636363636363636363636363636363636363636D6
:206B00003636363636363636363636363636363636363636363636363636363636363636B5
:206B2000363636363636363636363636363636363636363636363636363636363636363695
:206B4000363636363636363636363636363636363636363636363636363636363636363675
:206B6000363636363636363636363636363636363636363636363636363636363636363655
:206B8000363636363636363636363636363636363636363636363636363636363636363635
:206BA000363636363636363636363636363636363636363636363636363636363636363615
:206BC0003636363636363636363636363636363636363636363636363636363636363636F5
:206BE0003636363636363636363636363636363636363636363636363636363636363636D5
:206C00003636363636363636363636363636363636363636363636363636363636363636B4
:206C2000363636363636363636363636363636363636363636363636363636363636363694
:206C4000363636363636363636363636363636363636363636363636363636363636363674
:206C6000363636363636363636363636363636363636363636363636363636363636363654
:206C8000363636363636363636363636363636363636363636363636363636363636363634
:206CA000363636363636363636363636363636363636363636363636363636363636363614
:206CC0003636363636363636363636363636363636363636363636363636363636363636F4
:206CE0003636363636363636363636363636363636363636363636363636363636363636D4
:206D00003636363636363636363636363636363636363636363636363636363636363636B3
:206D2000363636363636363636363636363636363636363636363636363636363636363693
:206D4000363636363636363636363636363636363636363636363636363636363636363673
:206D6000363636363636363636363636363636363636363636363636363636363636363653
:206D8000363636363636363636363636363636363636363636363636363636363636363633
:206DA000363636363636363636363636363636363636363636363636363636363636363613
:206DC0003636363636363636363636363636363636363636363636363636363636363636F3
:206DE0003636363636363636363636363636363636363636363636363636363636363636D3
:206E00003636363636363636363636363636363636363636363636363636363636363636B2
:206E2000363636363636363636363636363636363636363636363636363636363636363692
:206E4000363636363636363636363636363636363636363636363636363636363636363672
:206E6000363636363636363636363636363636363636363636363636363636363636363652
:206E8000363636363636363636363636363636363636363636363636363636363636363632
:206EA000363636363636363636363636363636363636363636363636363636363636363612
:206EC0003636363636363636363636363636363636363636363636363636363636363636F2
:206EE0003636363636363636363636363636363636363636363636363636363636363636D2
:206F00003636363636363636363636363636363636363636363636363636363636363636B1
:206F2000363636363636363636363636363636363636363636363636363636363636363691
:206F4000363636363636363636363636363636363636363636363636363636363636363671
:206F6000363636363636363636363636363636363636363636363636363636363636363651
:206F8000363636363636363636363636363636363636363636363636363636363636363631
:206FA000363636363636363636363636363636363636363636363636363636363636363611
:206FC0003636363636363636363636363636363636363636363636363636363636363636F1
:206FE0003636363636363636363636363636363636363636363636363636363636363636D1
:207000003636363636363636363636363636363636363636363636363636363636363636B0
:20702000363636363636363636363636363636363636363636363636363636363636363690
:20704000363636363636363636363636363636363636363636363636363636363636363670
:20706000363636363636363636363636363636363636363636363636363636363636363650
:20708000363636363636363636363636363636363636363636363636363636363636363630
:2070A000363636363636363636363636363636363636363636363636363636363636363610
:2070C0003636363636363636363636363636363636363636363636363636363636363636F0
:2070E0003636363636363636363636363636363636363636363636363636363636363636D0
:207100003636363636363636363636363636363636363636363636363636363636363636AF
:2071200036363636363636363636363636363636363636363636363636363636363636368F
:2071400036363636363636363636363636363636363636363636363636363636363636366F
:2071600036363636363636363636363636363636363636363636363636363636363636364F
:2071800036363636363636363636363636363636363636363636363636363636363636362F
:2071A00036363636363636363636363636363636363636363636363636363636363636360F
:2071C0003636363636363636363636363636363636363636363636363636363636363636EF
:2071E0003636363636363636363636363636363636363636363636363636363636363636CF
:207200003636363636363636363636363636363636363636363636363636363636363636AE
:2072200036363636363636363636363636363636363636363636363636363636363636368E
:2072400036363636363636363636363636363636363636363636363636363636363636366E
:2072600036363636363636363636363636363636363636363636363636363636363636364E
:2072800036363636363636363636363636363636363636363636363636363636363636362E
:2072A00036363636363636363636363636363636363636363636363636363636363636360E
:2072C0003636363636363636363636363636363636363636363636363636363636363636EE
:2072E0003636363636363636363636363636363636363636363636363636363636363636CE
:207300003636363636363636363636363636363636363636363636363636363636363636AD
:2073200036363636363636363636363636363636363636363636363636363636363636368D
:2073400036363636363636363636363636363636363636363636363636363636363636366D
:2073600036363636363636363636363636363636363636363636363636363636363636364D
:2073800036363636363636363636363636363636363636363636363636363636363636362D
:2073A00036363636363636363636363636363636363636363636363636363636363636360D
:2073C0003636363636363636363636363636363636363636363636363636363636363636ED
:2073E0003636363636363636363636363636363636363636363636363636363636363636CD
:207400003636363636363636363636363636363636363636363636363636363636363636AC
:2074200036363636363636363636363636363636363636363636363636363636363636368C
:2074400036363636363636363636363636363636363636363636363636363636363636366C
:2074600036363636363636363636363636363636363636363636363636363636363636364C
:2074800036363636363636363636363636363636363636363636363636363636363636362C
:2074A00036363636363636363636363636363636363636363636363636363636363636360C
:2074C0003636363636363636363636363636363636363636363636363636363636363636EC
:2074E0003636363636363636363636363636363636363636363636363636363636363636CC
:207500003636363636363636363636363636363636363636363636363636363636363636AB
:2075200036363636363636363636363636363636363636363636363636363636363636368B
:2075400036363636363636363636363636363636363636363636363636363636363636366B
:2075600036363636363636363636363636363636363636363636363636363636363636364B
:2075800036363636363636363636363636363636363636363636363636363636363636362B
:2075A00036363636363636363636363636363636363636363636363636363636363636360B
:2075C0003636363636363636363636363636363636363636363636363636363636363636EB
:2075E0003636363636363636363636363636363636363636363636363636363636363636CB
:207600003636363636363636363636363636363636363636363636363636363636363636AA
:2076200036363636363636363636363636363636363636363636363636363636363636368A
:2076400036363636363636363636363636363636363636363636363636363636363636366A
:2076600036363636363636363636363636363636363636363636363636363636363636364A
:2076800036363636363636363636363636363636363636363636363636363636363636362A
:2076A00036363636363636363636363636363636363636363636363636363636363636360A
:2076C0003636363636363636363636363636363636363636363636363636363636363636EA
:2076E0003636363636363636363636363636363636363636363636363636363636363636CA
:207700003636363636363636363636363636363636363636363636363636363636363636A9
:20772000363636363636363636363636363636363636363636363636363636363636363689
:20774000363636363636363636363636363636363636363636363636363636363636363669
:20776000363636363636363636363636363636363636363636363636363636363636363649
:20778000363636363636363636363636363636363636363636363636363636363636363629
:2077A000363636363636363636363636363636363636363636363636363636363636363609
:2077C0003636363636363636363636363636363636363636363636363636363636363636E9
:2077E0003636363636363636363636363636363636363636363636363636363636363636C9
:207800003636363636363636363636363636363636363636363636363636363636363636A8
:20782000363636363636363636363636363636363636363636363636363636363636363688
:20784000363636363636363636363636363636363636363636363636363636363636363668
:20786000363636363636363636363636363636363636363636363636363636363636363648
:20788000363636363636363636363636363636363636363636363636363636363636363628
:2078A000363636363636363636363636363636363636363636363636363636363636363608
:2078C0003636363636363636363636363636363636363636363636363636363636363636E8
:2078E0003636363636363636363636363636363636363636363636363636363636363636C8
:207900003636363636363636363636363636363636363636363636363636363636363636A7
:20792000363636363636363636363636363636363636363636363636363636363636363687
:20794000363636363636363636363636363636363636363636363636363636363636363667
:20796000363636363636363636363636363636363636363636363636363636363636363647
:20798000363636363636363636363636363636363636363636363636363636363636363627
:2079A000363636363636363636363636363636363636363636363636363636363636363607
:2079C0003636363636363636363636363636363636363636363636363636363636363636E7
:2079E0003636363636363636363636363636363636363636363636363636363636363636C7
:207A00003636363636363636363636363636363636363636363636363636363636363636A6
:207A2000363636363636363636363636363636363636363636363636363636363636363686
:207A4000363636363636363636363636363636363636363636363636363636363636363666
:207A6000363636363636363636363636363636363636363636363636363636363636363646
:207A8000363636363636363636363636363636363636363636363636363636363636363626
:207AA000363636363636363636363636363636363636363636363636363636363636363606
:207AC0003636363636363636363636363636363636363636363636363636363636363636E6
:207AE0003636363636363636363636363636363636363636363636363636363636363636C6
:207B00003636363636363636363636363636363636363636363636363636363636363636A5
:207B2000363636363636363636363636363636363636363636363636363636363636363685
:207B4000363636363636363636363636363636363636363636363636363636363636363665
:207B6000363636363636363636363636363636363636363636363636363636363636363645
:207B8000363636363636363636363636363636363636363636363636363636363636363625
:207BA000363636363636363636363636363636363636363636363636363636363636363605
:207BC0003636363636363636363636363636363636363636363636363636363636363636E5
:207BE0003636363636363636363636363636363636363636363636363636363636363636C5
:207C00003636363636363636363636363636363636363636363636363636363636363636A4
:207C2000363636363636363636363636363636363636363636363636363636363636363684
:207C4000363636363636363636363636363636363636363636363636363636363636363664
:207C6000363636363636363636363636363636363636363636363636363636363636363644
:207C8000363636363636363636363636363636363636363636363636363636363636363624
:207CA000363636363636363636363636363636363636363636363636363636363636363604
:207CC0003636363636363636363636363636363636363636363636363636363636363636E4
:207CE0003636363636363636363636363636363636363636363636363636363636363636C4
:207D00003636363636363636363636363636363636363636363636363636363636363636A3
:207D2000363636363636363636363636363636363636363636363636363636363636363683
:207D4000363636363636363636363636363636363636363636363636363636363636363663
:207D6000363636363636363636363636363636363636363636363636363636363636363643
:207D8000363636363636363636363636363636363636363636363636363636363636363623
:207DA000363636363636363636363636363636363636363636363636363636363636363603
:207DC0003636363636363636363636363636363636363636363636363636363636363636E3
:207DE0003636363636363636363636363636363636363636363636363636363636363636C3
:207E00003636363636363636363636363636363636363636363636363636363636363636A2
:207E2000363636363636363636363636363636363636363636363636363636363636363682
:207E4000363636363636363636363636363636363636363636363636363636363636363662
:207E6000363636363636363636363636363636363636363636363636363636363636363642
:207E8000363636363636363636363636363636363636363636363636363636363636363622
:207EA000363636363636363636363636363636363636363636363636363636363636363602
:207EC0003636363636363636363636363636363636363636363636363636363636363636E2
:207EE0003636363636363636363636363636363636363636363636363636363636363636C2
:207F00003636363636363636363636363636363636363636363636363636363636363636A1
:207F2000363636363636363636363636363636363636363636363636363636363636363681
:207F4000363636363636363636363636363636363636363636363636363636363636363661
:207F6000363636363636363636363636363636363636363636363636363636363636363641
:207F8000363636363636363636363636363636363636363636363636363636363636363621
:207FA000363636363636363636363636363636363636363636363636363636363636363601
:207FC0003636363636363636363636363636363636363636363636363636363636363636E1
:207FE0003636363636363636363636363636363636363636363636363636363636363636C1
:208000003636363636363636363636363636363636363636363636363636363636363636A0
:20802000363636363636363636363636363636363636363636363636363636363636363680
:20804000363636363636363636363636363636363636363636363636363636363636363660
:20806000363636363636363636363636363636363636363636363636363636363636363640
:20808000363636363636363636363636363636363636363636363636363636363636363620
:2080A000363636363636363636363636363636363636363636363636363636363636363600
:2080C0003636363636363636363636363636363636363636363636363636363636363636E0
:2080E0003636363636363636363636363636363636363636363636363636363636363636C0
:2081000036363636363636363636363636363636363636363636363636363636363636369F
:2081200036363636363636363636363636363636363636363636363636363636363636367F
:2081400036363636363636363636363636363636363636363636363636363636363636365F
:2081600036363636363636363636363636363636363636363636363636363636363636363F
:2081800036363636363636363636363636363636363636363636363636363636363636361F
:2081A0003636363636363636363636363636363636363636363636363636363636363636FF
:2081C0003636363636363636363636363636363636363636363636363636363636363636DF
:2081E0003636363636363636363636363636363636363636363636363636363636363636BF
:2082000036363636363636363636363636363636363636363636363636363636363636369E
:2082200036363636363636363636363636363636363636363636363636363636363636367E
:2082400036363636363636363636363636363636363636363636363636363636363636365E
:2082600036363636363636363636363636363636363636363636363636363636363636363E
:2082800036363636363636363636363636363636363636363636363636363636363636361E
:2082A0003636363636363636363636363636363636363636363636363636363636363636FE
:2082C0003636363636363636363636363636363636363636363636363636363636363636DE
:2082E0003636363636363636363636363636363636363636363636363636363636363636BE
:2083000036363636363636363636363636363636363636363636363636363636363636369D
:2083200036363636363636363636363636363636363636363636363636363636363636367D
:2083400036363636363636363636363636363636363636363636363636363636363636365D
:2083600036363636363636363636363636363636363636363636363636363636363636363D
:2083800036363636363636363636363636363636363636363636363636363636363636361D
:2083A0003636363636363636363636363636363636363636363636363636363636363636FD
:2083C0003636363636363636363636363636363636363636363636363636363636363636DD
:2083E0003636363636363636363636363636363636363636363636363636363636363636BD
:2084000036363636363636363636363636363636363636363636363636363636363636369C
:2084200036363636363636363636363636363636363636363636363636363636363636367C
:2084400036363636363636363636363636363636363636363636363636363636363636365C
:2084600036363636363636363636363636363636363636363636363636363636363636363C
:2084800036363636363636363636363636363636363636363636363636363636363636361C
:2084A0003636363636363636363636363636363636363636363636363636363636363636FC
:2084C0003636363636363636363636363636363636363636363636363636363636363636DC
:2084E0003636363636363636363636363636363636363636363636363636363636363636BC
:2085000036363636363636363636363636363636363636363636363636363636363636369B
:2085200036363636363636363636363636363636363636363636363636363636363636367B
:2085400036363636363636363636363636363636363636363636363636363636363636365B
:2085600036363636363636363636363636363636363636363636363636363636363636363B
:2085800036363636363636363636363636363636363636363636363636363636363636361B
:2085A0003636363636363636363636363636363636363636363636363636363636363636FB
:2085C0003636363636363636363636363636363636363636363636363636363636363636DB
:2085E0003636363636363636363636363636363636363636363636363636363636363636BB
:2086000036363636363636363636363636363636363636363636363636363636363636369A
:2086200036363636363636363636363636363636363636363636363636363636363636367A
:2086400036363636363636363636363636363636363636363636363636363636363636365A
:2086600036363636363636363636363636363636363636363636363636363636363636363A
:2086800036363636363636363636363636363636363636363636363636363636363636361A
:2086A0003636363636363636363636363636363636363636363636363636363636363636FA
:2086C0003636363636363636363636363636363636363636363636363636363636363636DA
:2086E0003636363636363636363636363636363636363636363636363636363636363636BA
:20870000363636363636363636363636363636363636363636363636363636363636363699
:20872000363636363636363636363636363636363636363636363636363636363636363679
:20874000363636363636363636363636363636363636363636363636363636363636363659
:20876000363636363636363636363636363636363636363636363636363636363636363639
:20878000363636363636363636363636363636363636363636363636363636363636363619
:2087A0003636363636363636363636363636363636363636363636363636363636363636F9
:2087C0003636363636363636363636363636363636363636363636363636363636363636D9
:2087E0003636363636363636363636363636363636363636363636363636363636363636B9
:20880000363636363636363636363636363636363636363636363636363636363636363698
:20882000363636363636363636363636363636363636363636363636363636363636363678
:20884000363636363636363636363636363636363636363636363636363636363636363658
:20886000363636363636363636363636363636363636363636363636363636363636363638
:20888000363636363636363636363636363636363636363636363636363636363636363618
:2088A0003636363636363636363636363636363636363636363636363636363636363636F8
:2088C0003636363636363636363636363636363636363636363636363636363636363636D8
:2088E0003636363636363636363636363636363636363636363636363636363636363636B8
:20890000363636363636363636363636363636363636363636363636363636363636363697
:20892000363636363636363636363636363636363636363636363636363636363636363677
:20894000363636363636363636363636363636363636363636363636363636363636363657
:20896000363636363636363636363636363636363636363636363636363636363636363637
:20898000363636363636363636363636363636363636363636363636363636363636363617
:2089A0003636363636363636363636363636363636363636363636363636363636363636F7
:2089C0003636363636363636363636363636363636363636363636363636363636363636D7
:2089E0003636363636363636363636363636363636363636363636363636363636363636B7
:208A0000363636363636363636363636363636363636363636363636363636363636363696
:208A2000363636363636363636363636363636363636363636363636363636363636363676
:208A4000363636363636363636363636363636363636363636363636363636363636363656
:208A6000363636363636363636363636363636363636363636363636363636363636363636
:208A8000363636363636363636363636363636363636363636363636363636363636363616
:208AA0003636363636363636363636363636363636363636363636363636363636363636F6
:208AC0003636363636363636363636363636363636363636363636363636363636363636D6
:208AE0003636363636363636363636363636363636363636363636363636363636363636B6
:208B0000363636363636363636363636363636363636363636363636363636363636363695
:208B2000363636363636363636363636363636363636363636363636363636363636363675
:208B4000363636363636363636363636363636363636363636363636363636363636363655
:208B6000363636363636363636363636363636363636363636363636363636363636363635
:208B8000363636363636363636363636363636363636363636363636363636363636363615
:208BA0003636363636363636363636363636363636363636363636363636363636363636F5
:208BC0003636363636363636363636363636363636363636363636363636363636363636D5
:208BE0003636363636363636363636363636363636363636363636363636363636363636B5
:208C0000363636363636363636363636363636363636363636363636363636363636363694
:208C2000363636363636363636363636363636363636363636363636363636363636363674
:208C4000363636363636363636363636363636363636363636363636363636363636363654
:208C6000363636363636363636363636363636363636363636363636363636363636363634
:208C8000363636363636363636363636363636363636363636363636363636363636363614
:208CA0003636363636363636363636363636363636363636363636363636363636363636F4
:208CC0003636363636363636363636363636363636363636363636363636363636363636D4
:208CE0003636363636363636363636363636363636363636363636363636363636363636B4
:208D0000363636363636363636363636363636363636363636363636363636363636363693
:208D2000363636363636363636363636363636363636363636363636363636363636363673
:208D4000363636363636363636363636363636363636363636363636363636363636363653
:208D6000363636363636363636363636363636363636363636363636363636363636363633
:208D8000363636363636363636363636363636363636363636363636363636363636363613
:208DA0003636363636363636363636363636363636363636363636363636363636363636F3
:208DC0003636363636363636363636363636363636363636363636363636363636363636D3
:208DE0003636363636363636363636363636363636363636363636363636363636363636B3
:208E0000363636363636363636363636363636363636363636363636363636363636363692
:208E2000363636363636363636363636363636363636363636363636363636363636363672
:208E4000363636363636363636363636363636363636363636363636363636363636363652
:208E6000363636363636363636363636363636363636363636363636363636363636363632
:208E8000363636363636363636363636363636363636363636363636363636363636363612
:208EA0003636363636363636363636363636363636363636363636363636363636363636F2
:208EC0003636363636363636363636363636363636363636363636363636363636363636D2
:208EE0003636363636363636363636363636363636363636363636363636363636363636B2
:208F0000363636363636363636363636363636363636363636363636363636363636363691
:208F2000363636363636363636363636363636363636363636363636363636363636363671
:208F4000363636363636363636363636363636363636363636363636363636363636363651
:208F6000363636363636363636363636363636363636363636363636363636363636363631
:208F8000363636363636363636363636363636363636363636363636363636363636363611
:208FA0003636363636363636363636363636363636363636363636363636363636363636F1
:208FC0003636363636363636363636363636363636363636363636363636363636363636D1
:208FE0003636363636363636363636363636363636363636363636363636363636363636B1
:20900000363636363636363636363636363636363636363636363636363636363636363690
:20902000363636363636363636363636363636363636363636363636363636363636363670
:20904000363636363636363636363636363636363636363636363636363636363636363650
:20906000363636363636363636363636363636363636363636363636363636363636363630
:20908000363636363636363636363636363636363636363636363636363636363636363610
:2090A0003636363636363636363636363636363636363636363636363636363636363636F0
:2090C0003636363636363636363636363636363636363636363636363636363636363636D0
:2090E0003636363636363636363636363636363636363636363636363636363636363636B0
:2091000036363636363636363636363636363636363636363636363636363636363636368F
:2091200036363636363636363636363636363636363636363636363636363636363636366F
:2091400036363636363636363636363636363636363636363636363636363636363636364F
:2091600036363636363636363636363636363636363636363636363636363636363636362F
:2091800036363636363636363636363636363636363636363636363636363636363636360F
:2091A0003636363636363636363636363636363636363636363636363636363636363636EF
:2091C0003636363636363636363636363636363636363636363636363636363636363636CF
:2091E0003636363636363636363636363636363636363636363636363636363636363636AF
:2092000036363636363636363636363636363636363636363636363636363636363636368E
:2092200036363636363636363636363636363636363636363636363636363636363636366E
:2092400036363636363636363636363636363636363636363636363636363636363636364E
:2092600036363636363636363636363636363636363636363636363636363636363636362E
:2092800036363636363636363636363636363636363636363636363636363636363636360E
:2092A0003636363636363636363636363636363636363636363636363636363636363636EE
:2092C0003636363636363636363636363636363636363636363636363636363636363636CE
:2092E0003636363636363636363636363636363636363636363636363636363636363636AE
:2093000036363636363636363636363636363636363636363636363636363636363636368D
:2093200036363636363636363636363636363636363636363636363636363636363636366D
:2093400036363636363636363636363636363636363636363636363636363636363636364D
:2093600036363636363636363636363636363636363636363636363636363636363636362D
:2093800036363636363636363636363636363636363636363636363636363636363636360D
:2093A0003636363636363636363636363636363636363636363636363636363636363636ED
:2093C0003636363636363636363636363636363636363636363636363636363636363636CD
:2093E0003636363636363636363636363636363636363636363636363636363636363636AD
:2094000036363636363636363636363636363636363636363636363636363636363636368C
:2094200036363636363636363636363636363636363636363636363636363636363636366C
:2094400036363636363636363636363636363636363636363636363636363636363636364C
:2094600036363636363636363636363636363636363636363636363636363636363636362C
:2094800036363636363636363636363636363636363636363636363636363636363636360C
:2094A0003636363636363636363636363636363636363636363636363636363636363636EC
:2094C0003636363636363636363636363636363636363636363636363636363636363636CC
:2094E0003636363636363636363636363636363636363636363636363636363636363636AC
:2095000036363636363636363636363636363636363636363636363636363636363636368B
:2095200036363636363636363636363636363636363636363636363636363636363636366B
:2095400036363636363636363636363636363636363636363636363636363636363636364B
:2095600036363636363636363636363636363636363636363636363636363636363636362B
:2095800036363636363636363636363636363636363636363636363636363636363636360B
:2095A0003636363636363636363636363636363636363636363636363636363636363636EB
:2095C0003636363636363636363636363636363636363636363636363636363636363636CB
:2095E0003636363636363636363636363636363636363636363636363636363636363636AB
:2096000036363636363636363636363636363636363636363636363636363636363636368A
:2096200036363636363636363636363636363636363636363636363636363636363636366A
:2096400036363636363636363636363636363636363636363636363636363636363636364A
:2096600036363636363636363636363636363636363636363636363636363636363636362A
:2096800036363636363636363636363636363636363636363636363636363636363636360A
:2096A0003636363636363636363636363636363636363636363636363636363636363636EA
:2096C0003636363636363636363636363636363636363636363636363636363636363636CA
:2096E0003636363636363636363636363636363636363636363636363636363636363636AA
:20970000363636363636363636363636363636363636363636363636363636363636363689
:20972000363636363636363636363636363636363636363636363636363636363636363669
:20974000363636363636363636363636363636363636363636363636363636363636363649
:20976000363636363636363636363636363636363636363636363636363636363636363629
:20978000363636363636363636363636363636363636363636363636363636363636363609
:2097A0003636363636363636363636363636363636363636363636363636363636363636E9
:2097C0003636363636363636363636363636363636363636363636363636363636363636C9
:2097E0003636363636363636363636363636363636363636363636363636363636363636A9
:20980000363636363636363636363636363636363636363636363636363636363636363688
:20982000363636363636363636363636363636363636363636363636363636363636363668
:20984000363636363636363636363636363636363636363636363636363636363636363648
:20986000363636363636363636363636363636363636363636363636363636363636363628
:20988000363636363636363636363636363636363636363636363636363636363636363608
:2098A0003636363636363636363636363636363636363636363636363636363636363636E8
:2098C0003636363636363636363636363636363636363636363636363636363636363636C8
:2098E0003636363636363636363636363636363636363636363636363636363636363636A8
:20990000363636363636363636363636363636363636363636363636363636363636363687
:20992000363636363636363636363636363636363636363636363636363636363636363667
:20994000363636363636363636363636363636363636363636363636363636363636363647
:20996000363636363636363636363636363636363636363636363636363636363636363627
:20998000363636363636363636363636363636363636363636363636363636363636363607
:2099A0003636363636363636363636363636363636363636363636363636363636363636E7
:2099C0003636363636363636363636363636363636363636363636363636363636363636C7
:2099E0003636363636363636363636363636363636363636363636363636363636363636A7
:209A0000363636363636363636363636363636363636363636363636363636363636363686
:209A2000363636363636363636363636363636363636363636363636363636363636363666
:209A4000363636363636363636363636363636363636363636363636363636363636363646
:209A6000363636363636363636363636363636363636363636363636363636363636363626
:209A8000363636363636363636363636363636363636363636363636363636363636363606
:209AA0003636363636363636363636363636363636363636363636363636363636363636E6
:209AC0003636363636363636363636363636363636363636363636363636363636363636C6
:209AE0003636363636363636363636363636363636363636363636363636363636363636A6
:209B0000363636363636363636363636363636363636363636363636363636363636363685
:209B2000363636363636363636363636363636363636363636363636363636363636363665
:209B4000363636363636363636363636363636363636363636363636363636363636363645
:209B6000363636363636363636363636363636363636363636363636363636363636363625
:209B8000363636363636363636363636363636363636363636363636363636363636363605
:209BA0003636363636363636363636363636363636363636363636363636363636363636E5
:209BC0003636363636363636363636363636363636363636363636363636363636363636C5
:209BE0003636363636363636363636363636363636363636363636363636363636363636A5
:209C0000363636363636363636363636363636363636363636363636363636363636363684
:209C2000363636363636363636363636363636363636363636363636363636363636363664
:209C4000363636363636363636363636363636363636363636363636363636363636363644
:209C6000363636363636363636363636363636363636363636363636363636363636363624
:209C8000363636363636363636363636363636363636363636363636363636363636363604
:209CA0003636363636363636363636363636363636363636363636363636363636363636E4
:209CC0003636363636363636363636363636363636363636363636363636363636363636C4
:209CE0003636363636363636363636363636363636363636363636363636363636363636A4
:209D0000363636363636363636363636363636363636363636363636363636363636363683
:209D2000363636363636363636363636363636363636363636363636363636363636363663
:209D4000363636363636363636363636363636363636363636363636363636363636363643
:209D6000363636363636363636363636363636363636363636363636363636363636363623
:209D8000363636363636363636363636363636363636363636363636363636363636363603
:209DA0003636363636363636363636363636363636363636363636363636363636363636E3
:209DC0003636363636363636363636363636363636363636363636363636363636363636C3
:209DE0003636363636363636363636363636363636363636363636363636363636363636A3
:209E0000363636363636363636363636363636363636363636363636363636363636363682
:209E2000363636363636363636363636363636363636363636363636363636363636363662
:209E4000363636363636363636363636363636363636363636363636363636363636363642
:209E6000363636363636363636363636363636363636363636363636363636363636363622
:209E8000363636363636363636363636363636363636363636363636363636363636363602
:209EA0003636363636363636363636363636363636363636363636363636363636363636E2
:209EC0003636363636363636363636363636363636363636363636363636363636363636C2
:209EE0003636363636363636363636363636363636363636363636363636363636363636A2
:209F0000363636363636363636363636363636363636363636363636363636363636363681
:209F2000363636363636363636363636363636363636363636363636363636363636363661
:209F4000363636363636363636363636363636363636363636363636363636363636363641
:209F6000363636363636363636363636363636363636363636363636363636363636363621
:209F8000363636363636363636363636363636363636363636363636363636363636363601
:209FA0003636363636363636363636363636363636363636363636363636363636363636E1
:209FC0003636363636363636363636363636363636363636363636363636363636363636C1
:209FE0003636363636363636363636363636363636363636363636363636363636363636A1
:20A00000363636363636363636363636363636363636363636363636363636363636363680
:20A02000363636363636363636363636363636363636363636363636363636363636363660
:20A04000363636363636363636363636363636363636363636363636363636363636363640
:20A06000363636363636363636363636363636363636363636363636363636363636363620
:20A08000363636363636363636363636363636363636363636363636363636363636363600
:20A0A0003636363636363636363636363636363636363636363636363636363636363636E0
:20A0C0003636363636363636363636363636363636363636363636363636363636363636C0
:20A0E0003636363636363636363636363636363636363636363636363636363636363636A0
:20A1000036363636363636363636363636363636363636363636363636363636363636367F
:20A1200036363636363636363636363636363636363636363636363636363636363636365F
:20A1400036363636363636363636363636363636363636363636363636363636363636363F
:20A1600036363636363636363636363636363636363636363636363636363636363636361F
:20A180003636363636363636363636363636363636363636363636363636363636363636FF
:20A1A0003636363636363636363636363636363636363636363636363636363636363636DF
:20A1C0003636363636363636363636363636363636363636363636363636363636363636BF
:20A1E00036363636363636363636363636363636363636363636363636363636363636369F
:20A2000036363636363636363636363636363636363636363636363636363636363636367E
:20A2200036363636363636363636363636363636363636363636363636363636363636365E
:20A2400036363636363636363636363636363636363636363636363636363636363636363E
:20A2600036363636363636363636363636363636363636363636363636363636363636361E
:20A280003636363636363636363636363636363636363636363636363636363636363636FE
:20A2A0003636363636363636363636363636363636363636363636363636363636363636DE
:20A2C0003636363636363636363636363636363636363636363636363636363636363636BE
:20A2E00036363636363636363636363636363636363636363636363636363636363636369E
:20A3000036363636363636363636363636363636363636363636363636363636363636367D
:20A3200036363636363636363636363636363636363636363636363636363636363636365D
:20A3400036363636363636363636363636363636363636363636363636363636363636363D
:20A3600036363636363636363636363636363636363636363636363636363636363636361D
:20A380003636363636363636363636363636363636363636363636363636363636363636FD
:20A3A0003636363636363636363636363636363636363636363636363636363636363636DD
:20A3C0003636363636363636363636363636363636363636363636363636363636363636BD
:20A3E00036363636363636363636363636363636363636363636363636363636363636369D
:20A4000036363636363636363636363636363636363636363636363636363636363636367C
:20A4200036363636363636363636363636363636363636363636363636363636363636365C
:20A4400036363636363636363636363636363636363636363636363636363636363636363C
:20A4600036363636363636363636363636363636363636363636363636363636363636361C
:20A480003636363636363636363636363636363636363636363636363636363636363636FC
:20A4A0003636363636363636363636363636363636363636363636363636363636363636DC
:20A4C0003636363636363636363636363636363636363636363636363636363636363636BC
:20A4E00036363636363636363636363636363636363636363636363636363636363636369C
:20A5000036363636363636363636363636363636363636363636363636363636363636367B
:20A5200036363636363636363636363636363636363636363636363636363636363636365B
:20A5400036363636363636363636363636363636363636363636363636363636363636363B
:20A5600036363636363636363636363636363636363636363636363636363636363636361B
:20A580003636363636363636363636363636363636363636363636363636363636363636FB
:20A5A0003636363636363636363636363636363636363636363636363636363636363636DB
:20A5C0003636363636363636363636363636363636363636363636363636363636363636BB
:20A5E00036363636363636363636363636363636363636363636363636363636363636369B
:20A6000036363636363636363636363636363636363636363636363636363636363636367A
:20A6200036363636363636363636363636363636363636363636363636363636363636365A
:20A6400036363636363636363636363636363636363636363636363636363636363636363A
:20A6600036363636363636363636363636363636363636363636363636363636363636361A
:20A680003636363636363636363636363636363636363636363636363636363636363636FA
:20A6A0003636363636363636363636363636363636363636363636363636363636363636DA
:20A6C0003636363636363636363636363636363636363636363636363636363636363636BA
:20A6E00036363636363636363636363636363636363636363636363636363636363636369A
:20A70000363636363636363636363636363636363636363636363636363636363636363679
:20A72000363636363636363636363636363636363636363636363636363636363636363659
:20A74000363636363636363636363636363636363636363636363636363636363636363639
:20A76000363636363636363636363636363636363636363636363636363636363636363619
:20A780003636363636363636363636363636363636363636363636363636363636363636F9
:20A7A0003636363636363636363636363636363636363636363636363636363636363636D9
:20A7C0003636363636363636363636363636363636363636363636363636363636363636B9
:20A7E000363636363636363636363636363636363636363636363636363636363636363699
:20A80000363636363636363636363636363636363636363636363636363636363636363678
:20A82000363636363636363636363636363636363636363636363636363636363636363658
:20A84000363636363636363636363636363636363636363636363636363636363636363638
:20A86000363636363636363636363636363636363636363636363636363636363636363618
:20A880003636363636363636363636363636363636363636363636363636363636363636F8
:20A8A0003636363636363636363636363636363636363636363636363636363636363636D8
:20A8C0003636363636363636363636363636363636363636363636363636363636363636B8
:20A8E000363636363636363636363636363636363636363636363636363636363636363698
:20A90000363636363636363636363636363636363636363636363636363636363636363677
:20A92000363636363636363636363636363636363636363636363636363636363636363657
:20A94000363636363636363636363636363636363636363636363636363636363636363637
:20A96000363636363636363636363636363636363636363636363636363636363636363617
:20A980003636363636363636363636363636363636363636363636363636363636363636F7
:20A9A0003636363636363636363636363636363636363636363636363636363636363636D7
:20A9C0003636363636363636363636363636363636363636363636363636363636363636B7
:20A9E000363636363636363636363636363636363636363636363636363636363636363697
:20AA0000363636363636363636363636363636363636363636363636363636363636363676
:20AA2000363636363636363636363636363636363636363636363636363636363636363656
:20AA4000363636363636363636363636363636363636363636363636363636363636363636
:20AA6000363636363636363636363636363636363636363636363636363636363636363616
:20AA80003636363636363636363636363636363636363636363636363636363636363636F6
:20AAA0003636363636363636363636363636363636363636363636363636363636363636D6
:20AAC0003636363636363636363636363636363636363636363636363636363636363636B6
:20AAE000363636363636363636363636363636363636363636363636363636363636363696
:20AB0000363636363636363636363636363636363636363636363636363636363636363675
:20AB2000363636363636363636363636363636363636363636363636363636363636363655
:20AB4000363636363636363636363636363636363636363636363636363636363636363635
:20AB6000363636363636363636363636363636363636363636363636363636363636363615
:20AB80003636363636363636363636363636363636363636363636363636363636363636F5
:20ABA0003636363636363636363636363636363636363636363636363636363636363636D5
:20ABC0003636363636363636363636363636363636363636363636363636363636363636B5
:20ABE000363636363636363636363636363636363636363636363636363636363636363695
:20AC0000363636363636363636363636363636363636363636363636363636363636363674
:20AC2000363636363636363636363636363636363636363636363636363636363636363654
:20AC4000363636363636363636363636363636363636363636363636363636363636363634
:20AC6000363636363636363636363636363636363636363636363636363636363636363614
:20AC80003636363636363636363636363636363636363636363636363636363636363636F4
:20ACA0003636363636363636363636363636363636363636363636363636363636363636D4
:20ACC0003636363636363636363636363636363636363636363636363636363636363636B4
:20ACE000363636363636363636363636363636363636363636363636363636363636363694
:20AD0000363636363636363636363636363636363636363636363636363636363636363673
:20AD2000363636363636363636363636363636363636363636363636363636363636363653
:20AD4000363636363636363636363636363636363636363636363636363636363636363633
:20AD6000363636363636363636363636363636363636363636363636363636363636363613
:20AD80003636363636363636363636363636363636363636363636363636363636363636F3
:20ADA0003636363636363636363636363636363636363636363636363636363636363636D3
:20ADC0003636363636363636363636363636363636363636363636363636363636363636B3
:20ADE000363636363636363636363636363636363636363636363636363636363636363693
:20AE0000363636363636363636363636363636363636363636363636363636363636363672
:20AE2000363636363636363636363636363636363636363636363636363636363636363652
:20AE4000363636363636363636363636363636363636363636363636363636363636363632
:20AE6000363636363636363636363636363636363636363636363636363636363636363612
:20AE80003636363636363636363636363636363636363636363636363636363636363636F2
:20AEA0003636363636363636363636363636363636363636363636363636363636363636D2
:20AEC0003636363636363636363636363636363636363636363636363636363636363636B2
:20AEE000363636363636363636363636363636363636363636363636363636363636363692
:20AF0000363636363636363636363636363636363636363636363636363636363636363671
:20AF2000363636363636363636363636363636363636363636363636363636363636363651
:20AF4000363636363636363636363636363636363636363636363636363636363636363631
:20AF6000363636363636363636363636363636363636363636363636363636363636363611
:20AF80003636363636363636363636363636363636363636363636363636363636363636F1
:20AFA0003636363636363636363636363636363636363636363636363636363636363636D1
:20AFC0003636363636363636363636363636363636363636363636363636363636363636B1
:20AFE000363636363636363636363636363636363636363636363636363636363636363691
:20B00000363636363636363636363636363636363636363636363636363636363636363670
:20B02000363636363636363636363636363636363636363636363636363636363636363650
:20B04000363636363636363636363636363636363636363636363636363636363636363630
:20B06000363636363636363636363636363636363636363636363636363636363636363610
:20B080003636363636363636363636363636363636363636363636363636363636363636F0
:20B0A0003636363636363636363636363636363636363636363636363636363636363636D0
:20B0C0003636363636363636363636363636363636363636363636363636363636363636B0
:20B0E000363636363636363636363636363636363636363636363636363636363636363690
:20B1000036363636363636363636363636363636363636363636363636363636363636366F
:20B1200036363636363636363636363636363636363636363636363636363636363636364F
:20B1400036363636363636363636363636363636363636363636363636363636363636362F
:20B1600036363636363636363636363636363636363636363636363636363636363636360F
:20B180003636363636363636363636363636363636363636363636363636363636363636EF
:20B1A0003636363636363636363636363636363636363636363636363636363636363636CF
:20B1C0003636363636363636363636363636363636363636363636363636363636363636AF
:20B1E00036363636363636363636363636363636363636363636363636363636363636368F
:20B2000036363636363636363636363636363636363636363636363636363636363636366E
:20B2200036363636363636363636363636363636363636363636363636363636363636364E
:20B2400036363636363636363636363636363636363636363636363636363636363636362E
:20B2600036363636363636363636363636363636363636363636363636363636363636360E
:20B280003636363636363636363636363636363636363636363636363636363636363636EE
:20B2A0003636363636363636363636363636363636363636363636363636363636363636CE
:20B2C0003636363636363636363636363636363636363636363636363636363636363636AE
:20B2E00036363636363636363636363636363636363636363636363636363636363636368E
:20B3000036363636363636363636363636363636363636363636363636363636363636366D
:20B3200036363636363636363636363636363636363636363636363636363636363636364D
:20B3400036363636363636363636363636363636363636363636363636363636363636362D
:20B3600036363636363636363636363636363636363636363636363636363636363636360D
:20B380003636363636363636363636363636363636363636363636363636363636363636ED
:20B3A0003636363636363636363636363636363636363636363636363636363636363636CD
:20B3C0003636363636363636363636363636363636363636363636363636363636363636AD
:20B3E00036363636363636363636363636363636363636363636363636363636363636368D
:20B4000036363636363636363636363636363636363636363636363636363636363636366C
:20B4200036363636363636363636363636363636363636363636363636363636363636364C
:20B4400036363636363636363636363636363636363636363636363636363636363636362C
:20B4600036363636363636363636363636363636363636363636363636363636363636360C
:20B480003636363636363636363636363636363636363636363636363636363636363636EC
:20B4A0003636363636363636363636363636363636363636363636363636363636363636CC
:20B4C0003636363636363636363636363636363636363636363636363636363636363636AC
:20B4E00036363636363636363636363636363636363636363636363636363636363636368C
:20B5000036363636363636363636363636363636363636363636363636363636363636366B
:20B5200036363636363636363636363636363636363636363636363636363636363636364B
:20B5400036363636363636363636363636363636363636363636363636363636363636362B
:20B5600036363636363636363636363636363636363636363636363636363636363636360B
:20B580003636363636363636363636363636363636363636363636363636363636363636EB
:20B5A0003636363636363636363636363636363636363636363636363636363636363636CB
:20B5C0003636363636363636363636363636363636363636363636363636363636363636AB
:20B5E00036363636363636363636363636363636363636363636363636363636363636368B
:20B6000036363636363636363636363636363636363636363636363636363636363636366A
:20B6200036363636363636363636363636363636363636363636363636363636363636364A
:20B6400036363636363636363636363636363636363636363636363636363636363636362A
:20B6600036363636363636363636363636363636363636363636363636363636363636360A
:20B680003636363636363636363636363636363636363636363636363636363636363636EA
:20B6A0003636363636363636363636363636363636363636363636363636363636363636CA
:20B6C0003636363636363636363636363636363636363636363636363636363636363636AA
:20B6E00036363636363636363636363636363636363636363636363636363636363636368A
:20B70000363636363636363636363636363636363636363636363636363636363636363669
:20B72000363636363636363636363636363636363636363636363636363636363636363649
:20B74000363636363636363636363636363636363636363636363636363636363636363629
:20B76000363636363636363636363636363636363636363636363636363636363636363609
:20B780003636363636363636363636363636363636363636363636363636363636363636E9
:20B7A0003636363636363636363636363636363636363636363636363636363636363636C9
:20B7C0003636363636363636363636363636363636363636363636363636363636363636A9
:20B7E000363636363636363636363636363636363636363636363636363636363636363689
:20B80000363636363636363636363636363636363636363636363636363636363636363668
:20B82000363636363636363636363636363636363636363636363636363636363636363648
:20B84000363636363636363636363636363636363636363636363636363636363636363628
:20B86000363636363636363636363636363636363636363636363636363636363636363608
:20B880003636363636363636363636363636363636363636363636363636363636363636E8
:20B8A0003636363636363636363636363636363636363636363636363636363636363636C8
:20B8C0003636363636363636363636363636363636363636363636363636363636363636A8
:20B8E000363636363636363636363636363636363636363636363636363636363636363688
:20B90000363636363636363636363636363636363636363636363636363636363636363667
:20B92000363636363636363636363636363636363636363636363636363636363636363647
:20B94000363636363636363636363636363636363636363636363636363636363636363627
:20B96000363636363636363636363636363636363636363636363636363636363636363607
:20B980003636363636363636363636363636363636363636363636363636363636363636E7
:20B9A0003636363636363636363636363636363636363636363636363636363636363636C7
:20B9C0003636363636363636363636363636363636363636363636363636363636363636A7
:20B9E000363636363636363636363636363636363636363636363636363636363636363687
:20BA0000363636363636363636363636363636363636363636363636363636363636363666
:20BA2000363636363636363636363636363636363636363636363636363636363636363646
:20BA4000363636363636363636363636363636363636363636363636363636363636363626
:20BA6000363636363636363636363636363636363636363636363636363636363636363606
:20BA80003636363636363636363636363636363636363636363636363636363636363636E6
:20BAA0003636363636363636363636363636363636363636363636363636363636363636C6
:20BAC0003636363636363636363636363636363636363636363636363636363636363636A6
:20BAE000363636363636363636363636363636363636363636363636363636363636363686
:20BB0000363636363636363636363636363636363636363636363636363636363636363665
:20BB2000363636363636363636363636363636363636363636363636363636363636363645
:20BB4000363636363636363636363636363636363636363636363636363636363636363625
:20BB6000363636363636363636363636363636363636363636363636363636363636363605
:20BB80003636363636363636363636363636363636363636363636363636363636363636E5
:20BBA0003636363636363636363636363636363636363636363636363636363636363636C5
:20BBC0003636363636363636363636363636363636363636363636363636363636363636A5
:20BBE000363636363636363636363636363636363636363636363636363636363636363685
:20BC0000363636363636363636363636363636363636363636363636363636363636363664
:20BC2000363636363636363636363636363636363636363636363636363636363636363644
:20BC4000363636363636363636363636363636363636363636363636363636363636363624
:20BC6000363636363636363636363636363636363636363636363636363636363636363604
:20BC80003636363636363636363636363636363636363636363636363636363636363636E4
:20BCA0003636363636363636363636363636363636363636363636363636363636363636C4
:20BCC0003636363636363636363636363636363636363636363636363636363636363636A4
:20BCE000363636363636363636363636363636363636363636363636363636363636363684
:20BD0000363636363636363636363636363636363636363636363636363636363636363663
:20BD2000363636363636363636363636363636363636363636363636363636363636363643
:20BD4000363636363636363636363636363636363636363636363636363636363636363623
:20BD6000363636363636363636363636363636363636363636363636363636363636363603
:20BD80003636363636363636363636363636363636363636363636363636363636363636E3
:20BDA0003636363636363636363636363636363636363636363636363636363636363636C3
:20BDC0003636363636363636363636363636363636363636363636363636363636363636A3
:20BDE000363636363636363636363636363636363636363636363636363636363636363683
:20BE0000363636363636363636363636363636363636363636363636363636363636363662
:20BE2000363636363636363636363636363636363636363636363636363636363636363642
:20BE4000363636363636363636363636363636363636363636363636363636363636363622
:20BE6000363636363636363636363636363636363636363636363636363636363636363602
:20BE80003636363636363636363636363636363636363636363636363636363636363636E2
:20BEA0003636363636363636363636363636363636363636363636363636363636363636C2
:20BEC0003636363636363636363636363636363636363636363636363636363636363636A2
:20BEE000363636363636363636363636363636363636363636363636363636363636363682
:20BF0000363636363636363636363636363636363636363636363636363636363636363661
:20BF2000363636363636363636363636363636363636363636363636363636363636363641
:20BF4000363636363636363636363636363636363636363636363636363636363636363621
:20BF6000363636363636363636363636363636363636363636363636363636363636363601
:20BF80003636363636363636363636363636363636363636363636363636363636363636E1
:20BFA0003636363636363636363636363636363636363636363636363636363636363636C1
:20BFC0003636363636363636363636363636363636363636363636363636363636363636A1
:20BFE000363636363636363636363636363636363636363636363636363636363636363681
:20C00000363636363636363636363636363636363636363636363636363636363636363660
:20C02000363636363636363636363636363636363636363636363636363636363636363640
:20C04000363636363636363636363636363636363636363636363636363636363636363620
:20C06000363636363636363636363636363636363636363636363636363636363636363600
:20C080003636363636363636363636363636363636363636363636363636363636363636E0
:20C0A0003636363636363636363636363636363636363636363636363636363636363636C0
:20C0C0003636363636363636363636363636363636363636363636363636363636363636A0
:20C0E000363636363636363636363636363636363636363636363636363636363636363680
:20C1000036363636363636363636363636363636363636363636363636363636363636365F
:20C1200036363636363636363636363636363636363636363636363636363636363636363F
:20C1400036363636363636363636363636363636363636363636363636363636363636361F
:20C160003636363636363636363636363636363636363636363636363636363636363636FF
:20C180003636363636363636363636363636363636363636363636363636363636363636DF
:20C1A0003636363636363636363636363636363636363636363636363636363636363636BF
:20C1C00036363636363636363636363636363636363636363636363636363636363636369F
:20C1E00036363636363636363636363636363636363636363636363636363636363636367F
:20C2000036363636363636363636363636363636363636363636363636363636363636365E
:20C2200036363636363636363636363636363636363636363636363636363636363636363E
:20C2400036363636363636363636363636363636363636363636363636363636363636361E
:20C260003636363636363636363636363636363636363636363636363636363636363636FE
:20C280003636363636363636363636363636363636363636363636363636363636363636DE
:20C2A0003636363636363636363636363636363636363636363636363636363636363636BE
:20C2C00036363636363636363636363636363636363636363636363636363636363636369E
:20C2E00036363636363636363636363636363636363636363636363636363636363636367E
:20C3000036363636363636363636363636363636363636363636363636363636363636365D
:20C3200036363636363636363636363636363636363636363636363636363636363636363D
:20C3400036363636363636363636363636363636363636363636363636363636363636361D
:20C360003636363636363636363636363636363636363636363636363636363636363636FD
:20C380003636363636363636363636363636363636363636363636363636363636363636DD
:20C3A0003636363636363636363636363636363636363636363636363636363636363636BD
:20C3C00036363636363636363636363636363636363636363636363636363636363636369D
:20C3E00036363636363636363636363636363636363636363636363636363636363636367D
:20C4000036363636363636363636363636363636363636363636363636363636363636365C
:20C4200036363636363636363636363636363636363636363636363636363636363636363C
:20C4400036363636363636363636363636363636363636363636363636363636363636361C
:20C460003636363636363636363636363636363636363636363636363636363636363636FC
:20C480003636363636363636363636363636363636363636363636363636363636363636DC
:20C4A0003636363636363636363636363636363636363636363636363636363636363636BC
:20C4C00036363636363636363636363636363636363636363636363636363636363636369C
:20C4E00036363636363636363636363636363636363636363636363636363636363636367C
:20C5000036363636363636363636363636363636363636363636363636363636363636365B
:20C5200036363636363636363636363636363636363636363636363636363636363636363B
:20C5400036363636363636363636363636363636363636363636363636363636363636361B
:20C560003636363636363636363636363636363636363636363636363636363636363636FB
:20C580003636363636363636363636363636363636363636363636363636363636363636DB
:20C5A0003636363636363636363636363636363636363636363636363636363636363636BB
:20C5C00036363636363636363636363636363636363636363636363636363636363636369B
:20C5E00036363636363636363636363636363636363636363636363636363636363636367B
:20C6000036363636363636363636363636363636363636363636363636363636363636365A
:20C6200036363636363636363636363636363636363636363636363636363636363636363A
:20C6400036363636363636363636363636363636363636363636363636363636363636361A
:20C660003636363636363636363636363636363636363636363636363636363636363636FA
:20C680003636363636363636363636363636363636363636363636363636363636363636DA
:20C6A0003636363636363636363636363636363636363636363636363636363636363636BA
:20C6C00036363636363636363636363636363636363636363636363636363636363636369A
:20C6E00036363636363636363636363636363636363636363636363636363636363636367A
:20C70000363636363636363636363636363636363636363636363636363636363636363659
:20C72000363636363636363636363636363636363636363636363636363636363636363639
:20C74000363636363636363636363636363636363636363636363636363636363636363619
:20C760003636363636363636363636363636363636363636363636363636363636363636F9
:20C780003636363636363636363636363636363636363636363636363636363636363636D9
:20C7A0003636363636363636363636363636363636363636363636363636363636363636B9
:20C7C000363636363636363636363636363636363636363636363636363636363636363699
:20C7E000363636363636363636363636363636363636363636363636363636363636363679
:20C80000363636363636363636363636363636363636363636363636363636363636363658
:20C82000363636363636363636363636363636363636363636363636363636363636363638
:20C84000363636363636363636363636363636363636363636363636363636363636363618
:20C860003636363636363636363636363636363636363636363636363636363636363636F8
:20C880003636363636363636363636363636363636363636363636363636363636363636D8
:20C8A0003636363636363636363636363636363636363636363636363636363636363636B8
:20C8C000363636363636363636363636363636363636363636363636363636363636363698
:20C8E000363636363636363636363636363636363636363636363636363636363636363678
:20C90000363636363636363636363636363636363636363636363636363636363636363657
:20C92000363636363636363636363636363636363636363636363636363636363636363637
:20C94000363636363636363636363636363636363636363636363636363636363636363617
:20C960003636363636363636363636363636363636363636363636363636363636363636F7
:20C980003636363636363636363636363636363636363636363636363636363636363636D7
:20C9A0003636363636363636363636363636363636363636363636363636363636363636B7
:20C9C000363636363636363636363636363636363636363636363636363636363636363697
:20C9E000363636363636363636363636363636363636363636363636363636363636363677
:20CA0000363636363636363636363636363636363636363636363636363636363636363656
:20CA2000363636363636363636363636363636363636363636363636363636363636363636
:20CA4000363636363636363636363636363636363636363636363636363636363636363616
:20CA60003636363636363636363636363636363636363636363636363636363636363636F6
:20CA80003636363636363636363636363636363636363636363636363636363636363636D6
:20CAA0003636363636363636363636363636363636363636363636363636363636363636B6
:20CAC000363636363636363636363636363636363636363636363636363636363636363696
:20CAE000363636363636363636363636363636363636363636363636363636363636363676
:20CB0000363636363636363636363636363636363636363636363636363636363636363655
:20CB2000363636363636363636363636363636363636363636363636363636363636363635
:20CB4000363636363636363636363636363636363636363636363636363636363636363615
:20CB60003636363636363636363636363636363636363636363636363636363636363636F5
:20CB80003636363636363636363636363636363636363636363636363636363636363636D5
:20CBA0003636363636363636363636363636363636363636363636363636363636363636B5
:20CBC000363636363636363636363636363636363636363636363636363636363636363695
:20CBE000363636363636363636363636363636363636363636363636363636363636363675
:20CC0000363636363636363636363636363636363636363636363636363636363636363654
:20CC2000363636363636363636363636363636363636363636363636363636363636363634
:20CC4000363636363636363636363636363636363636363636363636363636363636363614
:20CC60003636363636363636363636363636363636363636363636363636363636363636F4
:20CC80003636363636363636363636363636363636363636363636363636363636363636D4
:20CCA0003636363636363636363636363636363636363636363636363636363636363636B4
:20CCC000363636363636363636363636363636363636363636363636363636363636363694
:20CCE000363636363636363636363636363636363636363636363636363636363636363674
:20CD0000363636363636363636363636363636363636363636363636363636363636363653
:20CD2000363636363636363636363636363636363636363636363636363636363636363633
:20CD4000363636363636363636363636363636363636363636363636363636363636363613
:20CD60003636363636363636363636363636363636363636363636363636363636363636F3
:20CD80003636363636363636363636363636363636363636363636363636363636363636D3
:20CDA0003636363636363636363636363636363636363636363636363636363636363636B3
:20CDC000363636363636363636363636363636363636363636363636363636363636363693
:20CDE000363636363636363636363636363636363636363636363636363636363636363673
:20CE0000363636363636363636363636363636363636363636363636363636363636363652
:20CE2000363636363636363636363636363636363636363636363636363636363636363632
:20CE4000363636363636363636363636363636363636363636363636363636363636363612
:20CE60003636363636363636363636363636363636363636363636363636363636363636F2
:20CE80003636363636363636363636363636363636363636363636363636363636363636D2
:20CEA0003636363636363636363636363636363636363636363636363636363636363636B2
:20CEC000363636363636363636363636363636363636363636363636363636363636363692
:20CEE000363636363636363636363636363636363636363636363636363636363636363672
:20CF0000363636363636363636363636363636363636363636363636363636363636363651
:20CF2000363636363636363636363636363636363636363636363636363636363636363631
:20CF4000363636363636363636363636363636363636363636363636363636363636363611
:20CF60003636363636363636363636363636363636363636363636363636363636363636F1
:20CF80003636363636363636363636363636363636363636363636363636363636363636D1
:20CFA0003636363636363636363636363636363636363636363636363636363636363636B1
:20CFC000363636363636363636363636363636363636363636363636363636363636363691
:20CFE000363636363636363636363636363636363636363636363636363636363636363671
:20D00000363636363636363636363636363636363636363636363636363636363636363650
:20D02000363636363636363636363636363636363636363636363636363636363636363630
:20D04000363636363636363636363636363636363636363636363636363636363636363610
:20D060003636363636363636363636363636363636363636363636363636363636363636F0
:20D080003636363636363636363636363636363636363636363636363636363636363636D0
:20D0A0003636363636363636363636363636363636363636363636363636363636363636B0
:20D0C000363636363636363636363636363636363636363636363636363636363636363690
:20D0E000363636363636363636363636363636363636363636363636363636363636363670
:20D1000036363636363636363636363636363636363636363636363636363636363636364F
:20D1200036363636363636363636363636363636363636363636363636363636363636362F
:20D1400036363636363636363636363636363636363636363636363636363636363636360F
:20D160003636363636363636363636363636363636363636363636363636363636363636EF
:20D180003636363636363636363636363636363636363636363636363636363636363636CF
:20D1A0003636363636363636363636363636363636363636363636363636363636363636AF
:20D1C00036363636363636363636363636363636363636363636363636363636363636368F
:20D1E00036363636363636363636363636363636363636363636363636363636363636366F
:20D2000036363636363636363636363636363636363636363636363636363636363636364E
:20D2200036363636363636363636363636363636363636363636363636363636363636362E
:20D2400036363636363636363636363636363636363636363636363636363636363636360E
:20D260003636363636363636363636363636363636363636363636363636363636363636EE
:20D280003636363636363636363636363636363636363636363636363636363636363636CE
:20D2A0003636363636363636363636363636363636363636363636363636363636363636AE
:20D2C00036363636363636363636363636363636363636363636363636363636363636368E
:20D2E00036363636363636363636363636363636363636363636363636363636363636366E
:20D3000036363636363636363636363636363636363636363636363636363636363636364D
:20D3200036363636363636363636363636363636363636363636363636363636363636362D
:20D3400036363636363636363636363636363636363636363636363636363636363636360D
:20D360003636363636363636363636363636363636363636363636363636363636363636ED
:20D380003636363636363636363636363636363636363636363636363636363636363636CD
:20D3A0003636363636363636363636363636363636363636363636363636363636363636AD
:20D3C00036363636363636363636363636363636363636363636363636363636363636368D
:20D3E00036363636363636363636363636363636363636363636363636363636363636366D
:20D4000036363636363636363636363636363636363636363636363636363636363636364C
:20D4200036363636363636363636363636363636363636363636363636363636363636362C
:20D4400036363636363636363636363636363636363636363636363636363636363636360C
:20D460003636363636363636363636363636363636363636363636363636363636363636EC
:20D480003636363636363636363636363636363636363636363636363636363636363636CC
:20D4A0003636363636363636363636363636363636363636363636363636363636363636AC
:20D4C00036363636363636363636363636363636363636363636363636363636363636368C
:20D4E00036363636363636363636363636363636363636363636363636363636363636366C
:20D5000036363636363636363636363636363636363636363636363636363636363636364B
:20D5200036363636363636363636363636363636363636363636363636363636363636362B
:20D5400036363636363636363636363636363636363636363636363636363636363636360B
:20D560003636363636363636363636363636363636363636363636363636363636363636EB
:20D580003636363636363636363636363636363636363636363636363636363636363636CB
:20D5A0003636363636363636363636363636363636363636363636363636363636363636AB
:20D5C00036363636363636363636363636363636363636363636363636363636363636368B
:20D5E00036363636363636363636363636363636363636363636363636363636363636366B
:20D6000036363636363636363636363636363636363636363636363636363636363636364A
:20D6200036363636363636363636363636363636363636363636363636363636363636362A
:20D6400036363636363636363636363636363636363636363636363636363636363636360A
:20D660003636363636363636363636363636363636363636363636363636363636363636EA
:20D680003636363636363636363636363636363636363636363636363636363636363636CA
:20D6A0003636363636363636363636363636363636363636363636363636363636363636AA
:20D6C00036363636363636363636363636363636363636363636363636363636363636368A
:20D6E00036363636363636363636363636363636363636363636363636363636363636366A
:20D70000363636363636363636363636363636363636363636363636363636363636363649
:20D72000363636363636363636363636363636363636363636363636363636363636363629
:20D74000363636363636363636363636363636363636363636363636363636363636363609
:20D760003636363636363636363636363636363636363636363636363636363636363636E9
:20D780003636363636363636363636363636363636363636363636363636363636363636C9
:20D7A0003636363636363636363636363636363636363636363636363636363636363636A9
:20D7C000363636363636363636363636363636363636363636363636363636363636363689
:20D7E000363636363636363636363636363636363636363636363636363636363636363669
:20D80000363636363636363636363636363636363636363636363636363636363636363648
:20D82000363636363636363636363636363636363636363636363636363636363636363628
:20D84000363636363636363636363636363636363636363636363636363636363636363608
:20D860003636363636363636363636363636363636363636363636363636363636363636E8
:20D880003636363636363636363636363636363636363636363636363636363636363636C8
:20D8A0003636363636363636363636363636363636363636363636363636363636363636A8
:20D8C000363636363636363636363636363636363636363636363636363636363636363688
:20D8E000363636363636363636363636363636363636363636363636363636363636363668
:20D90000363636363636363636363636363636363636363636363636363636363636363647
:20D92000363636363636363636363636363636363636363636363636363636363636363627
:20D94000363636363636363636363636363636363636363636363636363636363636363607
:20D960003636363636363636363636363636363636363636363636363636363636363636E7
:20D980003636363636363636363636363636363636363636363636363636363636363636C7
:20D9A0003636363636363636363636363636363636363636363636363636363636363636A7
:20D9C000363636363636363636363636363636363636363636363636363636363636363687
:20D9E000363636363636363636363636363636363636363636363636363636363636363667
:20DA0000363636363636363636363636363636363636363636363636363636363636363646
:20DA2000363636363636363636363636363636363636363636363636363636363636363626
:20DA4000363636363636363636363636363636363636363636363636363636363636363606
:20DA60003636363636363636363636363636363636363636363636363636363636363636E6
:20DA80003636363636363636363636363636363636363636363636363636363636363636C6
:20DAA0003636363636363636363636363636363636363636363636363636363636363636A6
:20DAC000363636363636363636363636363636363636363636363636363636363636363686
:20DAE000363636363636363636363636363636363636363636363636363636363636363666
:20DB0000363636363636363636363636363636363636363636363636363636363636363645
:20DB2000363636363636363636363636363636363636363636363636363636363636363625
:20DB4000363636363636363636363636363636363636363636363636363636363636363605
:20DB60003636363636363636363636363636363636363636363636363636363636363636E5
:20DB80003636363636363636363636363636363636363636363636363636363636363636C5
:20DBA0003636363636363636363636363636363636363636363636363636363636363636A5
:20DBC000363636363636363636363636363636363636363636363636363636363636363685
:20DBE000363636363636363636363636363636363636363636363636363636363636363665
:20DC0000363636363636363636363636363636363636363636363636363636363636363644
:20DC2000363636363636363636363636363636363636363636363636363636363636363624
:20DC4000363636363636363636363636363636363636363636363636363636363636363604
:20DC60003636363636363636363636363636363636363636363636363636363636363636E4
:20DC80003636363636363636363636363636363636363636363636363636363636363636C4
:20DCA0003636363636363636363636363636363636363636363636363636363636363636A4
:20DCC000363636363636363636363636363636363636363636363636363636363636363684
:20DCE000363636363636363636363636363636363636363636363636363636363636363664
:20DD0000363636363636363636363636363636363636363636363636363636363636363643
:20DD2000363636363636363636363636363636363636363636363636363636363636363623
:20DD4000363636363636363636363636363636363636363636363636363636363636363603
:20DD60003636363636363636363636363636363636363636363636363636363636363636E3
:20DD80003636363636363636363636363636363636363636363636363636363636363636C3
:20DDA0003636363636363636363636363636363636363636363636363636363636363636A3
:20DDC000363636363636363636363636363636363636363636363636363636363636363683
:20DDE000363636363636363636363636363636363636363636363636363636363636363663
:20DE0000363636363636363636363636363636363636363636363636363636363636363642
:20DE2000363636363636363636363636363636363636363636363636363636363636363622
:20DE4000363636363636363636363636363636363636363636363636363636363636363602
:20DE60003636363636363636363636363636363636363636363636363636363636363636E2
:20DE80003636363636363636363636363636363636363636363636363636363636363636C2
:20DEA0003636363636363636363636363636363636363636363636363636363636363636A2
:20DEC000363636363636363636363636363636363636363636363636363636363636363682
:20DEE000363636363636363636363636363636363636363636363636363636363636363662
:20DF0000363636363636363636363636363636363636363636363636363636363636363641
:20DF2000363636363636363636363636363636363636363636363636363636363636363621
:20DF4000363636363636363636363636363636363636363636363636363636363636363601
:20DF60003636363636363636363636363636363636363636363636363636363636363636E1
:20DF80003636363636363636363636363636363636363636363636363636363636363636C1
:20DFA0003636363636363636363636363636363636363636363636363636363636363636A1
:20DFC000363636363636363636363636363636363636363636363636363636363636363681
:20DFE000363636363636363636363636363636363636363636363636363636363636363661
:20E00000363636363636363636363636363636363636363636363636363636363636363640
:20E02000363636363636363636363636363636363636363636363636363636363636363620
:20E04000363636363636363636363636363636363636363636363636363636363636363600
:20E060003636363636363636363636363636363636363636363636363636363636363636E0
:20E080003636363636363636363636363636363636363636363636363636363636363636C0
:20E0A0003636363636363636363636363636363636363636363636363636363636363636A0
:20E0C000363636363636363636363636363636363636363636363636363636363636363680
:20E0E000363636363636363636363636363636363636363636363636363636363636363660
:20E1000036363636363636363636363636363636363636363636363636363636363636363F
:20E1200036363636363636363636363636363636363636363636363636363636363636361F
:20E140003636363636363636363636363636363636363636363636363636363636363636FF
:20E160003636363636363636363636363636363636363636363636363636363636363636DF
:20E180003636363636363636363636363636363636363636363636363636363636363636BF
:20E1A00036363636363636363636363636363636363636363636363636363636363636369F
:20E1C00036363636363636363636363636363636363636363636363636363636363636367F
:20E1E00036363636363636363636363636363636363636363636363636363636363636365F
:20E2000036363636363636363636363636363636363636363636363636363636363636363E
:20E2200036363636363636363636363636363636363636363636363636363636363636361E
:20E240003636363636363636363636363636363636363636363636363636363636363636FE
:20E260003636363636363636363636363636363636363636363636363636363636363636DE
:20E280003636363636363636363636363636363636363636363636363636363636363636BE
:20E2A00036363636363636363636363636363636363636363636363636363636363636369E
:20E2C00036363636363636363636363636363636363636363636363636363636363636367E
:20E2E00036363636363636363636363636363636363636363636363636363636363636365E
:20E3000036363636363636363636363636363636363636363636363636363636363636363D
:20E3200036363636363636363636363636363636363636363636363636363636363636361D
:20E340003636363636363636363636363636363636363636363636363636363636363636FD
:20E360003636363636363636363636363636363636363636363636363636363636363636DD
:20E380003636363636363636363636363636363636363636363636363636363636363636BD
:20E3A00036363636363636363636363636363636363636363636363636363636363636369D
:20E3C00036363636363636363636363636363636363636363636363636363636363636367D
:20E3E00036363636363636363636363636363636363636363636363636363636363636365D
:20E4000036363636363636363636363636363636363636363636363636363636363636363C
:20E4200036363636363636363636363636363636363636363636363636363636363636361C
:20E440003636363636363636363636363636363636363636363636363636363636363636FC
:20E460003636363636363636363636363636363636363636363636363636363636363636DC
:20E480003636363636363636363636363636363636363636363636363636363636363636BC
:20E4A00036363636363636363636363636363636363636363636363636363636363636369C
:20E4C00036363636363636363636363636363636363636363636363636363636363636367C
:20E4E00036363636363636363636363636363636363636363636363636363636363636365C
:20E5000036363636363636363636363636363636363636363636363636363636363636363B
:20E5200036363636363636363636363636363636363636363636363636363636363636361B
:20E540003636363636363636363636363636363636363636363636363636363636363636FB
:20E560003636363636363636363636363636363636363636363636363636363636363636DB
:20E580003636363636363636363636363636363636363636363636363636363636363636BB
:20E5A00036363636363636363636363636363636363636363636363636363636363636369B
:20E5C00036363636363636363636363636363636363636363636363636363636363636367B
:20E5E00036363636363636363636363636363636363636363636363636363636363636365B
:20E6000036363636363636363636363636363636363636363636363636363636363636363A
:20E6200036363636363636363636363636363636363636363636363636363636363636361A
:20E640003636363636363636363636363636363636363636363636363636363636363636FA
:20E660003636363636363636363636363636363636363636363636363636363636363636DA
:20E680003636363636363636363636363636363636363636363636363636363636363636BA
:20E6A00036363636363636363636363636363636363636363636363636363636363636369A
:20E6C00036363636363636363636363636363636363636363636363636363636363636367A
:20E6E00036363636363636363636363636363636363636363636363636363636363636365A
:20E70000363636363636363636363636363636363636363636363636363636363636363639
:20E72000363636363636363636363636363636363636363636363636363636363636363619
:20E740003636363636363636363636363636363636363636363636363636363636363636F9
:20E760003636363636363636363636363636363636363636363636363636363636363636D9
:20E780003636363636363636363636363636363636363636363636363636363636363636B9
:20E7A000363636363636363636363636363636363636363636363636363636363636363699
:20E7C000363636363636363636363636363636363636363636363636363636363636363679
:20E7E000363636363636363636363636363636363636363636363636363636363636363659
:20E80000363636363636363636363636363636363636363636363636363636363636363638
:20E82000363636363636363636363636363636363636363636363636363636363636363618
:20E840003636363636363636363636363636363636363636363636363636363636363636F8
:20E860003636363636363636363636363636363636363636363636363636363636363636D8
:20E880003636363636363636363636363636363636363636363636363636363636363636B8
:20E8A000363636363636363636363636363636363636363636363636363636363636363698
:20E8C000363636363636363636363636363636363636363636363636363636363636363678
:20E8E000363636363636363636363636363636363636363636363636363636363636363658
:20E90000363636363636363636363636363636363636363636363636363636363636363637
:20E92000363636363636363636363636363636363636363636363636363636363636363617
:20E940003636363636363636363636363636363636363636363636363636363636363636F7
:20E960003636363636363636363636363636363636363636363636363636363636363636D7
:20E980003636363636363636363636363636363636363636363636363636363636363636B7
:20E9A000363636363636363636363636363636363636363636363636363636363636363697
:20E9C000363636363636363636363636363636363636363636363636363636363636363677
:20E9E000363636363636363636363636363636363636363636363636363636363636363657
:20EA0000363636363636363636363636363636363636363636363636363636363636363636
:20EA2000363636363636363636363636363636363636363636363636363636363636363616
:20EA40003636363636363636363636363636363636363636363636363636363636363636F6
:20EA60003636363636363636363636363636363636363636363636363636363636363636D6
:20EA80003636363636363636363636363636363636363636363636363636363636363636B6
:20EAA000363636363636363636363636363636363636363636363636363636363636363696
:20EAC000363636363636363636363636363636363636363636363636363636363636363676
:20EAE000363636363636363636363636363636363636363636363636363636363636363656
:20EB0000363636363636363636363636363636363636363636363636363636363636363635
:20EB2000363636363636363636363636363636363636363636363636363636363636363615
:20EB40003636363636363636363636363636363636363636363636363636363636363636F5
:20EB60003636363636363636363636363636363636363636363636363636363636363636D5
:20EB80003636363636363636363636363636363636363636363636363636363636363636B5
:20EBA000363636363636363636363636363636363636363636363636363636363636363695
:20EBC000363636363636363636363636363636363636363636363636363636363636363675
:20EBE000363636363636363636363636363636363636363636363636363636363636363655
:20EC0000363636363636363636363636363636363636363636363636363636363636363634
:20EC2000363636363636363636363636363636363636363636363636363636363636363614
:20EC40003636363636363636363636363636363636363636363636363636363636363636F4
:20EC60003636363636363636363636363636363636363636363636363636363636363636D4
:20EC80003636363636363636363636363636363636363636363636363636363636363636B4
:20ECA000363636363636363636363636363636363636363636363636363636363636363694
:20ECC000363636363636363636363636363636363636363636363636363636363636363674
:20ECE000363636363636363636363636363636363636363636363636363636363636363654
:20ED0000363636363636363636363636363636363636363636363636363636363636363633
:20ED2000363636363636363636363636363636363636363636363636363636363636363613
:20ED40003636363636363636363636363636363636363636363636363636363636363636F3
:20ED60003636363636363636363636363636363636363636363636363636363636363636D3
:20ED80003636363636363636363636363636363636363636363636363636363636363636B3
:20EDA000363636363636363636363636363636363636363636363636363636363636363693
:20EDC000363636363636363636363636363636363636363636363636363636363636363673
:20EDE000363636363636363636363636363636363636363636363636363636363636363653
:20EE0000363636363636363636363636363636363636363636363636363636363636363632
:20EE2000363636363636363636363636363636363636363636363636363636363636363612
:20EE40003636363636363636363636363636363636363636363636363636363636363636F2
:20EE60003636363636363636363636363636363636363636363636363636363636363636D2
:20EE80003636363636363636363636363636363636363636363636363636363636363636B2
:20EEA000363636363636363636363636363636363636363636363636363636363636363692
:20EEC000363636363636363636363636363636363636363636363636363636363636363672
:20EEE000363636363636363636363636363636363636363636363636363636363636363652
:20EF0000363636363636363636363636363636363636363636363636363636363636363631
:20EF2000363636363636363636363636363636363636363636363636363636363636363611
:20EF40003636363636363636363636363636363636363636363636363636363636363636F1
:20EF60003636363636363636363636363636363636363636363636363636363636363636D1
:20EF80003636363636363636363636363636363636363636363636363636363636363636B1
:20EFA000363636363636363636363636363636363636363636363636363636363636363691
:20EFC000363636363636363636363636363636363636363636363636363636363636363671
:20EFE000363636363636363636363636363636363636363636363636363636363636363651
:20F00000363636363636363636363636363636363636363636363636363636363636363630
:20F02000363636363636363636363636363636363636363636363636363636363636363610
:20F040003636363636363636363636363636363636363636363636363636363636363636F0
:20F060003636363636363636363636363636363636363636363636363636363636363636D0
:20F080003636363636363636363636363636363636363636363636363636363636363636B0
:20F0A000363636363636363636363636363636363636363636363636363636363636363690
:20F0C000363636363636363636363636363636363636363636363636363636363636363670
:20F0E000363636363636363636363636363636363636363636363636363636363636363650
:20F1000036363636363636363636363636363636363636363636363636363636363636362F
:20F1200036363636363636363636363636363636363636363636363636363636363636360F
:20F140003636363636363636363636363636363636363636363636363636363636363636EF
:20F160003636363636363636363636363636363636363636363636363636363636363636CF
:20F180003636363636363636363636363636363636363636363636363636363636363636AF
:20F1A00036363636363636363636363636363636363636363636363636363636363636368F
:20F1C00036363636363636363636363636363636363636363636363636363636363636366F
:20F1E00036363636363636363636363636363636363636363636363636363636363636364F
:20F2000036363636363636363636363636363636363636363636363636363636363636362E
:20F2200036363636363636363636363636363636363636363636363636363636363636360E
:20F240003636363636363636363636363636363636363636363636363636363636363636EE
:20F260003636363636363636363636363636363636363636363636363636363636363636CE
:20F280003636363636363636363636363636363636363636363636363636363636363636AE
:20F2A00036363636363636363636363636363636363636363636363636363636363636368E
:20F2C00036363636363636363636363636363636363636363636363636363636363636366E
:20F2E00036363636363636363636363636363636363636363636363636363636363636364E
:20F3000036363636363636363636363636363636363636363636363636363636363636362D
:20F3200036363636363636363636363636363636363636363636363636363636363636360D
:20F340003636363636363636363636363636363636363636363636363636363636363636ED
:20F360003636363636363636363636363636363636363636363636363636363636363636CD
:20F380003636363636363636363636363636363636363636363636363636363636363636AD
:20F3A00036363636363636363636363636363636363636363636363636363636363636368D
:20F3C00036363636363636363636363636363636363636363636363636363636363636366D
:20F3E00036363636363636363636363636363636363636363636363636363636363636364D
:20F4000036363636363636363636363636363636363636363636363636363636363636362C
:20F4200036363636363636363636363636363636363636363636363636363636363636360C
:20F440003636363636363636363636363636363636363636363636363636363636363636EC
:20F460003636363636363636363636363636363636363636363636363636363636363636CC
:20F480003636363636363636363636363636363636363636363636363636363636363636AC
:20F4A00036363636363636363636363636363636363636363636363636363636363636368C
:20F4C00036363636363636363636363636363636363636363636363636363636363636366C
:20F4E00036363636363636363636363636363636363636363636363636363636363636364C
:20F5000036363636363636363636363636363636363636363636363636363636363636362B
:20F5200036363636363636363636363636363636363636363636363636363636363636360B
:20F540003636363636363636363636363636363636363636363636363636363636363636EB
:20F560003636363636363636363636363636363636363636363636363636363636363636CB
:20F580003636363636363636363636363636363636363636363636363636363636363636AB
:20F5A00036363636363636363636363636363636363636363636363636363636363636368B
:20F5C00036363636363636363636363636363636363636363636363636363636363636366B
:20F5E00036363636363636363636363636363636363636363636363636363636363636364B
:20F6000036363636363636363636363636363636363636363636363636363636363636362A
:20F6200036363636363636363636363636363636363636363636363636363636363636360A
:20F640003636363636363636363636363636363636363636363636363636363636363636EA
:20F660003636363636363636363636363636363636363636363636363636363636363636CA
:20F680003636363636363636363636363636363636363636363636363636363636363636AA
:20F6A00036363636363636363636363636363636363636363636363636363636363636368A
:20F6C00036363636363636363636363636363636363636363636363636363636363636366A
:20F6E00036363636363636363636363636363636363636363636363636363636363636364A
:20F70000363636363636363636363636363636363636363636363636363636363636363629
:20F72000363636363636363636363636363636363636363636363636363636363636363609
:20F740003636363636363636363636363636363636363636363636363636363636363636E9
:20F760003636363636363636363636363636363636363636363636363636363636363636C9
:20F780003636363636363636363636363636363636363636363636363636363636363636A9
:20F7A000363636363636363636363636363636363636363636363636363636363636363689
:20F7C000363636363636363636363636363636363636363636363636363636363636363669
:20F7E000363636363636363636363636363636363636363636363636363636363636363649
:20F80000363636363636363636363636363636363636363636363636363636363636363628
:20F82000363636363636363636363636363636363636363636363636363636363636363608
:20F840003636363636363636363636363636363636363636363636363636363636363636E8
:20F860003636363636363636363636363636363636363636363636363636363636363636C8
:20F880003636363636363636363636363636363636363636363636363636363636363636A8
:20F8A000363636363636363636363636363636363636363636363636363636363636363688
:20F8C000363636363636363636363636363636363636363636363636363636363636363668
:20F8E000363636363636363636363636363636363636363636363636363636363636363648
:20F90000363636363636363636363636363636363636363636363636363636363636363627
:20F92000363636363636363636363636363636363636363636363636363636363636363607
:20F940003636363636363636363636363636363636363636363636363636363636363636E7
:20F960003636363636363636363636363636363636363636363636363636363636363636C7
:20F980003636363636363636363636363636363636363636363636363636363636363636A7
:20F9A000363636363636363636363636363636363636363636363636363636363636363687
:20F9C000363636363636363636363636363636363636363636363636363636363636363667
:20F9E000363636363636363636363636363636363636363636363636363636363636363647
:20FA0000363636363636363636363636363636363636363636363636363636363636363626
:20FA2000363636363636363636363636363636363636363636363636363636363636363606
:20FA40003636363636363636363636363636363636363636363636363636363636363636E6
:20FA60003636363636363636363636363636363636363636363636363636363636363636C6
:20FA80003636363636363636363636363636363636363636363636363636363636363636A6
:20FAA000363636363636363636363636363636363636363636363636363636363636363686
:20FAC000363636363636363636363636363636363636363636363636363636363636363666
:20FAE000363636363636363636363636363636363636363636363636363636363636363646
:20FB0000363636363636363636363636363636363636363636363636363636363636363625
:20FB2000363636363636363636363636363636363636363636363636363636363636363605
:20FB40003636363636363636363636363636363636363636363636363636363636363636E5
:20FB60003636363636363636363636363636363636363636363636363636363636363636C5
:20FB80003636363636363636363636363636363636363636363636363636363636363636A5
:20FBA000363636363636363636363636363636363636363636363636363636363636363685
:20FBC000363636363636363636363636363636363636363636363636363636363636363665
:20FBE000363636363636363636363636363636363636363636363636363636363636363645
:20FC0000363636363636363636363636363636363636363636363636363636363636363624
:20FC2000363636363636363636363636363636363636363636363636363636363636363604
:20FC40003636363636363636363636363636363636363636363636363636363636363636E4
:20FC60003636363636363636363636363636363636363636363636363636363636363636C4
:20FC80003636363636363636363636363636363636363636363636363636363636363636A4
:20FCA000363636363636363636363636363636363636363636363636363636363636363684
:20FCC000363636363636363636363636363636363636363636363636363636363636363664
:20FCE000363636363636363636363636363636363636363636363636363636363636363644
:20FD0000363636363636363636363636363636363636363636363636363636363636363623
:20FD2000363636363636363636363636363636363636363636363636363636363636363603
:20FD40003636363636363636363636363636363636363636363636363636363636363636E3
:20FD60003636363636363636363636363636363636363636363636363636363636363636C3
:20FD80003636363636363636363636363636363636363636363636363636363636363636A3
:20FDA000363636363636363636363636363636363636363636363636363636363636363683
:20FDC000363636363636363636363636363636363636363636363636363636363636363663
:20FDE000363636363636363636363636363636363636363636363636363636363636363643
:20FE0000363636363636363636363636363636363636363636363636363636363636363622
:20FE2000363636363636363636363636363636363636363636363636363636363636363602
:20FE40003636363636363636363636363636363636363636363636363636363636363636E2
:20FE60003636363636363636363636363636363636363636363636363636363636363636C2
:20FE80003636363636363636363636363636363636363636363636363636363636363636A2
:20FEA000363636363636363636363636363636363636363636363636363636363636363682
:20FEC000363636363636363636363636363636363636363636363636363636363636363662
:20FEE000363636363636363636363636363636363636363636363636363636363636363642
:20FF0000363636363636363636363636363636363636363636363636363636363636363621
:20FF2000363636363636363636363636363636363636363636363636363636363636363601
:20FF40003636363636363636363636363636363636363636363636363636363636363636E1
:20FF60003636363636363636363636363636363636363636363636363636363636363636C1
:20FF80003636363636363636363636363636363636363636363636363636363636363636A1
:20FFA000363636363636363636363636363636363636363636363636363636363636363681
:20FFC000363636363636363636363636363636363636363636363636363636363636363661
:20FFE000363636363636363636363636363636363636363636363636363636363636363641
:02000004800278
:20000000363636363636363636363636363636363636363636363636363636363636363620
:20002000363636363636363636363636363636363636363636363636363636363636363600
:200040003636363636363636363636363636363636363636363636363636363636363636E0
:200060003636363636363636363636363636363636363636363636363636363636363636C0
:200080003636363636363636363636363636363636363636363636363636363636363636A0
:2000A000363636363636363636363636363636363636363636363636363636363636363680
:2000C000363636363636363636363636363636363636363636363636363636363636363660
:2000E000363636363636363636363636363636363636363636363636363636363636363640
:2001000036363636363636363636363636363636363636363636363636363636363636361F
:200120003636363636363636363636363636363636363636363636363636363636363636FF
:200140003636363636363636363636363636363636363636363636363636363636363636DF
:200160003636363636363636363636363636363636363636363636363636363636363636BF
:2001800036363636363636363636363636363636363636363636363636363636363636369F
:2001A00036363636363636363636363636363636363636363636363636363636363636367F
:2001C00036363636363636363636363636363636363636363636363636363636363636365F
:2001E00036363636363636363636363636363636363636363636363636363636363636363F
:2002000036363636363636363636363636363636363636363636363636363636363636361E
:200220003636363636363636363636363636363636363636363636363636363636363636FE
:200240003636363636363636363636363636363636363636363636363636363636363636DE
:200260003636363636363636363636363636363636363636363636363636363636363636BE
:2002800036363636363636363636363636363636363636363636363636363636363636369E
:2002A00036363636363636363636363636363636363636363636363636363636363636367E
:2002C00036363636363636363636363636363636363636363636363636363636363636365E
:2002E00036363636363636363636363636363636363636363636363636363636363636363E
:2003000036363636363636363636363636363636363636363636363636363636363636361D
:200320003636363636363636363636363636363636363636363636363636363636363636FD
:200340003636363636363636363636363636363636363636363636363636363636363636DD
:200360003636363636363636363636363636363636363636363636363636363636363636BD
:2003800036363636363636363636363636363636363636363636363636363636363636369D
:2003A00036363636363636363636363636363636363636363636363636363636363636367D
:2003C00036363636363636363636363636363636363636363636363636363636363636365D
:2003E00036363636363636363636363636363636363636363636363636363636363636363D
:2004000036363636363636363636363636363636363636363636363636363636363636361C
:200420003636363636363636363636363636363636363636363636363636363636363636FC
:200440003636363636363636363636363636363636363636363636363636363636363636DC
:200460003636363636363636363636363636363636363636363636363636363636363636BC
:2004800036363636363636363636363636363636363636363636363636363636363636369C
:2004A00036363636363636363636363636363636363636363636363636363636363636367C
:2004C00036363636363636363636363636363636363636363636363636363636363636365C
:2004E00036363636363636363636363636363636363636363636363636363636363636363C
:2005000036363636363636363636363636363636363636363636363636363636363636361B
:200520003636363636363636363636363636363636363636363636363636363636363636FB
:200540003636363636363636363636363636363636363636363636363636363636363636DB
:200560003636363636363636363636363636363636363636363636363636363636363636BB
:2005800036363636363636363636363636363636363636363636363636363636363636369B
:2005A00036363636363636363636363636363636363636363636363636363636363636367B
:2005C00036363636363636363636363636363636363636363636363636363636363636365B
:2005E00036363636363636363636363636363636363636363636363636363636363636363B
:2006000036363636363636363636363636363636363636363636363636363636363636361A
:200620003636363636363636363636363636363636363636363636363636363636363636FA
:200640003636363636363636363636363636363636363636363636363636363636363636DA
:200660003636363636363636363636363636363636363636363636363636363636363636BA
:2006800036363636363636363636363636363636363636363636363636363636363636369A
:2006A00036363636363636363636363636363636363636363636363636363636363636367A
:2006C00036363636363636363636363636363636363636363636363636363636363636365A
:2006E00036363636363636363636363636363636363636363636363636363636363636363A
:20070000363636363636363636363636363636363636363636363636363636363636363619
:200720003636363636363636363636363636363636363636363636363636363636363636F9
:200740003636363636363636363636363636363636363636363636363636363636363636D9
:200760003636363636363636363636363636363636363636363636363636363636363636B9
:20078000363636363636363636363636363636363636363636363636363636363636363699
:2007A000363636363636363636363636363636363636363636363636363636363636363679
:2007C000363636363636363636363636363636363636363636363636363636363636363659
:2007E000363636363636363636363636363636363636363636363636363636363636363639
:20080000363636363636363636363636363636363636363636363636363636363636363618
:200820003636363636363636363636363636363636363636363636363636363636363636F8
:200840003636363636363636363636363636363636363636363636363636363636363636D8
:200860003636363636363636363636363636363636363636363636363636363636363636B8
:20088000363636363636363636363636363636363636363636363636363636363636363698
:2008A000363636363636363636363636363636363636363636363636363636363636363678
:2008C000363636363636363636363636363636363636363636363636363636363636363658
:2008E000363636363636363636363636363636363636363636363636363636363636363638
:20090000363636363636363636363636363636363636363636363636363636363636363617
:200920003636363636363636363636363636363636363636363636363636363636363636F7
:200940003636363636363636363636363636363636363636363636363636363636363636D7
:200960003636363636363636363636363636363636363636363636363636363636363636B7
:20098000363636363636363636363636363636363636363636363636363636363636363697
:2009A000363636363636363636363636363636363636363636363636363636363636363677
:2009C000363636363636363636363636363636363636363636363636363636363636363657
:2009E000363636363636363636363636363636363636363636363636363636363636363637
:200A0000363636363636363636363636363636363636363636363636363636363636363616
:200A20003636363636363636363636363636363636363636363636363636363636363636F6
:200A40003636363636363636363636363636363636363636363636363636363636363636D6
:200A60003636363636363636363636363636363636363636363636363636363636363636B6
:200A8000363636363636363636363636363636363636363636363636363636363636363696
:200AA000363636363636363636363636363636363636363636363636363636363636363676
:200AC000363636363636363636363636363636363636363636363636363636363636363656
:200AE000363636363636363636363636363636363636363636363636363636363636363636
:200B0000363636363636363636363636363636363636363636363636363636363636363615
:200B20003636363636363636363636363636363636363636363636363636363636363636F5
:200B40003636363636363636363636363636363636363636363636363636363636363636D5
:200B60003636363636363636363636363636363636363636363636363636363636363636B5
:200B8000363636363636363636363636363636363636363636363636363636363636363695
:200BA000363636363636363636363636363636363636363636363636363636363636363675
:200BC000363636363636363636363636363636363636363636363636363636363636363655
:200BE000363636363636363636363636363636363636363636363636363636363636363635
:200C0000363636363636363636363636363636363636363636363636363636363636363614
:200C20003636363636363636363636363636363636363636363636363636363636363636F4
:200C40003636363636363636363636363636363636363636363636363636363636363636D4
:200C60003636363636363636363636363636363636363636363636363636363636363636B4
:200C8000363636363636363636363636363636363636363636363636363636363636363694
:200CA000363636363636363636363636363636363636363636363636363636363636363674
:200CC000363636363636363636363636363636363636363636363636363636363636363654
:200CE000363636363636363636363636363636363636363636363636363636363636363634
:200D0000363636363636363636363636363636363636363636363636363636363636363613
:200D20003636363636363636363636363636363636363636363636363636363636363636F3
:200D40003636363636363636363636363636363636363636363636363636363636363636D3
:200D60003636363636363636363636363636363636363636363636363636363636363636B3
:200D8000363636363636363636363636363636363636363636363636363636363636363693
:200DA000363636363636363636363636363636363636363636363636363636363636363673
:200DC000363636363636363636363636363636363636363636363636363636363636363653
:200DE000363636363636363636363636363636363636363636363636363636363636363633
:200E0000363636363636363636363636363636363636363636363636363636363636363612
:200E20003636363636363636363636363636363636363636363636363636363636363636F2
:200E40003636363636363636363636363636363636363636363636363636363636363636D2
:200E60003636363636363636363636363636363636363636363636363636363636363636B2
:200E8000363636363636363636363636363636363636363636363636363636363636363692
:200EA000363636363636363636363636363636363636363636363636363636363636363672
:200EC000363636363636363636363636363636363636363636363636363636363636363652
:200EE000363636363636363636363636363636363636363636363636363636363636363632
:200F0000363636363636363636363636363636363636363636363636363636363636363611
:200F20003636363636363636363636363636363636363636363636363636363636363636F1
:200F40003636363636363636363636363636363636363636363636363636363636363636D1
:200F60003636363636363636363636363636363636363636363636363636363636363636B1
:200F8000363636363636363636363636363636363636363636363636363636363636363691
:200FA000363636363636363636363636363636363636363636363636363636363636363671
:200FC000363636363636363636363636363636363636363636363636363636363636363651
:200FE000363636363636363636363636363636363636363636363636363636363636363631
:20100000363636363636363636363636363636363636363636363636363636363636363610
:201020003636363636363636363636363636363636363636363636363636363636363636F0
:201040003636363636363636363636363636363636363636363636363636363636363636D0
:201060003636363636363636363636363636363636363636363636363636363636363636B0
:20108000363636363636363636363636363636363636363636363636363636363636363690
:2010A000363636363636363636363636363636363636363636363636363636363636363670
:2010C000363636363636363636363636363636363636363636363636363636363636363650
:2010E000363636363636363636363636363636363636363636363636363636363636363630
:2011000036363636363636363636363636363636363636363636363636363636363636360F
:201120003636363636363636363636363636363636363636363636363636363636363636EF
:201140003636363636363636363636363636363636363636363636363636363636363636CF
:201160003636363636363636363636363636363636363636363636363636363636363636AF
:2011800036363636363636363636363636363636363636363636363636363636363636368F
:2011A00036363636363636363636363636363636363636363636363636363636363636366F
:2011C00036363636363636363636363636363636363636363636363636363636363636364F
:2011E00036363636363636363636363636363636363636363636363636363636363636362F
:2012000036363636363636363636363636363636363636363636363636363636363636360E
:201220003636363636363636363636363636363636363636363636363636363636363636EE
:201240003636363636363636363636363636363636363636363636363636363636363636CE
:201260003636363636363636363636363636363636363636363636363636363636363636AE
:2012800036363636363636363636363636363636363636363636363636363636363636368E
:2012A00036363636363636363636363636363636363636363636363636363636363636366E
:2012C00036363636363636363636363636363636363636363636363636363636363636364E
:2012E00036363636363636363636363636363636363636363636363636363636363636362E
:2013000036363636363636363636363636363636363636363636363636363636363636360D
:201320003636363636363636363636363636363636363636363636363636363636363636ED
:201340003636363636363636363636363636363636363636363636363636363636363636CD
:201360003636363636363636363636363636363636363636363636363636363636363636AD
:2013800036363636363636363636363636363636363636363636363636363636363636368D
:2013A00036363636363636363636363636363636363636363636363636363636363636366D
:2013C00036363636363636363636363636363636363636363636363636363636363636364D
:2013E00036363636363636363636363636363636363636363636363636363636363636362D
:2014000036363636363636363636363636363636363636363636363636363636363636360C
:201420003636363636363636363636363636363636363636363636363636363636363636EC
:201440003636363636363636363636363636363636363636363636363636363636363636CC
:201460003636363636363636363636363636363636363636363636363636363636363636AC
:2014800036363636363636363636363636363636363636363636363636363636363636368C
:2014A00036363636363636363636363636363636363636363636363636363636363636366C
:2014C00036363636363636363636363636363636363636363636363636363636363636364C
:2014E00036363636363636363636363636363636363636363636363636363636363636362C
:2015000036363636363636363636363636363636363636363636363636363636363636360B
:201520003636363636363636363636363636363636363636363636363636363636363636EB
:201540003636363636363636363636363636363636363636363636363636363636363636CB
:201560003636363636363636363636363636363636363636363636363636363636363636AB
:2015800036363636363636363636363636363636363636363636363636363636363636368B
:2015A00036363636363636363636363636363636363636363636363636363636363636366B
:2015C00036363636363636363636363636363636363636363636363636363636363636364B
:2015E00036363636363636363636363636363636363636363636363636363636363636362B
:2016000036363636363636363636363636363636363636363636363636363636363636360A
:201620003636363636363636363636363636363636363636363636363636363636363636EA
:201640003636363636363636363636363636363636363636363636363636363636363636CA
:201660003636363636363636363636363636363636363636363636363636363636363636AA
:2016800036363636363636363636363636363636363636363636363636363636363636368A
:2016A00036363636363636363636363636363636363636363636363636363636363636366A
:2016C00036363636363636363636363636363636363636363636363636363636363636364A
:2016E00036363636363636363636363636363636363636363636363636363636363636362A
:20170000363636363636363636363636363636363636363636363636363636363636363609
:201720003636363636363636363636363636363636363636363636363636363636363636E9
:201740003636363636363636363636363636363636363636363636363636363636363636C9
:201760003636363636363636363636363636363636363636363636363636363636363636A9
:20178000363636363636363636363636363636363636363636363636363636363636363689
:2017A000363636363636363636363636363636363636363636363636363636363636363669
:2017C000363636363636363636363636363636363636363636363636363636363636363649
:2017E000363636363636363636363636363636363636363636363636363636363636363629
:20180000363636363636363636363636363636363636363636363636363636363636363608
:201820003636363636363636363636363636363636363636363636363636363636363636E8
:201840003636363636363636363636363636363636363636363636363636363636363636C8
:201860003636363636363636363636363636363636363636363636363636363636363636A8
:20188000363636363636363636363636363636363636363636363636363636363636363688
:2018A000363636363636363636363636363636363636363636363636363636363636363668
:2018C000363636363636363636363636363636363636363636363636363636363636363648
:2018E000363636363636363636363636363636363636363636363636363636363636363628
:20190000363636363636363636363636363636363636363636363636363636363636363607
:201920003636363636363636363636363636363636363636363636363636363636363636E7
:201940003636363636363636363636363636363636363636363636363636363636363636C7
:201960003636363636363636363636363636363636363636363636363636363636363636A7
:20198000363636363636363636363636363636363636363636363636363636363636363687
:2019A000363636363636363636363636363636363636363636363636363636363636363667
:2019C000363636363636363636363636363636363636363636363636363636363636363647
:2019E000363636363636363636363636363636363636363636363636363636363636363627
:201A0000363636363636363636363636363636363636363636363636363636363636363606
:201A20003636363636363636363636363636363636363636363636363636363636363636E6
:201A40003636363636363636363636363636363636363636363636363636363636363636C6
:201A60003636363636363636363636363636363636363636363636363636363636363636A6
:201A8000363636363636363636363636363636363636363636363636363636363636363686
:201AA000363636363636363636363636363636363636363636363636363636363636363666
:201AC000363636363636363636363636363636363636363636363636363636363636363646
:201AE000363636363636363636363636363636363636363636363636363636363636363626
:201B0000363636363636363636363636363636363636363636363636363636363636363605
:201B20003636363636363636363636363636363636363636363636363636363636363636E5
:201B40003636363636363636363636363636363636363636363636363636363636363636C5
:201B60003636363636363636363636363636363636363636363636363636363636363636A5
:201B8000363636363636363636363636363636363636363636363636363636363636363685
:201BA000363636363636363636363636363636363636363636363636363636363636363665
:201BC000363636363636363636363636363636363636363636363636363636363636363645
:201BE000363636363636363636363636363636363636363636363636363636363636363625
:201C0000363636363636363636363636363636363636363636363636363636363636363604
:201C20003636363636363636363636363636363636363636363636363636363636363636E4
:201C40003636363636363636363636363636363636363636363636363636363636363636C4
:201C60003636363636363636363636363636363636363636363636363636363636363636A4
:201C8000363636363636363636363636363636363636363636363636363636363636363684
:201CA000363636363636363636363636363636363636363636363636363636363636363664
:201CC000363636363636363636363636363636363636363636363636363636363636363644
:201CE000363636363636363636363636363636363636363636363636363636363636363624
:201D0000363636363636363636363636363636363636363636363636363636363636363603
:201D20003636363636363636363636363636363636363636363636363636363636363636E3
:201D40003636363636363636363636363636363636363636363636363636363636363636C3
:201D60003636363636363636363636363636363636363636363636363636363636363636A3
:201D8000363636363636363636363636363636363636363636363636363636363636363683
:201DA000363636363636363636363636363636363636363636363636363636363636363663
:201DC000363636363636363636363636363636363636363636363636363636363636363643
:201DE000363636363636363636363636363636363636363636363636363636363636363623
:201E0000363636363636363636363636363636363636363636363636363636363636363602
:201E20003636363636363636363636363636363636363636363636363636363636363636E2
:201E40003636363636363636363636363636363636363636363636363636363636363636C2
:201E60003636363636363636363636363636363636363636363636363636363636363636A2
:201E8000363636363636363636363636363636363636363636363636363636363636363682
:201EA000363636363636363636363636363636363636363636363636363636363636363662
:201EC000363636363636363636363636363636363636363636363636363636363636363642
:201EE000363636363636363636363636363636363636363636363636363636363636363622
:201F0000363636363636363636363636363636363636363636363636363636363636363601
:201F20003636363636363636363636363636363636363636363636363636363636363636E1
:201F40003636363636363636363636363636363636363636363636363636363636363636C1
:201F60003636363636363636363636363636363636363636363636363636363636363636A1
:201F8000363636363636363636363636363636363636363636363636363636363636363681
:201FA000363636363636363636363636363636363636363636363636363636363636363661
:201FC000363636363636363636363636363636363636363636363636363636363636363641
:201FE000363636363636363636363636363636363636363636363636363636363636363621
:20200000363636363636363636363636363636363636363636363636363636363636363600
:202020003636363636363636363636363636363636363636363636363636363636363636E0
:202040003636363636363636363636363636363636363636363636363636363636363636C0
:202060003636363636363636363636363636363636363636363636363636363636363636A0
:20208000363636363636363636363636363636363636363636363636363636363636363680
:2020A000363636363636363636363636363636363636363636363636363636363636363660
:2020C000363636363636363636363636363636363636363636363636363636363636363640
:2020E000363636363636363636363636363636363636363636363636363636363636363620
:202100003636363636363636363636363636363636363636363636363636363636363636FF
:202120003636363636363636363636363636363636363636363636363636363636363636DF
:202140003636363636363636363636363636363636363636363636363636363636363636BF
:2021600036363636363636363636363636363636363636363636363636363636363636369F
:2021800036363636363636363636363636363636363636363636363636363636363636367F
:2021A00036363636363636363636363636363636363636363636363636363636363636365F
:2021C00036363636363636363636363636363636363636363636363636363636363636363F
:2021E00036363636363636363636363636363636363636363636363636363636363636361F
:202200003636363636363636363636363636363636363636363636363636363636363636FE
:202220003636363636363636363636363636363636363636363636363636363636363636DE
:202240003636363636363636363636363636363636363636363636363636363636363636BE
:2022600036363636363636363636363636363636363636363636363636363636363636369E
:2022800036363636363636363636363636363636363636363636363636363636363636367E
:2022A00036363636363636363636363636363636363636363636363636363636363636365E
:2022C00036363636363636363636363636363636363636363636363636363636363636363E
:2022E00036363636363636363636363636363636363636363636363636363636363636361E
:202300003636363636363636363636363636363636363636363636363636363636363636FD
:202320003636363636363636363636363636363636363636363636363636363636363636DD
:202340003636363636363636363636363636363636363636363636363636363636363636BD
:2023600036363636363636363636363636363636363636363636363636363636363636369D
:2023800036363636363636363636363636363636363636363636363636363636363636367D
:2023A00036363636363636363636363636363636363636363636363636363636363636365D
:2023C00036363636363636363636363636363636363636363636363636363636363636363D
:2023E00036363636363636363636363636363636363636363636363636363636363636361D
:202400003636363636363636363636363636363636363636363636363636363636363636FC
:202420003636363636363636363636363636363636363636363636363636363636363636DC
:202440003636363636363636363636363636363636363636363636363636363636363636BC
:2024600036363636363636363636363636363636363636363636363636363636363636369C
:2024800036363636363636363636363636363636363636363636363636363636363636367C
:2024A00036363636363636363636363636363636363636363636363636363636363636365C
:2024C00036363636363636363636363636363636363636363636363636363636363636363C
:2024E00036363636363636363636363636363636363636363636363636363636363636361C
:202500003636363636363636363636363636363636363636363636363636363636363636FB
:202520003636363636363636363636363636363636363636363636363636363636363636DB
:202540003636363636363636363636363636363636363636363636363636363636363636BB
:2025600036363636363636363636363636363636363636363636363636363636363636369B
:2025800036363636363636363636363636363636363636363636363636363636363636367B
:2025A00036363636363636363636363636363636363636363636363636363636363636365B
:2025C00036363636363636363636363636363636363636363636363636363636363636363B
:2025E00036363636363636363636363636363636363636363636363636363636363636361B
:202600003636363636363636363636363636363636363636363636363636363636363636FA
:202620003636363636363636363636363636363636363636363636363636363636363636DA
:202640003636363636363636363636363636363636363636363636363636363636363636BA
:2026600036363636363636363636363636363636363636363636363636363636363636369A
:2026800036363636363636363636363636363636363636363636363636363636363636367A
:2026A00036363636363636363636363636363636363636363636363636363636363636365A
:2026C00036363636363636363636363636363636363636363636363636363636363636363A
:2026E00036363636363636363636363636363636363636363636363636363636363636361A
:202700003636363636363636363636363636363636363636363636363636363636363636F9
:202720003636363636363636363636363636363636363636363636363636363636363636D9
:202740003636363636363636363636363636363636363636363636363636363636363636B9
:20276000363636363636363636363636363636363636363636363636363636363636363699
:20278000363636363636363636363636363636363636363636363636363636363636363679
:2027A000363636363636363636363636363636363636363636363636363636363636363659
:2027C000363636363636363636363636363636363636363636363636363636363636363639
:2027E000363636363636363636363636363636363636363636363636363636363636363619
:202800003636363636363636363636363636363636363636363636363636363636363636F8
:202820003636363636363636363636363636363636363636363636363636363636363636D8
:202840003636363636363636363636363636363636363636363636363636363636363636B8
:20286000363636363636363636363636363636363636363636363636363636363636363698
:20288000363636363636363636363636363636363636363636363636363636363636363678
:2028A000363636363636363636363636363636363636363636363636363636363636363658
:2028C000363636363636363636363636363636363636363636363636363636363636363638
:2028E000363636363636363636363636363636363636363636363636363636363636363618
:202900003636363636363636363636363636363636363636363636363636363636363636F7
:202920003636363636363636363636363636363636363636363636363636363636363636D7
:202940003636363636363636363636363636363636363636363636363636363636363636B7
:20296000363636363636363636363636363636363636363636363636363636363636363697
:20298000363636363636363636363636363636363636363636363636363636363636363677
:2029A000363636363636363636363636363636363636363636363636363636363636363657
:2029C000363636363636363636363636363636363636363636363636363636363636363637
:2029E000363636363636363636363636363636363636363636363636363636363636363617
:202A00003636363636363636363636363636363636363636363636363636363636363636F6
:202A20003636363636363636363636363636363636363636363636363636363636363636D6
:202A40003636363636363636363636363636363636363636363636363636363636363636B6
:202A6000363636363636363636363636363636363636363636363636363636363636363696
:202A8000363636363636363636363636363636363636363636363636363636363636363676
:202AA000363636363636363636363636363636363636363636363636363636363636363656
:202AC000363636363636363636363636363636363636363636363636363636363636363636
:202AE000363636363636363636363636363636363636363636363636363636363636363616
:202B00003636363636363636363636363636363636363636363636363636363636363636F5
:202B20003636363636363636363636363636363636363636363636363636363636363636D5
:202B40003636363636363636363636363636363636363636363636363636363636363636B5
:202B6000363636363636363636363636363636363636363636363636363636363636363695
:202B8000363636363636363636363636363636363636363636363636363636363636363675
:202BA000363636363636363636363636363636363636363636363636363636363636363655
:202BC000363636363636363636363636363636363636363636363636363636363636363635
:202BE000363636363636363636363636363636363636363636363636363636363636363615
:202C00003636363636363636363636363636363636363636363636363636363636363636F4
:202C20003636363636363636363636363636363636363636363636363636363636363636D4
:202C40003636363636363636363636363636363636363636363636363636363636363636B4
:202C6000363636363636363636363636363636363636363636363636363636363636363694
:202C8000363636363636363636363636363636363636363636363636363636363636363674
:202CA000363636363636363636363636363636363636363636363636363636363636363654
:202CC000363636363636363636363636363636363636363636363636363636363636363634
:202CE000363636363636363636363636363636363636363636363636363636363636363614
:202D00003636363636363636363636363636363636363636363636363636363636363636F3
:202D20003636363636363636363636363636363636363636363636363636363636363636D3
:202D40003636363636363636363636363636363636363636363636363636363636363636B3
:202D6000363636363636363636363636363636363636363636363636363636363636363693
:202D8000363636363636363636363636363636363636363636363636363636363636363673
:202DA000363636363636363636363636363636363636363636363636363636363636363653
:202DC000363636363636363636363636363636363636363636363636363636363636363633
:202DE000363636363636363636363636363636363636363636363636363636363636363613
:202E00003636363636363636363636363636363636363636363636363636363636363636F2
:202E20003636363636363636363636363636363636363636363636363636363636363636D2
:202E40003636363636363636363636363636363636363636363636363636363636363636B2
:202E6000363636363636363636363636363636363636363636363636363636363636363692
:202E8000363636363636363636363636363636363636363636363636363636363636363672
:202EA000363636363636363636363636363636363636363636363636363636363636363652
:202EC000363636363636363636363636363636363636363636363636363636363636363632
:202EE000363636363636363636363636363636363636363636363636363636363636363612
:202F00003636363636363636363636363636363636363636363636363636363636363636F1
:202F20003636363636363636363636363636363636363636363636363636363636363636D1
:202F40003636363636363636363636363636363636363636363636363636363636363636B1
:202F6000363636363636363636363636363636363636363636363636363636363636363691
:202F8000363636363636363636363636363636363636363636363636363636363636363671
:202FA000363636363636363636363636363636363636363636363636363636363636363651
:202FC000363636363636363636363636363636363636363636363636363636363636363631
:202FE000363636363636363636363636363636363636363636363636363636363636363611
:203000003636363636363636363636363636363636363636363636363636363636363636F0
:203020003636363636363636363636363636363636363636363636363636363636363636D0
:203040003636363636363636363636363636363636363636363636363636363636363636B0
:20306000363636363636363636363636363636363636363636363636363636363636363690
:20308000363636363636363636363636363636363636363636363636363636363636363670
:2030A000363636363636363636363636363636363636363636363636363636363636363650
:2030C000363636363636363636363636363636363636363636363636363636363636363630
:2030E000363636363636363636363636363636363636363636363636363636363636363610
:203100003636363636363636363636363636363636363636363636363636363636363636EF
:203120003636363636363636363636363636363636363636363636363636363636363636CF
:203140003636363636363636363636363636363636363636363636363636363636363636AF
:2031600036363636363636363636363636363636363636363636363636363636363636368F
:2031800036363636363636363636363636363636363636363636363636363636363636366F
:2031A00036363636363636363636363636363636363636363636363636363636363636364F
:2031C00036363636363636363636363636363636363636363636363636363636363636362F
:2031E00036363636363636363636363636363636363636363636363636363636363636360F
:203200003636363636363636363636363636363636363636363636363636363636363636EE
:203220003636363636363636363636363636363636363636363636363636363636363636CE
:203240003636363636363636363636363636363636363636363636363636363636363636AE
:2032600036363636363636363636363636363636363636363636363636363636363636368E
:2032800036363636363636363636363636363636363636363636363636363636363636366E
:2032A00036363636363636363636363636363636363636363636363636363636363636364E
:2032C00036363636363636363636363636363636363636363636363636363636363636362E
:2032E00036363636363636363636363636363636363636363636363636363636363636360E
:203300003636363636363636363636363636363636363636363636363636363636363636ED
:203320003636363636363636363636363636363636363636363636363636363636363636CD
:203340003636363636363636363636363636363636363636363636363636363636363636AD
:2033600036363636363636363636363636363636363636363636363636363636363636368D
:2033800036363636363636363636363636363636363636363636363636363636363636366D
:2033A00036363636363636363636363636363636363636363636363636363636363636364D
:2033C00036363636363636363636363636363636363636363636363636363636363636362D
:2033E00036363636363636363636363636363636363636363636363636363636363636360D
:203400003636363636363636363636363636363636363636363636363636363636363636EC
:203420003636363636363636363636363636363636363636363636363636363636363636CC
:203440003636363636363636363636363636363636363636363636363636363636363636AC
:2034600036363636363636363636363636363636363636363636363636363636363636368C
:2034800036363636363636363636363636363636363636363636363636363636363636366C
:2034A00036363636363636363636363636363636363636363636363636363636363636364C
:2034C00036363636363636363636363636363636363636363636363636363636363636362C
:2034E00036363636363636363636363636363636363636363636363636363636363636360C
:203500003636363636363636363636363636363636363636363636363636363636363636EB
:203520003636363636363636363636363636363636363636363636363636363636363636CB
:203540003636363636363636363636363636363636363636363636363636363636363636AB
:2035600036363636363636363636363636363636363636363636363636363636363636368B
:2035800036363636363636363636363636363636363636363636363636363636363636366B
:2035A00036363636363636363636363636363636363636363636363636363636363636364B
:2035C00036363636363636363636363636363636363636363636363636363636363636362B
:2035E00036363636363636363636363636363636363636363636363636363636363636360B
:203600003636363636363636363636363636363636363636363636363636363636363636EA
:203620003636363636363636363636363636363636363636363636363636363636363636CA
:203640003636363636363636363636363636363636363636363636363636363636363636AA
:2036600036363636363636363636363636363636363636363636363636363636363636368A
:2036800036363636363636363636363636363636363636363636363636363636363636366A
:2036A00036363636363636363636363636363636363636363636363636363636363636364A
:2036C00036363636363636363636363636363636363636363636363636363636363636362A
:2036E00036363636363636363636363636363636363636363636363636363636363636360A
:203700003636363636363636363636363636363636363636363636363636363636363636E9
:203720003636363636363636363636363636363636363636363636363636363636363636C9
:203740003636363636363636363636363636363636363636363636363636363636363636A9
:20376000363636363636363636363636363636363636363636363636363636363636363689
:20378000363636363636363636363636363636363636363636363636363636363636363669
:2037A000363636363636363636363636363636363636363636363636363636363636363649
:2037C000363636363636363636363636363636363636363636363636363636363636363629
:2037E000363636363636363636363636363636363636363636363636363636363636363609
:203800003636363636363636363636363636363636363636363636363636363636363636E8
:203820003636363636363636363636363636363636363636363636363636363636363636C8
:203840003636363636363636363636363636363636363636363636363636363636363636A8
:20386000363636363636363636363636363636363636363636363636363636363636363688
:20388000363636363636363636363636363636363636363636363636363636363636363668
:2038A000363636363636363636363636363636363636363636363636363636363636363648
:2038C000363636363636363636363636363636363636363636363636363636363636363628
:2038E000363636363636363636363636363636363636363636363636363636363636363608
:203900003636363636363636363636363636363636363636363636363636363636363636E7
:203920003636363636363636363636363636363636363636363636363636363636363636C7
:203940003636363636363636363636363636363636363636363636363636363636363636A7
:20396000363636363636363636363636363636363636363636363636363636363636363687
:20398000363636363636363636363636363636363636363636363636363636363636363667
:2039A000363636363636363636363636363636363636363636363636363636363636363647
:2039C000363636363636363636363636363636363636363636363636363636363636363627
:2039E000363636363636363636363636363636363636363636363636363636363636363607
:203A00003636363636363636363636363636363636363636363636363636363636363636E6
:203A20003636363636363636363636363636363636363636363636363636363636363636C6
:203A40003636363636363636363636363636363636363636363636363636363636363636A6
:203A6000363636363636363636363636363636363636363636363636363636363636363686
:203A8000363636363636363636363636363636363636363636363636363636363636363666
:203AA000363636363636363636363636363636363636363636363636363636363636363646
:203AC000363636363636363636363636363636363636363636363636363636363636363626
:203AE000363636363636363636363636363636363636363636363636363636363636363606
:203B00003636363636363636363636363636363636363636363636363636363636363636E5
:203B20003636363636363636363636363636363636363636363636363636363636363636C5
:203B40003636363636363636363636363636363636363636363636363636363636363636A5
:203B6000363636363636363636363636363636363636363636363636363636363636363685
:203B8000363636363636363636363636363636363636363636363636363636363636363665
:203BA000363636363636363636363636363636363636363636363636363636363636363645
:203BC000363636363636363636363636363636363636363636363636363636363636363625
:203BE000363636363636363636363636363636363636363636363636363636363636363605
:203C00003636363636363636363636363636363636363636363636363636363636363636E4
:203C20003636363636363636363636363636363636363636363636363636363636363636C4
:203C40003636363636363636363636363636363636363636363636363636363636363636A4
:203C6000363636363636363636363636363636363636363636363636363636363636363684
:203C8000363636363636363636363636363636363636363636363636363636363636363664
:203CA000363636363636363636363636363636363636363636363636363636363636363644
:203CC000363636363636363636363636363636363636363636363636363636363636363624
:203CE000363636363636363636363636363636363636363636363636363636363636363604
:203D00003636363636363636363636363636363636363636363636363636363636363636E3
:203D20003636363636363636363636363636363636363636363636363636363636363636C3
:203D40003636363636363636363636363636363636363636363636363636363636363636A3
:203D6000363636363636363636363636363636363636363636363636363636363636363683
:203D8000363636363636363636363636363636363636363636363636363636363636363663
:203DA000363636363636363636363636363636363636363636363636363636363636363643
:203DC000363636363636363636363636363636363636363636363636363636363636363623
:203DE000363636363636363636363636363636363636363636363636363636363636363603
:203E00003636363636363636363636363636363636363636363636363636363636363636E2
:203E20003636363636363636363636363636363636363636363636363636363636363636C2
:203E40003636363636363636363636363636363636363636363636363636363636363636A2
:203E6000363636363636363636363636363636363636363636363636363636363636363682
:203E8000363636363636363636363636363636363636363636363636363636363636363662
:203EA000363636363636363636363636363636363636363636363636363636363636363642
:203EC000363636363636363636363636363636363636363636363636363636363636363622
:203EE000363636363636363636363636363636363636363636363636363636363636363602
:203F00003636363636363636363636363636363636363636363636363636363636363636E1
:203F20003636363636363636363636363636363636363636363636363636363636363636C1
:203F40003636363636363636363636363636363636363636363636363636363636363636A1
:203F6000363636363636363636363636363636363636363636363636363636363636363681
:203F8000363636363636363636363636363636363636363636363636363636363636363661
:203FA000363636363636363636363636363636363636363636363636363636363636363641
:203FC000363636363636363636363636363636363636363636363636363636363636363621
:203FE000363636363636363636363636363636363636363636363636363636363636363601
:204000003636363636363636363636363636363636363636363636363636363636363636E0
:204020003636363636363636363636363636363636363636363636363636363636363636C0
:204040003636363636363636363636363636363636363636363636363636363636363636A0
:20406000363636363636363636363636363636363636363636363636363636363636363680
:20408000363636363636363636363636363636363636363636363636363636363636363660
:2040A000363636363636363636363636363636363636363636363636363636363636363640
:2040C000363636363636363636363636363636363636363636363636363636363636363620
:2040E000363636363636363636363636363636363636363636363636363636363636363600
:204100003636363636363636363636363636363636363636363636363636363636363636DF
:204120003636363636363636363636363636363636363636363636363636363636363636BF
:2041400036363636363636363636363636363636363636363636363636363636363636369F
:2041600036363636363636363636363636363636363636363636363636363636363636367F
:2041800036363636363636363636363636363636363636363636363636363636363636365F
:2041A00036363636363636363636363636363636363636363636363636363636363636363F
:2041C00036363636363636363636363636363636363636363636363636363636363636361F
:2041E0003636363636363636363636363636363636363636363636363636363636363636FF
:204200003636363636363636363636363636363636363636363636363636363636363636DE
:204220003636363636363636363636363636363636363636363636363636363636363636BE
:2042400036363636363636363636363636363636363636363636363636363636363636369E
:2042600036363636363636363636363636363636363636363636363636363636363636367E
:2042800036363636363636363636363636363636363636363636363636363636363636365E
:2042A00036363636363636363636363636363636363636363636363636363636363636363E
:2042C00036363636363636363636363636363636363636363636363636363636363636361E
:2042E0003636363636363636363636363636363636363636363636363636363636363636FE
:204300003636363636363636363636363636363636363636363636363636363636363636DD
:204320003636363636363636363636363636363636363636363636363636363636363636BD
:2043400036363636363636363636363636363636363636363636363636363636363636369D
:2043600036363636363636363636363636363636363636363636363636363636363636367D
:2043800036363636363636363636363636363636363636363636363636363636363636365D
:2043A00036363636363636363636363636363636363636363636363636363636363636363D
:2043C00036363636363636363636363636363636363636363636363636363636363636361D
:2043E0003636363636363636363636363636363636363636363636363636363636363636FD
:204400003636363636363636363636363636363636363636363636363636363636363636DC
:204420003636363636363636363636363636363636363636363636363636363636363636BC
:2044400036363636363636363636363636363636363636363636363636363636363636369C
:2044600036363636363636363636363636363636363636363636363636363636363636367C
:2044800036363636363636363636363636363636363636363636363636363636363636365C
:2044A00036363636363636363636363636363636363636363636363636363636363636363C
:2044C00036363636363636363636363636363636363636363636363636363636363636361C
:2044E0003636363636363636363636363636363636363636363636363636363636363636FC
:204500003636363636363636363636363636363636363636363636363636363636363636DB
:204520003636363636363636363636363636363636363636363636363636363636363636BB
:2045400036363636363636363636363636363636363636363636363636363636363636369B
:2045600036363636363636363636363636363636363636363636363636363636363636367B
:2045800036363636363636363636363636363636363636363636363636363636363636365B
:2045A00036363636363636363636363636363636363636363636363636363636363636363B
:2045C00036363636363636363636363636363636363636363636363636363636363636361B
:2045E0003636363636363636363636363636363636363636363636363636363636363636FB
:204600003636363636363636363636363636363636363636363636363636363636363636DA
:204620003636363636363636363636363636363636363636363636363636363636363636BA
:2046400036363636363636363636363636363636363636363636363636363636363636369A
:2046600036363636363636363636363636363636363636363636363636363636363636367A
:2046800036363636363636363636363636363636363636363636363636363636363636365A
:2046A00036363636363636363636363636363636363636363636363636363636363636363A
:2046C00036363636363636363636363636363636363636363636363636363636363636361A
:2046E0003636363636363636363636363636363636363636363636363636363636363636FA
:204700003636363636363636363636363636363636363636363636363636363636363636D9
:204720003636363636363636363636363636363636363636363636363636363636363636B9
:20474000363636363636363636363636363636363636363636363636363636363636363699
:20476000363636363636363636363636363636363636363636363636363636363636363679
:20478000363636363636363636363636363636363636363636363636363636363636363659
:2047A000363636363636363636363636363636363636363636363636363636363636363639
:2047C000363636363636363636363636363636363636363636363636363636363636363619
:2047E0003636363636363636363636363636363636363636363636363636363636363636F9
:204800003636363636363636363636363636363636363636363636363636363636363636D8
:204820003636363636363636363636363636363636363636363636363636363636363636B8
:20484000363636363636363636363636363636363636363636363636363636363636363698
:20486000363636363636363636363636363636363636363636363636363636363636363678
:20488000363636363636363636363636363636363636363636363636363636363636363658
:2048A000363636363636363636363636363636363636363636363636363636363636363638
:2048C000363636363636363636363636363636363636363636363636363636363636363618
:2048E0003636363636363636363636363636363636363636363636363636363636363636F8
:204900003636363636363636363636363636363636363636363636363636363636363636D7
:204920003636363636363636363636363636363636363636363636363636363636363636B7
:20494000363636363636363636363636363636363636363636363636363636363636363697
:20496000363636363636363636363636363636363636363636363636363636363636363677
:20498000363636363636363636363636363636363636363636363636363636363636363657
:2049A000363636363636363636363636363636363636363636363636363636363636363637
:2049C000363636363636363636363636363636363636363636363636363636363636363617
:2049E0003636363636363636363636363636363636363636363636363636363636363636F7
:204A00003636363636363636363636363636363636363636363636363636363636363636D6
:204A20003636363636363636363636363636363636363636363636363636363636363636B6
:204A4000363636363636363636363636363636363636363636363636363636363636363696
:204A6000363636363636363636363636363636363636363636363636363636363636363676
:204A8000363636363636363636363636363636363636363636363636363636363636363656
:204AA000363636363636363636363636363636363636363636363636363636363636363636
:204AC000363636363636363636363636363636363636363636363636363636363636363616
:204AE0003636363636363636363636363636363636363636363636363636363636363636F6
:204B00003636363636363636363636363636363636363636363636363636363636363636D5
:204B20003636363636363636363636363636363636363636363636363636363636363636B5
:204B4000363636363636363636363636363636363636363636363636363636363636363695
:204B6000363636363636363636363636363636363636363636363636363636363636363675
:204B8000363636363636363636363636363636363636363636363636363636363636363655
:204BA000363636363636363636363636363636363636363636363636363636363636363635
:204BC000363636363636363636363636363636363636363636363636363636363636363615
:204BE0003636363636363636363636363636363636363636363636363636363636363636F5
:204C00003636363636363636363636363636363636363636363636363636363636363636D4
:204C20003636363636363636363636363636363636363636363636363636363636363636B4
:204C4000363636363636363636363636363636363636363636363636363636363636363694
:204C6000363636363636363636363636363636363636363636363636363636363636363674
:204C8000363636363636363636363636363636363636363636363636363636363636363654
:204CA000363636363636363636363636363636363636363636363636363636363636363634
:204CC000363636363636363636363636363636363636363636363636363636363636363614
:204CE0003636363636363636363636363636363636363636363636363636363636363636F4
:204D00003636363636363636363636363636363636363636363636363636363636363636D3
:204D20003636363636363636363636363636363636363636363636363636363636363636B3
:204D4000363636363636363636363636363636363636363636363636363636363636363693
:204D6000363636363636363636363636363636363636363636363636363636363636363673
:204D8000363636363636363636363636363636363636363636363636363636363636363653
:204DA000363636363636363636363636363636363636363636363636363636363636363633
:204DC000363636363636363636363636363636363636363636363636363636363636363613
:204DE0003636363636363636363636363636363636363636363636363636363636363636F3
:204E00003636363636363636363636363636363636363636363636363636363636363636D2
:204E20003636363636363636363636363636363636363636363636363636363636363636B2
:204E4000363636363636363636363636363636363636363636363636363636363636363692
:204E6000363636363636363636363636363636363636363636363636363636363636363672
:204E8000363636363636363636363636363636363636363636363636363636363636363652
:204EA000363636363636363636363636363636363636363636363636363636363636363632
:204EC000363636363636363636363636363636363636363636363636363636363636363612
:204EE0003636363636363636363636363636363636363636363636363636363636363636F2
:204F00003636363636363636363636363636363636363636363636363636363636363636D1
:204F20003636363636363636363636363636363636363636363636363636363636363636B1
:204F4000363636363636363636363636363636363636363636363636363636363636363691
:204F6000363636363636363636363636363636363636363636363636363636363636363671
:204F8000363636363636363636363636363636363636363636363636363636363636363651
:204FA000363636363636363636363636363636363636363636363636363636363636363631
:204FC000363636363636363636363636363636363636363636363636363636363636363611
:204FE0003636363636363636363636363636363636363636363636363636363636363636F1
:205000003636363636363636363636363636363636363636363636363636363636363636D0
:205020003636363636363636363636363636363636363636363636363636363636363636B0
:20504000363636363636363636363636363636363636363636363636363636363636363690
:20506000363636363636363636363636363636363636363636363636363636363636363670
:20508000363636363636363636363636363636363636363636363636363636363636363650
:2050A000363636363636363636363636363636363636363636363636363636363636363630
:2050C000363636363636363636363636363636363636363636363636363636363636363610
:2050E0003636363636363636363636363636363636363636363636363636363636363636F0
:205100003636363636363636363636363636363636363636363636363636363636363636CF
:205120003636363636363636363636363636363636363636363636363636363636363636AF
:2051400036363636363636363636363636363636363636363636363636363636363636368F
:2051600036363636363636363636363636363636363636363636363636363636363636366F
:2051800036363636363636363636363636363636363636363636363636363636363636364F
:2051A00036363636363636363636363636363636363636363636363636363636363636362F
:2051C00036363636363636363636363636363636363636363636363636363636363636360F
:2051E0003636363636363636363636363636363636363636363636363636363636363636EF
:205200003636363636363636363636363636363636363636363636363636363636363636CE
:205220003636363636363636363636363636363636363636363636363636363636363636AE
:2052400036363636363636363636363636363636363636363636363636363636363636368E
:2052600036363636363636363636363636363636363636363636363636363636363636366E
:2052800036363636363636363636363636363636363636363636363636363636363636364E
:2052A00036363636363636363636363636363636363636363636363636363636363636362E
:2052C00036363636363636363636363636363636363636363636363636363636363636360E
:2052E0003636363636363636363636363636363636363636363636363636363636363636EE
:205300003636363636363636363636363636363636363636363636363636363636363636CD
:205320003636363636363636363636363636363636363636363636363636363636363636AD
:2053400036363636363636363636363636363636363636363636363636363636363636368D
:2053600036363636363636363636363636363636363636363636363636363636363636366D
:2053800036363636363636363636363636363636363636363636363636363636363636364D
:2053A00036363636363636363636363636363636363636363636363636363636363636362D
:2053C00036363636363636363636363636363636363636363636363636363636363636360D
:2053E0003636363636363636363636363636363636363636363636363636363636363636ED
:205400003636363636363636363636363636363636363636363636363636363636363636CC
:205420003636363636363636363636363636363636363636363636363636363636363636AC
:2054400036363636363636363636363636363636363636363636363636363636363636368C
:2054600036363636363636363636363636363636363636363636363636363636363636366C
:2054800036363636363636363636363636363636363636363636363636363636363636364C
:2054A00036363636363636363636363636363636363636363636363636363636363636362C
:2054C00036363636363636363636363636363636363636363636363636363636363636360C
:2054E0003636363636363636363636363636363636363636363636363636363636363636EC
:205500003636363636363636363636363636363636363636363636363636363636363636CB
:205520003636363636363636363636363636363636363636363636363636363636363636AB
:2055400036363636363636363636363636363636363636363636363636363636363636368B
:2055600036363636363636363636363636363636363636363636363636363636363636366B
:2055800036363636363636363636363636363636363636363636363636363636363636364B
:2055A00036363636363636363636363636363636363636363636363636363636363636362B
:2055C00036363636363636363636363636363636363636363636363636363636363636360B
:2055E0003636363636363636363636363636363636363636363636363636363636363636EB
:205600003636363636363636363636363636363636363636363636363636363636363636CA
:205620003636363636363636363636363636363636363636363636363636363636363636AA
:2056400036363636363636363636363636363636363636363636363636363636363636368A
:2056600036363636363636363636363636363636363636363636363636363636363636366A
:2056800036363636363636363636363636363636363636363636363636363636363636364A
:2056A00036363636363636363636363636363636363636363636363636363636363636362A
:2056C00036363636363636363636363636363636363636363636363636363636363636360A
:2056E0003636363636363636363636363636363636363636363636363636363636363636EA
:205700003636363636363636363636363636363636363636363636363636363636363636C9
:205720003636363636363636363636363636363636363636363636363636363636363636A9
:20574000363636363636363636363636363636363636363636363636363636363636363689
:20576000363636363636363636363636363636363636363636363636363636363636363669
:20578000363636363636363636363636363636363636363636363636363636363636363649
:2057A000363636363636363636363636363636363636363636363636363636363636363629
:2057C000363636363636363636363636363636363636363636363636363636363636363609
:2057E0003636363636363636363636363636363636363636363636363636363636363636E9
:205800003636363636363636363636363636363636363636363636363636363636363636C8
:205820003636363636363636363636363636363636363636363636363636363636363636A8
:20584000363636363636363636363636363636363636363636363636363636363636363688
:20586000363636363636363636363636363636363636363636363636363636363636363668
:20588000363636363636363636363636363636363636363636363636363636363636363648
:2058A000363636363636363636363636363636363636363636363636363636363636363628
:2058C000363636363636363636363636363636363636363636363636363636363636363608
:2058E0003636363636363636363636363636363636363636363636363636363636363636E8
:205900003636363636363636363636363636363636363636363636363636363636363636C7
:205920003636363636363636363636363636363636363636363636363636363636363636A7
:20594000363636363636363636363636363636363636363636363636363636363636363687
:20596000363636363636363636363636363636363636363636363636363636363636363667
:20598000363636363636363636363636363636363636363636363636363636363636363647
:2059A000363636363636363636363636363636363636363636363636363636363636363627
:2059C000363636363636363636363636363636363636363636363636363636363636363607
:2059E0003636363636363636363636363636363636363636363636363636363636363636E7
:205A00003636363636363636363636363636363636363636363636363636363636363636C6
:205A20003636363636363636363636363636363636363636363636363636363636363636A6
:205A4000363636363636363636363636363636363636363636363636363636363636363686
:205A6000363636363636363636363636363636363636363636363636363636363636363666
:205A8000363636363636363636363636363636363636363636363636363636363636363646
:205AA000363636363636363636363636363636363636363636363636363636363636363626
:205AC000363636363636363636363636363636363636363636363636363636363636363606
:205AE0003636363636363636363636363636363636363636363636363636363636363636E6
:205B00003636363636363636363636363636363636363636363636363636363636363636C5
:205B20003636363636363636363636363636363636363636363636363636363636363636A5
:205B4000363636363636363636363636363636363636363636363636363636363636363685
:205B6000363636363636363636363636363636363636363636363636363636363636363665
:205B8000363636363636363636363636363636363636363636363636363636363636363645
:205BA000363636363636363636363636363636363636363636363636363636363636363625
:205BC000363636363636363636363636363636363636363636363636363636363636363605
:205BE0003636363636363636363636363636363636363636363636363636363636363636E5
:205C00003636363636363636363636363636363636363636363636363636363636363636C4
:205C20003636363636363636363636363636363636363636363636363636363636363636A4
:205C4000363636363636363636363636363636363636363636363636363636363636363684
:205C6000363636363636363636363636363636363636363636363636363636363636363664
:205C8000363636363636363636363636363636363636363636363636363636363636363644
:205CA000363636363636363636363636363636363636363636363636363636363636363624
:205CC000363636363636363636363636363636363636363636363636363636363636363604
:205CE0003636363636363636363636363636363636363636363636363636363636363636E4
:205D00003636363636363636363636363636363636363636363636363636363636363636C3
:205D20003636363636363636363636363636363636363636363636363636363636363636A3
:205D4000363636363636363636363636363636363636363636363636363636363636363683
:205D6000363636363636363636363636363636363636363636363636363636363636363663
:205D8000363636363636363636363636363636363636363636363636363636363636363643
:205DA000363636363636363636363636363636363636363636363636363636363636363623
:205DC000363636363636363636363636363636363636363636363636363636363636363603
:205DE0003636363636363636363636363636363636363636363636363636363636363636E3
:205E00003636363636363636363636363636363636363636363636363636363636363636C2
:205E20003636363636363636363636363636363636363636363636363636363636363636A2
:205E4000363636363636363636363636363636363636363636363636363636363636363682
:205E6000363636363636363636363636363636363636363636363636363636363636363662
:205E8000363636363636363636363636363636363636363636363636363636363636363642
:205EA000363636363636363636363636363636363636363636363636363636363636363622
:205EC000363636363636363636363636363636363636363636363636363636363636363602
:205EE0003636363636363636363636363636363636363636363636363636363636363636E2
:205F00003636363636363636363636363636363636363636363636363636363636363636C1
:205F20003636363636363636363636363636363636363636363636363636363636363636A1
:205F4000363636363636363636363636363636363636363636363636363636363636363681
:205F6000363636363636363636363636363636363636363636363636363636363636363661
:205F8000363636363636363636363636363636363636363636363636363636363636363641
:205FA000363636363636363636363636363636363636363636363636363636363636363621
:205FC000363636363636363636363636363636363636363636363636363636363636363601
:205FE0003636363636363636363636363636363636363636363636363636363636363636E1
:206000003636363636363636363636363636363636363636363636363636363636363636C0
:206020003636363636363636363636363636363636363636363636363636363636363636A0
:20604000363636363636363636363636363636363636363636363636363636363636363680
:20606000363636363636363636363636363636363636363636363636363636363636363660
:20608000363636363636363636363636363636363636363636363636363636363636363640
:2060A000363636363636363636363636363636363636363636363636363636363636363620
:2060C000363636363636363636363636363636363636363636363636363636363636363600
:2060E0003636363636363636363636363636363636363636363636363636363636363636E0
:206100003636363636363636363636363636363636363636363636363636363636363636BF
:2061200036363636363636363636363636363636363636363636363636363636363636369F
:2061400036363636363636363636363636363636363636363636363636363636363636367F
:2061600036363636363636363636363636363636363636363636363636363636363636365F
:2061800036363636363636363636363636363636363636363636363636363636363636363F
:2061A00036363636363636363636363636363636363636363636363636363636363636361F
:2061C0003636363636363636363636363636363636363636363636363636363636363636FF
:2061E0003636363636363636363636363636363636363636363636363636363636363636DF
:206200003636363636363636363636363636363636363636363636363636363636363636BE
:2062200036363636363636363636363636363636363636363636363636363636363636369E
:2062400036363636363636363636363636363636363636363636363636363636363636367E
:2062600036363636363636363636363636363636363636363636363636363636363636365E
:2062800036363636363636363636363636363636363636363636363636363636363636363E
:2062A00036363636363636363636363636363636363636363636363636363636363636361E
:2062C0003636363636363636363636363636363636363636363636363636363636363636FE
:2062E0003636363636363636363636363636363636363636363636363636363636363636DE
:206300003636363636363636363636363636363636363636363636363636363636363636BD
:2063200036363636363636363636363636363636363636363636363636363636363636369D
:2063400036363636363636363636363636363636363636363636363636363636363636367D
:2063600036363636363636363636363636363636363636363636363636363636363636365D
:2063800036363636363636363636363636363636363636363636363636363636363636363D
:2063A00036363636363636363636363636363636363636363636363636363636363636361D
:2063C0003636363636363636363636363636363636363636363636363636363636363636FD
:2063E0003636363636363636363636363636363636363636363636363636363636363636DD
:206400003636363636363636363636363636363636363636363636363636363636363636BC
:2064200036363636363636363636363636363636363636363636363636363636363636369C
:2064400036363636363636363636363636363636363636363636363636363636363636367C
:2064600036363636363636363636363636363636363636363636363636363636363636365C
:2064800036363636363636363636363636363636363636363636363636363636363636363C
:2064A00036363636363636363636363636363636363636363636363636363636363636361C
:2064C0003636363636363636363636363636363636363636363636363636363636363636FC
:2064E0003636363636363636363636363636363636363636363636363636363636363636DC
:206500003636363636363636363636363636363636363636363636363636363636363636BB
:2065200036363636363636363636363636363636363636363636363636363636363636369B
:2065400036363636363636363636363636363636363636363636363636363636363636367B
:2065600036363636363636363636363636363636363636363636363636363636363636365B
:2065800036363636363636363636363636363636363636363636363636363636363636363B
:2065A00036363636363636363636363636363636363636363636363636363636363636361B
:2065C0003636363636363636363636363636363636363636363636363636363636363636FB
:2065E0003636363636363636363636363636363636363636363636363636363636363636DB
:206600003636363636363636363636363636363636363636363636363636363636363636BA
:2066200036363636363636363636363636363636363636363636363636363636363636369A
:2066400036363636363636363636363636363636363636363636363636363636363636367A
:2066600036363636363636363636363636363636363636363636363636363636363636365A
:2066800036363636363636363636363636363636363636363636363636363636363636363A
:2066A00036363636363636363636363636363636363636363636363636363636363636361A
:2066C0003636363636363636363636363636363636363636363636363636363636363636FA
:2066E0003636363636363636363636363636363636363636363636363636363636363636DA
:206700003636363636363636363636363636363636363636363636363636363636363636B9
:20672000363636363636363636363636363636363636363636363636363636363636363699
:20674000363636363636363636363636363636363636363636363636363636363636363679
:20676000363636363636363636363636363636363636363636363636363636363636363659
:20678000363636363636363636363636363636363636363636363636363636363636363639
:2067A000363636363636363636363636363636363636363636363636363636363636363619
:2067C0003636363636363636363636363636363636363636363636363636363636363636F9
:2067E0003636363636363636363636363636363636363636363636363636363636363636D9
:206800003636363636363636363636363636363636363636363636363636363636363636B8
:20682000363636363636363636363636363636363636363636363636363636363636363698
:20684000363636363636363636363636363636363636363636363636363636363636363678
:20686000363636363636363636363636363636363636363636363636363636363636363658
:20688000363636363636363636363636363636363636363636363636363636363636363638
:2068A000363636363636363636363636363636363636363636363636363636363636363618
:2068C0003636363636363636363636363636363636363636363636363636363636363636F8
:2068E0003636363636363636363636363636363636363636363636363636363636363636D8
:206900003636363636363636363636363636363636363636363636363636363636363636B7
:20692000363636363636363636363636363636363636363636363636363636363636363697
:20694000363636363636363636363636363636363636363636363636363636363636363677
:20696000363636363636363636363636363636363636363636363636363636363636363657
:20698000363636363636363636363636363636363636363636363636363636363636363637
:2069A000363636363636363636363636363636363636363636363636363636363636363617
:2069C0003636363636363636363636363636363636363636363636363636363636363636F7
:2069E0003636363636363636363636363636363636363636363636363636363636363636D7
:206A00003636363636363636363636363636363636363636363636363636363636363636B6
:206A2000363636363636363636363636363636363636363636363636363636363636363696
:206A4000363636363636363636363636363636363636363636363636363636363636363676
:206A6000363636363636363636363636363636363636363636363636363636363636363656
:206A8000363636363636363636363636363636363636363636363636363636363636363636
:206AA000363636363636363636363636363636363636363636363636363636363636363616
:206AC0003636363636363636363636363636363636363636363636363636363636363636F6
:206AE0003636363636363636363636363636363636363636363636363636363636363636D6
:206B00003636363636363636363636363636363636363636363636363636363636363636B5
:206B2000363636363636363636363636363636363636363636363636363636363636363695
:206B4000363636363636363636363636363636363636363636363636363636363636363675
:206B6000363636363636363636363636363636363636363636363636363636363636363655
:206B8000363636363636363636363636363636363636363636363636363636363636363635
:206BA000363636363636363636363636363636363636363636363636363636363636363615
:206BC0003636363636363636363636363636363636363636363636363636363636363636F5
:206BE0003636363636363636363636363636363636363636363636363636363636363636D5
:206C00003636363636363636363636363636363636363636363636363636363636363636B4
:206C2000363636363636363636363636363636363636363636363636363636363636363694
:206C4000363636363636363636363636363636363636363636363636363636363636363674
:206C6000363636363636363636363636363636363636363636363636363636363636363654
:206C8000363636363636363636363636363636363636363636363636363636363636363634
:206CA000363636363636363636363636363636363636363636363636363636363636363614
:206CC0003636363636363636363636363636363636363636363636363636363636363636F4
:206CE0003636363636363636363636363636363636363636363636363636363636363636D4
:206D00003636363636363636363636363636363636363636363636363636363636363636B3
:206D2000363636363636363636363636363636363636363636363636363636363636363693
:206D4000363636363636363636363636363636363636363636363636363636363636363673
:206D6000363636363636363636363636363636363636363636363636363636363636363653
:206D8000363636363636363636363636363636363636363636363636363636363636363633
:206DA000363636363636363636363636363636363636363636363636363636363636363613
:206DC0003636363636363636363636363636363636363636363636363636363636363636F3
:206DE0003636363636363636363636363636363636363636363636363636363636363636D3
:206E00003636363636363636363636363636363636363636363636363636363636363636B2
:206E2000363636363636363636363636363636363636363636363636363636363636363692
:206E4000363636363636363636363636363636363636363636363636363636363636363672
:206E6000363636363636363636363636363636363636363636363636363636363636363652
:206E8000363636363636363636363636363636363636363636363636363636363636363632
:206EA000363636363636363636363636363636363636363636363636363636363636363612
:206EC0003636363636363636363636363636363636363636363636363636363636363636F2
:206EE0003636363636363636363636363636363636363636363636363636363636363636D2
:206F00003636363636363636363636363636363636363636363636363636363636363636B1
:206F2000363636363636363636363636363636363636363636363636363636363636363691
:206F4000363636363636363636363636363636363636363636363636363636363636363671
:206F6000363636363636363636363636363636363636363636363636363636363636363651
:206F8000363636363636363636363636363636363636363636363636363636363636363631
:206FA000363636363636363636363636363636363636363636363636363636363636363611
:206FC0003636363636363636363636363636363636363636363636363636363636363636F1
:206FE0003636363636363636363636363636363636363636363636363636363636363636D1
:207000003636363636363636363636363636363636363636363636363636363636363636B0
:20702000363636363636363636363636363636363636363636363636363636363636363690
:20704000363636363636363636363636363636363636363636363636363636363636363670
:20706000363636363636363636363636363636363636363636363636363636363636363650
:20708000363636363636363636363636363636363636363636363636363636363636363630
:2070A000363636363636363636363636363636363636363636363636363636363636363610
:2070C0003636363636363636363636363636363636363636363636363636363636363636F0
:2070E0003636363636363636363636363636363636363636363636363636363636363636D0
:207100003636363636363636363636363636363636363636363636363636363636363636AF
:2071200036363636363636363636363636363636363636363636363636363636363636368F
:2071400036363636363636363636363636363636363636363636363636363636363636366F
:2071600036363636363636363636363636363636363636363636363636363636363636364F
:2071800036363636363636363636363636363636363636363636363636363636363636362F
:2071A00036363636363636363636363636363636363636363636363636363636363636360F
:2071C0003636363636363636363636363636363636363636363636363636363636363636EF
:2071E0003636363636363636363636363636363636363636363636363636363636363636CF
:207200003636363636363636363636363636363636363636363636363636363636363636AE
:2072200036363636363636363636363636363636363636363636363636363636363636368E
:2072400036363636363636363636363636363636363636363636363636363636363636366E
:2072600036363636363636363636363636363636363636363636363636363636363636364E
:2072800036363636363636363636363636363636363636363636363636363636363636362E
:2072A00036363636363636363636363636363636363636363636363636363636363636360E
:2072C0003636363636363636363636363636363636363636363636363636363636363636EE
:2072E0003636363636363636363636363636363636363636363636363636363636363636CE
:207300003636363636363636363636363636363636363636363636363636363636363636AD
:2073200036363636363636363636363636363636363636363636363636363636363636368D
:2073400036363636363636363636363636363636363636363636363636363636363636366D
:2073600036363636363636363636363636363636363636363636363636363636363636364D
:2073800036363636363636363636363636363636363636363636363636363636363636362D
:2073A00036363636363636363636363636363636363636363636363636363636363636360D
:2073C0003636363636363636363636363636363636363636363636363636363636363636ED
:2073E0003636363636363636363636363636363636363636363636363636363636363636CD
:207400003636363636363636363636363636363636363636363636363636363636363636AC
:2074200036363636363636363636363636363636363636363636363636363636363636368C
:2074400036363636363636363636363636363636363636363636363636363636363636366C
:2074600036363636363636363636363636363636363636363636363636363636363636364C
:2074800036363636363636363636363636363636363636363636363636363636363636362C
:2074A00036363636363636363636363636363636363636363636363636363636363636360C
:2074C0003636363636363636363636363636363636363636363636363636363636363636EC
:2074E0003636363636363636363636363636363636363636363636363636363636363636CC
:207500003636363636363636363636363636363636363636363636363636363636363636AB
:2075200036363636363636363636363636363636363636363636363636363636363636368B
:2075400036363636363636363636363636363636363636363636363636363636363636366B
:2075600036363636363636363636363636363636363636363636363636363636363636364B
:2075800036363636363636363636363636363636363636363636363636363636363636362B
:2075A00036363636363636363636363636363636363636363636363636363636363636360B
:2075C0003636363636363636363636363636363636363636363636363636363636363636EB
:2075E0003636363636363636363636363636363636363636363636363636363636363636CB
:207600003636363636363636363636363636363636363636363636363636363636363636AA
:2076200036363636363636363636363636363636363636363636363636363636363636368A
:2076400036363636363636363636363636363636363636363636363636363636363636366A
:2076600036363636363636363636363636363636363636363636363636363636363636364A
:2076800036363636363636363636363636363636363636363636363636363636363636362A
:2076A00036363636363636363636363636363636363636363636363636363636363636360A
:2076C0003636363636363636363636363636363636363636363636363636363636363636EA
:2076E0003636363636363636363636363636363636363636363636363636363636363636CA
:207700003636363636363636363636363636363636363636363636363636363636363636A9
:20772000363636363636363636363636363636363636363636363636363636363636363689
:20774000363636363636363636363636363636363636363636363636363636363636363669
:20776000363636363636363636363636363636363636363636363636363636363636363649
:20778000363636363636363636363636363636363636363636363636363636363636363629
:2077A000363636363636363636363636363636363636363636363636363636363636363609
:2077C0003636363636363636363636363636363636363636363636363636363636363636E9
:2077E0003636363636363636363636363636363636363636363636363636363636363636C9
:207800003636363636363636363636363636363636363636363636363636363636363636A8
:20782000363636363636363636363636363636363636363636363636363636363636363688
:20784000363636363636363636363636363636363636363636363636363636363636363668
:20786000363636363636363636363636363636363636363636363636363636363636363648
:20788000363636363636363636363636363636363636363636363636363636363636363628
:2078A000363636363636363636363636363636363636363636363636363636363636363608
:2078C0003636363636363636363636363636363636363636363636363636363636363636E8
:2078E0003636363636363636363636363636363636363636363636363636363636363636C8
:207900003636363636363636363636363636363636363636363636363636363636363636A7
:20792000363636363636363636363636363636363636363636363636363636363636363687
:20794000363636363636363636363636363636363636363636363636363636363636363667
:20796000363636363636363636363636363636363636363636363636363636363636363647
:20798000363636363636363636363636363636363636363636363636363636363636363627
:2079A000363636363636363636363636363636363636363636363636363636363636363607
:2079C0003636363636363636363636363636363636363636363636363636363636363636E7
:2079E0003636363636363636363636363636363636363636363636363636363636363636C7
:207A00003636363636363636363636363636363636363636363636363636363636363636A6
:207A2000363636363636363636363636363636363636363636363636363636363636363686
:207A4000363636363636363636363636363636363636363636363636363636363636363666
:207A6000363636363636363636363636363636363636363636363636363636363636363646
:207A8000363636363636363636363636363636363636363636363636363636363636363626
:207AA000363636363636363636363636363636363636363636363636363636363636363606
:207AC0003636363636363636363636363636363636363636363636363636363636363636E6
:207AE0003636363636363636363636363636363636363636363636363636363636363636C6
:207B00003636363636363636363636363636363636363636363636363636363636363636A5
:207B2000363636363636363636363636363636363636363636363636363636363636363685
:207B4000363636363636363636363636363636363636363636363636363636363636363665
:207B6000363636363636363636363636363636363636363636363636363636363636363645
:207B8000363636363636363636363636363636363636363636363636363636363636363625
:207BA000363636363636363636363636363636363636363636363636363636363636363605
:207BC0003636363636363636363636363636363636363636363636363636363636363636E5
:207BE0003636363636363636363636363636363636363636363636363636363636363636C5
:207C00003636363636363636363636363636363636363636363636363636363636363636A4
:207C2000363636363636363636363636363636363636363636363636363636363636363684
:207C4000363636363636363636363636363636363636363636363636363636363636363664
:207C6000363636363636363636363636363636363636363636363636363636363636363644
:207C8000363636363636363636363636363636363636363636363636363636363636363624
:207CA000363636363636363636363636363636363636363636363636363636363636363604
:207CC0003636363636363636363636363636363636363636363636363636363636363636E4
:207CE0003636363636363636363636363636363636363636363636363636363636363636C4
:207D00003636363636363636363636363636363636363636363636363636363636363636A3
:207D2000363636363636363636363636363636363636363636363636363636363636363683
:207D4000363636363636363636363636363636363636363636363636363636363636363663
:207D6000363636363636363636363636363636363636363636363636363636363636363643
:207D8000363636363636363636363636363636363636363636363636363636363636363623
:207DA000363636363636363636363636363636363636363636363636363636363636363603
:207DC0003636363636363636363636363636363636363636363636363636363636363636E3
:207DE0003636363636363636363636363636363636363636363636363636363636363636C3
:207E00003636363636363636363636363636363636363636363636363636363636363636A2
:207E2000363636363636363636363636363636363636363636363636363636363636363682
:207E4000363636363636363636363636363636363636363636363636363636363636363662
:207E6000363636363636363636363636363636363636363636363636363636363636363642
:207E8000363636363636363636363636363636363636363636363636363636363636363622
:207EA000363636363636363636363636363636363636363636363636363636363636363602
:207EC0003636363636363636363636363636363636363636363636363636363636363636E2
:207EE0003636363636363636363636363636363636363636363636363636363636363636C2
:207F00003636363636363636363636363636363636363636363636363636363636363636A1
:207F2000363636363636363636363636363636363636363636363636363636363636363681
:207F4000363636363636363636363636363636363636363636363636363636363636363661
:207F6000363636363636363636363636363636363636363636363636363636363636363641
:207F8000363636363636363636363636363636363636363636363636363636363636363621
:207FA000363636363636363636363636363636363636363636363636363636363636363601
:207FC0003636363636363636363636363636363636363636363636363636363636363636E1
:207FE0003636363636363636363636363636363636363636363636363636363636363636C1
:208000003636363636363636363636363636363636363636363636363636363636363636A0
:20802000363636363636363636363636363636363636363636363636363636363636363680
:20804000363636363636363636363636363636363636363636363636363636363636363660
:20806000363636363636363636363636363636363636363636363636363636363636363640
:20808000363636363636363636363636363636363636363636363636363636363636363620
:2080A000363636363636363636363636363636363636363636363636363636363636363600
:2080C0003636363636363636363636363636363636363636363636363636363636363636E0
:2080E0003636363636363636363636363636363636363636363636363636363636363636C0
:2081000036363636363636363636363636363636363636363636363636363636363636369F
:2081200036363636363636363636363636363636363636363636363636363636363636367F
:2081400036363636363636363636363636363636363636363636363636363636363636365F
:2081600036363636363636363636363636363636363636363636363636363636363636363F
:2081800036363636363636363636363636363636363636363636363636363636363636361F
:2081A0003636363636363636363636363636363636363636363636363636363636363636FF
:2081C0003636363636363636363636363636363636363636363636363636363636363636DF
:2081E0003636363636363636363636363636363636363636363636363636363636363636BF
:2082000036363636363636363636363636363636363636363636363636363636363636369E
:2082200036363636363636363636363636363636363636363636363636363636363636367E
:2082400036363636363636363636363636363636363636363636363636363636363636365E
:2082600036363636363636363636363636363636363636363636363636363636363636363E
:2082800036363636363636363636363636363636363636363636363636363636363636361E
:2082A0003636363636363636363636363636363636363636363636363636363636363636FE
:2082C0003636363636363636363636363636363636363636363636363636363636363636DE
:2082E0003636363636363636363636363636363636363636363636363636363636363636BE
:2083000036363636363636363636363636363636363636363636363636363636363636369D
:2083200036363636363636363636363636363636363636363636363636363636363636367D
:2083400036363636363636363636363636363636363636363636363636363636363636365D
:2083600036363636363636363636363636363636363636363636363636363636363636363D
:2083800036363636363636363636363636363636363636363636363636363636363636361D
:2083A0003636363636363636363636363636363636363636363636363636363636363636FD
:2083C0003636363636363636363636363636363636363636363636363636363636363636DD
:2083E0003636363636363636363636363636363636363636363636363636363636363636BD
:2084000036363636363636363636363636363636363636363636363636363636363636369C
:2084200036363636363636363636363636363636363636363636363636363636363636367C
:2084400036363636363636363636363636363636363636363636363636363636363636365C
:2084600036363636363636363636363636363636363636363636363636363636363636363C
:2084800036363636363636363636363636363636363636363636363636363636363636361C
:2084A0003636363636363636363636363636363636363636363636363636363636363636FC
:2084C0003636363636363636363636363636363636363636363636363636363636363636DC
:2084E0003636363636363636363636363636363636363636363636363636363636363636BC
:2085000036363636363636363636363636363636363636363636363636363636363636369B
:2085200036363636363636363636363636363636363636363636363636363636363636367B
:2085400036363636363636363636363636363636363636363636363636363636363636365B
:2085600036363636363636363636363636363636363636363636363636363636363636363B
:2085800036363636363636363636363636363636363636363636363636363636363636361B
:2085A0003636363636363636363636363636363636363636363636363636363636363636FB
:2085C0003636363636363636363636363636363636363636363636363636363636363636DB
:2085E0003636363636363636363636363636363636363636363636363636363636363636BB
:2086000036363636363636363636363636363636363636363636363636363636363636369A
:2086200036363636363636363636363636363636363636363636363636363636363636367A
:2086400036363636363636363636363636363636363636363636363636363636363636365A
:2086600036363636363636363636363636363636363636363636363636363636363636363A
:2086800036363636363636363636363636363636363636363636363636363636363636361A
:2086A0003636363636363636363636363636363636363636363636363636363636363636FA
:2086C0003636363636363636363636363636363636363636363636363636363636363636DA
:2086E0003636363636363636363636363636363636363636363636363636363636363636BA
:20870000363636363636363636363636363636363636363636363636363636363636363699
:20872000363636363636363636363636363636363636363636363636363636363636363679
:20874000363636363636363636363636363636363636363636363636363636363636363659
:20876000363636363636363636363636363636363636363636363636363636363636363639
:20878000363636363636363636363636363636363636363636363636363636363636363619
:2087A0003636363636363636363636363636363636363636363636363636363636363636F9
:2087C0003636363636363636363636363636363636363636363636363636363636363636D9
:2087E0003636363636363636363636363636363636363636363636363636363636363636B9
:20880000363636363636363636363636363636363636363636363636363636363636363698
:20882000363636363636363636363636363636363636363636363636363636363636363678
:20884000363636363636363636363636363636363636363636363636363636363636363658
:20886000363636363636363636363636363636363636363636363636363636363636363638
:20888000363636363636363636363636363636363636363636363636363636363636363618
:2088A0003636363636363636363636363636363636363636363636363636363636363636F8
:2088C0003636363636363636363636363636363636363636363636363636363636363636D8
:2088E0003636363636363636363636363636363636363636363636363636363636363636B8
:20890000363636363636363636363636363636363636363636363636363636363636363697
:20892000363636363636363636363636363636363636363636363636363636363636363677
:20894000363636363636363636363636363636363636363636363636363636363636363657
:20896000363636363636363636363636363636363636363636363636363636363636363637
:20898000363636363636363636363636363636363636363636363636363636363636363617
:2089A0003636363636363636363636363636363636363636363636363636363636363636F7
:2089C0003636363636363636363636363636363636363636363636363636363636363636D7
:2089E0003636363636363636363636363636363636363636363636363636363636363636B7
:208A0000363636363636363636363636363636363636363636363636363636363636363696
:208A2000363636363636363636363636363636363636363636363636363636363636363676
:208A4000363636363636363636363636363636363636363636363636363636363636363656
:208A6000363636363636363636363636363636363636363636363636363636363636363636
:208A8000363636363636363636363636363636363636363636363636363636363636363616
:208AA0003636363636363636363636363636363636363636363636363636363636363636F6
:208AC0003636363636363636363636363636363636363636363636363636363636363636D6
:208AE0003636363636363636363636363636363636363636363636363636363636363636B6
:208B0000363636363636363636363636363636363636363636363636363636363636363695
:208B2000363636363636363636363636363636363636363636363636363636363636363675
:208B4000363636363636363636363636363636363636363636363636363636363636363655
:208B6000363636363636363636363636363636363636363636363636363636363636363635
:208B8000363636363636363636363636363636363636363636363636363636363636363615
:208BA0003636363636363636363636363636363636363636363636363636363636363636F5
:208BC0003636363636363636363636363636363636363636363636363636363636363636D5
:208BE0003636363636363636363636363636363636363636363636363636363636363636B5
:208C0000363636363636363636363636363636363636363636363636363636363636363694
:208C2000363636363636363636363636363636363636363636363636363636363636363674
:208C4000363636363636363636363636363636363636363636363636363636363636363654
:208C6000363636363636363636363636363636363636363636363636363636363636363634
:208C8000363636363636363636363636363636363636363636363636363636363636363614
:208CA0003636363636363636363636363636363636363636363636363636363636363636F4
:208CC0003636363636363636363636363636363636363636363636363636363636363636D4
:208CE0003636363636363636363636363636363636363636363636363636363636363636B4
:208D0000363636363636363636363636363636363636363636363636363636363636363693
:208D2000363636363636363636363636363636363636363636363636363636363636363673
:208D4000363636363636363636363636363636363636363636363636363636363636363653
:208D6000363636363636363636363636363636363636363636363636363636363636363633
:208D8000363636363636363636363636363636363636363636363636363636363636363613
:208DA0003636363636363636363636363636363636363636363636363636363636363636F3
:208DC0003636363636363636363636363636363636363636363636363636363636363636D3
:208DE0003636363636363636363636363636363636363636363636363636363636363636B3
:208E0000363636363636363636363636363636363636363636363636363636363636363692
:208E2000363636363636363636363636363636363636363636363636363636363636363672
:208E4000363636363636363636363636363636363636363636363636363636363636363652
:208E6000363636363636363636363636363636363636363636363636363636363636363632
:208E8000363636363636363636363636363636363636363636363636363636363636363612
:208EA0003636363636363636363636363636363636363636363636363636363636363636F2
:208EC0003636363636363636363636363636363636363636363636363636363636363636D2
:208EE0003636363636363636363636363636363636363636363636363636363636363636B2
:208F0000363636363636363636363636363636363636363636363636363636363636363691
:208F2000363636363636363636363636363636363636363636363636363636363636363671
:208F4000363636363636363636363636363636363636363636363636363636363636363651
:208F6000363636363636363636363636363636363636363636363636363636363636363631
:208F8000363636363636363636363636363636363636363636363636363636363636363611
:208FA0003636363636363636363636363636363636363636363636363636363636363636F1
:208FC0003636363636363636363636363636363636363636363636363636363636363636D1
:208FE0003636363636363636363636363636363636363636363636363636363636363636B1
:20900000363636363636363636363636363636363636363636363636363636363636363690
:20902000363636363636363636363636363636363636363636363636363636363636363670
:20904000363636363636363636363636363636363636363636363636363636363636363650
:20906000363636363636363636363636363636363636363636363636363636363636363630
:20908000363636363636363636363636363636363636363636363636363636363636363610
:2090A0003636363636363636363636363636363636363636363636363636363636363636F0
:2090C0003636363636363636363636363636363636363636363636363636363636363636D0
:2090E0003636363636363636363636363636363636363636363636363636363636363636B0
:2091000036363636363636363636363636363636363636363636363636363636363636368F
:2091200036363636363636363636363636363636363636363636363636363636363636366F
:2091400036363636363636363636363636363636363636363636363636363636363636364F
:2091600036363636363636363636363636363636363636363636363636363636363636362F
:2091800036363636363636363636363636363636363636363636363636363636363636360F
:2091A0003636363636363636363636363636363636363636363636363636363636363636EF
:2091C0003636363636363636363636363636363636363636363636363636363636363636CF
:2091E0003636363636363636363636363636363636363636363636363636363636363636AF
:2092000036363636363636363636363636363636363636363636363636363636363636368E
:2092200036363636363636363636363636363636363636363636363636363636363636366E
:2092400036363636363636363636363636363636363636363636363636363636363636364E
:2092600036363636363636363636363636363636363636363636363636363636363636362E
:2092800036363636363636363636363636363636363636363636363636363636363636360E
:2092A0003636363636363636363636363636363636363636363636363636363636363636EE
:2092C0003636363636363636363636363636363636363636363636363636363636363636CE
:2092E0003636363636363636363636363636363636363636363636363636363636363636AE
:2093000036363636363636363636363636363636363636363636363636363636363636368D
:2093200036363636363636363636363636363636363636363636363636363636363636366D
:2093400036363636363636363636363636363636363636363636363636363636363636364D
:2093600036363636363636363636363636363636363636363636363636363636363636362D
:2093800036363636363636363636363636363636363636363636363636363636363636360D
:2093A0003636363636363636363636363636363636363636363636363636363636363636ED
:2093C0003636363636363636363636363636363636363636363636363636363636363636CD
:2093E0003636363636363636363636363636363636363636363636363636363636363636AD
:2094000036363636363636363636363636363636363636363636363636363636363636368C
:2094200036363636363636363636363636363636363636363636363636363636363636366C
:2094400036363636363636363636363636363636363636363636363636363636363636364C
:2094600036363636363636363636363636363636363636363636363636363636363636362C
:2094800036363636363636363636363636363636363636363636363636363636363636360C
:2094A0003636363636363636363636363636363636363636363636363636363636363636EC
:2094C0003636363636363636363636363636363636363636363636363636363636363636CC
:2094E0003636363636363636363636363636363636363636363636363636363636363636AC
:2095000036363636363636363636363636363636363636363636363636363636363636368B
:2095200036363636363636363636363636363636363636363636363636363636363636366B
:2095400036363636363636363636363636363636363636363636363636363636363636364B
:2095600036363636363636363636363636363636363636363636363636363636363636362B
:2095800036363636363636363636363636363636363636363636363636363636363636360B
:2095A0003636363636363636363636363636363636363636363636363636363636363636EB
:2095C0003636363636363636363636363636363636363636363636363636363636363636CB
:2095E0003636363636363636363636363636363636363636363636363636363636363636AB
:2096000036363636363636363636363636363636363636363636363636363636363636368A
:2096200036363636363636363636363636363636363636363636363636363636363636366A
:2096400036363636363636363636363636363636363636363636363636363636363636364A
:2096600036363636363636363636363636363636363636363636363636363636363636362A
:2096800036363636363636363636363636363636363636363636363636363636363636360A
:2096A0003636363636363636363636363636363636363636363636363636363636363636EA
:2096C0003636363636363636363636363636363636363636363636363636363636363636CA
:2096E0003636363636363636363636363636363636363636363636363636363636363636AA
:20970000363636363636363636363636363636363636363636363636363636363636363689
:20972000363636363636363636363636363636363636363636363636363636363636363669
:20974000363636363636363636363636363636363636363636363636363636363636363649
:20976000363636363636363636363636363636363636363636363636363636363636363629
:20978000363636363636363636363636363636363636363636363636363636363636363609
:2097A0003636363636363636363636363636363636363636363636363636363636363636E9
:2097C0003636363636363636363636363636363636363636363636363636363636363636C9
:2097E0003636363636363636363636363636363636363636363636363636363636363636A9
:20980000363636363636363636363636363636363636363636363636363636363636363688
:20982000363636363636363636363636363636363636363636363636363636363636363668
:20984000363636363636363636363636363636363636363636363636363636363636363648
:20986000363636363636363636363636363636363636363636363636363636363636363628
:20988000363636363636363636363636363636363636363636363636363636363636363608
:2098A0003636363636363636363636363636363636363636363636363636363636363636E8
:2098C0003636363636363636363636363636363636363636363636363636363636363636C8
:2098E0003636363636363636363636363636363636363636363636363636363636363636A8
:20990000363636363636363636363636363636363636363636363636363636363636363687
:20992000363636363636363636363636363636363636363636363636363636363636363667
:20994000363636363636363636363636363636363636363636363636363636363636363647
:20996000363636363636363636363636363636363636363636363636363636363636363627
:20998000363636363636363636363636363636363636363636363636363636363636363607
:2099A0003636363636363636363636363636363636363636363636363636363636363636E7
:2099C0003636363636363636363636363636363636363636363636363636363636363636C7
:2099E0003636363636363636363636363636363636363636363636363636363636363636A7
:209A0000363636363636363636363636363636363636363636363636363636363636363686
:209A2000363636363636363636363636363636363636363636363636363636363636363666
:209A4000363636363636363636363636363636363636363636363636363636363636363646
:209A6000363636363636363636363636363636363636363636363636363636363636363626
:209A8000363636363636363636363636363636363636363636363636363636363636363606
:209AA0003636363636363636363636363636363636363636363636363636363636363636E6
:209AC0003636363636363636363636363636363636363636363636363636363636363636C6
:209AE0003636363636363636363636363636363636363636363636363636363636363636A6
:209B0000363636363636363636363636363636363636363636363636363636363636363685
:209B2000363636363636363636363636363636363636363636363636363636363636363665
:209B4000363636363636363636363636363636363636363636363636363636363636363645
:209B6000363636363636363636363636363636363636363636363636363636363636363625
:209B8000363636363636363636363636363636363636363636363636363636363636363605
:209BA0003636363636363636363636363636363636363636363636363636363636363636E5
:209BC0003636363636363636363636363636363636363636363636363636363636363636C5
:209BE0003636363636363636363636363636363636363636363636363636363636363636A5
:209C0000363636363636363636363636363636363636363636363636363636363636363684
:209C2000363636363636363636363636363636363636363636363636363636363636363664
:209C4000363636363636363636363636363636363636363636363636363636363636363644
:209C6000363636363636363636363636363636363636363636363636363636363636363624
:209C8000363636363636363636363636363636363636363636363636363636363636363604
:209CA0003636363636363636363636363636363636363636363636363636363636363636E4
:209CC0003636363636363636363636363636363636363636363636363636363636363636C4
:209CE0003636363636363636363636363636363636363636363636363636363636363636A4
:209D0000363636363636363636363636363636363636363636363636363636363636363683
:209D2000363636363636363636363636363636363636363636363636363636363636363663
:209D4000363636363636363636363636363636363636363636363636363636363636363643
:209D6000363636363636363636363636363636363636363636363636363636363636363623
:209D8000363636363636363636363636363636363636363636363636363636363636363603
:209DA0003636363636363636363636363636363636363636363636363636363636363636E3
:209DC0003636363636363636363636363636363636363636363636363636363636363636C3
:209DE0003636363636363636363636363636363636363636363636363636363636363636A3
:209E0000363636363636363636363636363636363636363636363636363636363636363682
:209E2000363636363636363636363636363636363636363636363636363636363636363662
:209E4000363636363636363636363636363636363636363636363636363636363636363642
:209E6000363636363636363636363636363636363636363636363636363636363636363622
:209E8000363636363636363636363636363636363636363636363636363636363636363602
:209EA0003636363636363636363636363636363636363636363636363636363636363636E2
:209EC0003636363636363636363636363636363636363636363636363636363636363636C2
:209EE0003636363636363636363636363636363636363636363636363636363636363636A2
:209F0000363636363636363636363636363636363636363636363636363636363636363681
:209F2000363636363636363636363636363636363636363636363636363636363636363661
:209F4000363636363636363636363636363636363636363636363636363636363636363641
:209F6000363636363636363636363636363636363636363636363636363636363636363621
:209F8000363636363636363636363636363636363636363636363636363636363636363601
:209FA0003636363636363636363636363636363636363636363636363636363636363636E1
:209FC0003636363636363636363636363636363636363636363636363636363636363636C1
:209FE0003636363636363636363636363636363636363636363636363636363636363636A1
:20A00000363636363636363636363636363636363636363636363636363636363636363680
:20A02000363636363636363636363636363636363636363636363636363636363636363660
:20A04000363636363636363636363636363636363636363636363636363636363636363640
:20A06000363636363636363636363636363636363636363636363636363636363636363620
:20A08000363636363636363636363636363636363636363636363636363636363636363600
:20A0A0003636363636363636363636363636363636363636363636363636363636363636E0
:20A0C0003636363636363636363636363636363636363636363636363636363636363636C0
:20A0E0003636363636363636363636363636363636363636363636363636363636363636A0
:20A1000036363636363636363636363636363636363636363636363636363636363636367F
:20A1200036363636363636363636363636363636363636363636363636363636363636365F
:20A1400036363636363636363636363636363636363636363636363636363636363636363F
:20A1600036363636363636363636363636363636363636363636363636363636363636361F
:20A180003636363636363636363636363636363636363636363636363636363636363636FF
:20A1A0003636363636363636363636363636363636363636363636363636363636363636DF
:20A1C0003636363636363636363636363636363636363636363636363636363636363636BF
:20A1E00036363636363636363636363636363636363636363636363636363636363636369F
:20A2000036363636363636363636363636363636363636363636363636363636363636367E
:20A2200036363636363636363636363636363636363636363636363636363636363636365E
:20A2400036363636363636363636363636363636363636363636363636363636363636363E
:20A2600036363636363636363636363636363636363636363636363636363636363636361E
:20A280003636363636363636363636363636363636363636363636363636363636363636FE
:20A2A0003636363636363636363636363636363636363636363636363636363636363636DE
:20A2C0003636363636363636363636363636363636363636363636363636363636363636BE
:20A2E00036363636363636363636363636363636363636363636363636363636363636369E
:20A3000036363636363636363636363636363636363636363636363636363636363636367D
:20A3200036363636363636363636363636363636363636363636363636363636363636365D
:20A3400036363636363636363636363636363636363636363636363636363636363636363D
:20A3600036363636363636363636363636363636363636363636363636363636363636361D
:20A380003636363636363636363636363636363636363636363636363636363636363636FD
:20A3A0003636363636363636363636363636363636363636363636363636363636363636DD
:20A3C0003636363636363636363636363636363636363636363636363636363636363636BD
:20A3E00036363636363636363636363636363636363636363636363636363636363636369D
:20A4000036363636363636363636363636363636363636363636363636363636363636367C
:20A4200036363636363636363636363636363636363636363636363636363636363636365C
:20A4400036363636363636363636363636363636363636363636363636363636363636363C
:20A4600036363636363636363636363636363636363636363636363636363636363636361C
:20A480003636363636363636363636363636363636363636363636363636363636363636FC
:20A4A0003636363636363636363636363636363636363636363636363636363636363636DC
:20A4C0003636363636363636363636363636363636363636363636363636363636363636BC
:20A4E00036363636363636363636363636363636363636363636363636363636363636369C
:20A5000036363636363636363636363636363636363636363636363636363636363636367B
:20A5200036363636363636363636363636363636363636363636363636363636363636365B
:20A5400036363636363636363636363636363636363636363636363636363636363636363B
:20A5600036363636363636363636363636363636363636363636363636363636363636361B
:20A580003636363636363636363636363636363636363636363636363636363636363636FB
:20A5A0003636363636363636363636363636363636363636363636363636363636363636DB
:20A5C0003636363636363636363636363636363636363636363636363636363636363636BB
:20A5E00036363636363636363636363636363636363636363636363636363636363636369B
:20A6000036363636363636363636363636363636363636363636363636363636363636367A
:20A6200036363636363636363636363636363636363636363636363636363636363636365A
:20A6400036363636363636363636363636363636363636363636363636363636363636363A
:20A6600036363636363636363636363636363636363636363636363636363636363636361A
:20A680003636363636363636363636363636363636363636363636363636363636363636FA
:20A6A0003636363636363636363636363636363636363636363636363636363636363636DA
:20A6C0003636363636363636363636363636363636363636363636363636363636363636BA
:20A6E00036363636363636363636363636363636363636363636363636363636363636369A
:20A70000363636363636363636363636363636363636363636363636363636363636363679
:20A72000363636363636363636363636363636363636363636363636363636363636363659
:20A74000363636363636363636363636363636363636363636363636363636363636363639
:20A76000363636363636363636363636363636363636363636363636363636363636363619
:20A780003636363636363636363636363636363636363636363636363636363636363636F9
:20A7A0003636363636363636363636363636363636363636363636363636363636363636D9
:20A7C0003636363636363636363636363636363636363636363636363636363636363636B9
:20A7E000363636363636363636363636363636363636363636363636363636363636363699
:20A80000363636363636363636363636363636363636363636363636363636363636363678
:20A82000363636363636363636363636363636363636363636363636363636363636363658
:20A84000363636363636363636363636363636363636363636363636363636363636363638
:20A86000363636363636363636363636363636363636363636363636363636363636363618
:20A880003636363636363636363636363636363636363636363636363636363636363636F8
:20A8A0003636363636363636363636363636363636363636363636363636363636363636D8
:20A8C0003636363636363636363636363636363636363636363636363636363636363636B8
:20A8E000363636363636363636363636363636363636363636363636363636363636363698
:20A90000363636363636363636363636363636363636363636363636363636363636363677
:20A92000363636363636363636363636363636363636363636363636363636363636363657
:20A94000363636363636363636363636363636363636363636363636363636363636363637
:20A96000363636363636363636363636363636363636363636363636363636363636363617
:20A980003636363636363636363636363636363636363636363636363636363636363636F7
:20A9A0003636363636363636363636363636363636363636363636363636363636363636D7
:20A9C0003636363636363636363636363636363636363636363636363636363636363636B7
:20A9E000363636363636363636363636363636363636363636363636363636363636363697
:20AA0000363636363636363636363636363636363636363636363636363636363636363676
:20AA2000363636363636363636363636363636363636363636363636363636363636363656
:20AA4000363636363636363636363636363636363636363636363636363636363636363636
:20AA6000363636363636363636363636363636363636363636363636363636363636363616
:20AA80003636363636363636363636363636363636363636363636363636363636363636F6
:20AAA0003636363636363636363636363636363636363636363636363636363636363636D6
:20AAC0003636363636363636363636363636363636363636363636363636363636363636B6
:20AAE000363636363636363636363636363636363636363636363636363636363636363696
:20AB0000363636363636363636363636363636363636363636363636363636363636363675
:20AB2000363636363636363636363636363636363636363636363636363636363636363655
:20AB4000363636363636363636363636363636363636363636363636363636363636363635
:20AB6000363636363636363636363636363636363636363636363636363636363636363615
:20AB80003636363636363636363636363636363636363636363636363636363636363636F5
:20ABA0003636363636363636363636363636363636363636363636363636363636363636D5
:20ABC0003636363636363636363636363636363636363636363636363636363636363636B5
:20ABE000363636363636363636363636363636363636363636363636363636363636363695
:20AC0000363636363636363636363636363636363636363636363636363636363636363674
:20AC2000363636363636363636363636363636363636363636363636363636363636363654
:20AC4000363636363636363636363636363636363636363636363636363636363636363634
:20AC6000363636363636363636363636363636363636363636363636363636363636363614
:20AC80003636363636363636363636363636363636363636363636363636363636363636F4
:20ACA0003636363636363636363636363636363636363636363636363636363636363636D4
:20ACC0003636363636363636363636363636363636363636363636363636363636363636B4
:20ACE000363636363636363636363636363636363636363636363636363636363636363694
:20AD0000363636363636363636363636363636363636363636363636363636363636363673
:20AD2000363636363636363636363636363636363636363636363636363636363636363653
:20AD4000363636363636363636363636363636363636363636363636363636363636363633
:20AD6000363636363636363636363636363636363636363636363636363636363636363613
:20AD80003636363636363636363636363636363636363636363636363636363636363636F3
:20ADA0003636363636363636363636363636363636363636363636363636363636363636D3
:20ADC0003636363636363636363636363636363636363636363636363636363636363636B3
:20ADE000363636363636363636363636363636363636363636363636363636363636363693
:20AE0000363636363636363636363636363636363636363636363636363636363636363672
:20AE2000363636363636363636363636363636363636363636363636363636363636363652
:20AE4000363636363636363636363636363636363636363636363636363636363636363632
:20AE6000363636363636363636363636363636363636363636363636363636363636363612
:20AE80003636363636363636363636363636363636363636363636363636363636363636F2
:20AEA0003636363636363636363636363636363636363636363636363636363636363636D2
:20AEC0003636363636363636363636363636363636363636363636363636363636363636B2
:20AEE000363636363636363636363636363636363636363636363636363636363636363692
:20AF0000363636363636363636363636363636363636363636363636363636363636363671
:20AF2000363636363636363636363636363636363636363636363636363636363636363651
:20AF4000363636363636363636363636363636363636363636363636363636363636363631
:20AF6000363636363636363636363636363636363636363636363636363636363636363611
:20AF80003636363636363636363636363636363636363636363636363636363636363636F1
:20AFA0003636363636363636363636363636363636363636363636363636363636363636D1
:20AFC0003636363636363636363636363636363636363636363636363636363636363636B1
:20AFE000363636363636363636363636363636363636363636363636363636363636363691
:20B00000363636363636363636363636363636363636363636363636363636363636363670
:20B02000363636363636363636363636363636363636363636363636363636363636363650
:20B04000363636363636363636363636363636363636363636363636363636363636363630
:20B06000363636363636363636363636363636363636363636363636363636363636363610
:20B080003636363636363636363636363636363636363636363636363636363636363636F0
:20B0A0003636363636363636363636363636363636363636363636363636363636363636D0
:20B0C0003636363636363636363636363636363636363636363636363636363636363636B0
:20B0E000363636363636363636363636363636363636363636363636363636363636363690
:20B1000036363636363636363636363636363636363636363636363636363636363636366F
:20B1200036363636363636363636363636363636363636363636363636363636363636364F
:20B1400036363636363636363636363636363636363636363636363636363636363636362F
:20B1600036363636363636363636363636363636363636363636363636363636363636360F
:20B180003636363636363636363636363636363636363636363636363636363636363636EF
:20B1A0003636363636363636363636363636363636363636363636363636363636363636CF
:20B1C0003636363636363636363636363636363636363636363636363636363636363636AF
:20B1E00036363636363636363636363636363636363636363636363636363636363636368F
:20B2000036363636363636363636363636363636363636363636363636363636363636366E
:20B2200036363636363636363636363636363636363636363636363636363636363636364E
:20B2400036363636363636363636363636363636363636363636363636363636363636362E
:20B2600036363636363636363636363636363636363636363636363636363636363636360E
:20B280003636363636363636363636363636363636363636363636363636363636363636EE
:20B2A0003636363636363636363636363636363636363636363636363636363636363636CE
:20B2C0003636363636363636363636363636363636363636363636363636363636363636AE
:20B2E00036363636363636363636363636363636363636363636363636363636363636368E
:20B3000036363636363636363636363636363636363636363636363636363636363636366D
:20B3200036363636363636363636363636363636363636363636363636363636363636364D
:20B3400036363636363636363636363636363636363636363636363636363636363636362D
:20B3600036363636363636363636363636363636363636363636363636363636363636360D
:20B380003636363636363636363636363636363636363636363636363636363636363636ED
:20B3A0003636363636363636363636363636363636363636363636363636363636363636CD
:20B3C0003636363636363636363636363636363636363636363636363636363636363636AD
:20B3E00036363636363636363636363636363636363636363636363636363636363636368D
:20B4000036363636363636363636363636363636363636363636363636363636363636366C
:20B4200036363636363636363636363636363636363636363636363636363636363636364C
:20B4400036363636363636363636363636363636363636363636363636363636363636362C
:20B4600036363636363636363636363636363636363636363636363636363636363636360C
:20B480003636363636363636363636363636363636363636363636363636363636363636EC
:20B4A0003636363636363636363636363636363636363636363636363636363636363636CC
:20B4C0003636363636363636363636363636363636363636363636363636363636363636AC
:20B4E00036363636363636363636363636363636363636363636363636363636363636368C
:20B5000036363636363636363636363636363636363636363636363636363636363636366B
:20B5200036363636363636363636363636363636363636363636363636363636363636364B
:20B5400036363636363636363636363636363636363636363636363636363636363636362B
:20B5600036363636363636363636363636363636363636363636363636363636363636360B
:20B580003636363636363636363636363636363636363636363636363636363636363636EB
:20B5A0003636363636363636363636363636363636363636363636363636363636363636CB
:20B5C0003636363636363636363636363636363636363636363636363636363636363636AB
:20B5E00036363636363636363636363636363636363636363636363636363636363636368B
:20B6000036363636363636363636363636363636363636363636363636363636363636366A
:20B6200036363636363636363636363636363636363636363636363636363636363636364A
:20B6400036363636363636363636363636363636363636363636363636363636363636362A
:20B6600036363636363636363636363636363636363636363636363636363636363636360A
:20B680003636363636363636363636363636363636363636363636363636363636363636EA
:20B6A0003636363636363636363636363636363636363636363636363636363636363636CA
:20B6C0003636363636363636363636363636363636363636363636363636363636363636AA
:20B6E00036363636363636363636363636363636363636363636363636363636363636368A
:20B70000363636363636363636363636363636363636363636363636363636363636363669
:20B72000363636363636363636363636363636363636363636363636363636363636363649
:20B74000363636363636363636363636363636363636363636363636363636363636363629
:20B76000363636363636363636363636363636363636363636363636363636363636363609
:20B780003636363636363636363636363636363636363636363636363636363636363636E9
:20B7A0003636363636363636363636363636363636363636363636363636363636363636C9
:20B7C0003636363636363636363636363636363636363636363636363636363636363636A9
:20B7E000363636363636363636363636363636363636363636363636363636363636363689
:20B80000363636363636363636363636363636363636363636363636363636363636363668
:20B82000363636363636363636363636363636363636363636363636363636363636363648
:20B84000363636363636363636363636363636363636363636363636363636363636363628
:20B86000363636363636363636363636363636363636363636363636363636363636363608
:20B880003636363636363636363636363636363636363636363636363636363636363636E8
:20B8A0003636363636363636363636363636363636363636363636363636363636363636C8
:20B8C0003636363636363636363636363636363636363636363636363636363636363636A8
:20B8E000363636363636363636363636363636363636363636363636363636363636363688
:20B90000363636363636363636363636363636363636363636363636363636363636363667
:20B92000363636363636363636363636363636363636363636363636363636363636363647
:20B94000363636363636363636363636363636363636363636363636363636363636363627
:20B96000363636363636363636363636363636363636363636363636363636363636363607
:20B980003636363636363636363636363636363636363636363636363636363636363636E7
:20B9A0003636363636363636363636363636363636363636363636363636363636363636C7
:20B9C0003636363636363636363636363636363636363636363636363636363636363636A7
:20B9E000363636363636363636363636363636363636363636363636363636363636363687
:20BA0000363636363636363636363636363636363636363636363636363636363636363666
:20BA2000363636363636363636363636363636363636363636363636363636363636363646
:20BA4000363636363636363636363636363636363636363636363636363636363636363626
:20BA6000363636363636363636363636363636363636363636363636363636363636363606
:20BA80003636363636363636363636363636363636363636363636363636363636363636E6
:20BAA0003636363636363636363636363636363636363636363636363636363636363636C6
:20BAC0003636363636363636363636363636363636363636363636363636363636363636A6
:20BAE000363636363636363636363636363636363636363636363636363636363636363686
:20BB0000363636363636363636363636363636363636363636363636363636363636363665
:20BB2000363636363636363636363636363636363636363636363636363636363636363645
:20BB4000363636363636363636363636363636363636363636363636363636363636363625
:20BB6000363636363636363636363636363636363636363636363636363636363636363605
:20BB80003636363636363636363636363636363636363636363636363636363636363636E5
:20BBA0003636363636363636363636363636363636363636363636363636363636363636C5
:20BBC0003636363636363636363636363636363636363636363636363636363636363636A5
:20BBE000363636363636363636363636363636363636363636363636363636363636363685
:20BC0000363636363636363636363636363636363636363636363636363636363636363664
:20BC2000363636363636363636363636363636363636363636363636363636363636363644
:20BC4000363636363636363636363636363636363636363636363636363636363636363624
:20BC6000363636363636363636363636363636363636363636363636363636363636363604
:20BC80003636363636363636363636363636363636363636363636363636363636363636E4
:20BCA0003636363636363636363636363636363636363636363636363636363636363636C4
:20BCC0003636363636363636363636363636363636363636363636363636363636363636A4
:20BCE000363636363636363636363636363636363636363636363636363636363636363684
:20BD0000363636363636363636363636363636363636363636363636363636363636363663
:20BD2000363636363636363636363636363636363636363636363636363636363636363643
:20BD4000363636363636363636363636363636363636363636363636363636363636363623
:20BD6000363636363636363636363636363636363636363636363636363636363636363603
:20BD80003636363636363636363636363636363636363636363636363636363636363636E3
:20BDA0003636363636363636363636363636363636363636363636363636363636363636C3
:20BDC0003636363636363636363636363636363636363636363636363636363636363636A3
:20BDE000363636363636363636363636363636363636363636363636363636363636363683
:20BE0000363636363636363636363636363636363636363636363636363636363636363662
:20BE2000363636363636363636363636363636363636363636363636363636363636363642
:20BE4000363636363636363636363636363636363636363636363636363636363636363622
:20BE6000363636363636363636363636363636363636363636363636363636363636363602
:20BE80003636363636363636363636363636363636363636363636363636363636363636E2
:20BEA0003636363636363636363636363636363636363636363636363636363636363636C2
:20BEC0003636363636363636363636363636363636363636363636363636363636363636A2
:20BEE000363636363636363636363636363636363636363636363636363636363636363682
:20BF0000363636363636363636363636363636363636363636363636363636363636363661
:20BF2000363636363636363636363636363636363636363636363636363636363636363641
:20BF4000363636363636363636363636363636363636363636363636363636363636363621
:20BF6000363636363636363636363636363636363636363636363636363636363636363601
:20BF80003636363636363636363636363636363636363636363636363636363636363636E1
:20BFA0003636363636363636363636363636363636363636363636363636363636363636C1
:20BFC0003636363636363636363636363636363636363636363636363636363636363636A1
:20BFE000363636363636363636363636363636363636363636363636363636363636363681
:20C00000363636363636363636363636363636363636363636363636363636363636363660
:20C02000363636363636363636363636363636363636363636363636363636363636363640
:20C04000363636363636363636363636363636363636363636363636363636363636363620
:20C06000363636363636363636363636363636363636363636363636363636363636363600
:20C080003636363636363636363636363636363636363636363636363636363636363636E0
:20C0A0003636363636363636363636363636363636363636363636363636363636363636C0
:20C0C0003636363636363636363636363636363636363636363636363636363636363636A0
:20C0E000363636363636363636363636363636363636363636363636363636363636363680
:20C1000036363636363636363636363636363636363636363636363636363636363636365F
:20C1200036363636363636363636363636363636363636363636363636363636363636363F
:20C1400036363636363636363636363636363636363636363636363636363636363636361F
:20C160003636363636363636363636363636363636363636363636363636363636363636FF
:20C180003636363636363636363636363636363636363636363636363636363636363636DF
:20C1A0003636363636363636363636363636363636363636363636363636363636363636BF
:20C1C00036363636363636363636363636363636363636363636363636363636363636369F
:20C1E00036363636363636363636363636363636363636363636363636363636363636367F
:20C2000036363636363636363636363636363636363636363636363636363636363636365E
:20C2200036363636363636363636363636363636363636363636363636363636363636363E
:20C2400036363636363636363636363636363636363636363636363636363636363636361E
:20C260003636363636363636363636363636363636363636363636363636363636363636FE
:20C280003636363636363636363636363636363636363636363636363636363636363636DE
:20C2A0003636363636363636363636363636363636363636363636363636363636363636BE
:20C2C00036363636363636363636363636363636363636363636363636363636363636369E
:20C2E00036363636363636363636363636363636363636363636363636363636363636367E
:20C3000036363636363636363636363636363636363636363636363636363636363636365D
:20C3200036363636363636363636363636363636363636363636363636363636363636363D
:20C3400036363636363636363636363636363636363636363636363636363636363636361D
:20C360003636363636363636363636363636363636363636363636363636363636363636FD
:20C380003636363636363636363636363636363636363636363636363636363636363636DD
:20C3A0003636363636363636363636363636363636363636363636363636363636363636BD
:20C3C00036363636363636363636363636363636363636363636363636363636363636369D
:20C3E00036363636363636363636363636363636363636363636363636363636363636367D
:20C4000036363636363636363636363636363636363636363636363636363636363636365C
:20C4200036363636363636363636363636363636363636363636363636363636363636363C
:20C4400036363636363636363636363636363636363636363636363636363636363636361C
:20C460003636363636363636363636363636363636363636363636363636363636363636FC
:20C480003636363636363636363636363636363636363636363636363636363636363636DC
:20C4A0003636363636363636363636363636363636363636363636363636363636363636BC
:20C4C00036363636363636363636363636363636363636363636363636363636363636369C
:20C4E00036363636363636363636363636363636363636363636363636363636363636367C
:20C5000036363636363636363636363636363636363636363636363636363636363636365B
:20C5200036363636363636363636363636363636363636363636363636363636363636363B
:20C5400036363636363636363636363636363636363636363636363636363636363636361B
:20C560003636363636363636363636363636363636363636363636363636363636363636FB
:20C580003636363636363636363636363636363636363636363636363636363636363636DB
:20C5A0003636363636363636363636363636363636363636363636363636363636363636BB
:20C5C00036363636363636363636363636363636363636363636363636363636363636369B
:20C5E00036363636363636363636363636363636363636363636363636363636363636367B
:20C6000036363636363636363636363636363636363636363636363636363636363636365A
:20C6200036363636363636363636363636363636363636363636363636363636363636363A
:20C6400036363636363636363636363636363636363636363636363636363636363636361A
:20C660003636363636363636363636363636363636363636363636363636363636363636FA
:20C680003636363636363636363636363636363636363636363636363636363636363636DA
:20C6A0003636363636363636363636363636363636363636363636363636363636363636BA
:20C6C00036363636363636363636363636363636363636363636363636363636363636369A
:20C6E00036363636363636363636363636363636363636363636363636363636363636367A
:20C70000363636363636363636363636363636363636363636363636363636363636363659
:20C72000363636363636363636363636363636363636363636363636363636363636363639
:20C74000363636363636363636363636363636363636363636363636363636363636363619
:20C760003636363636363636363636363636363636363636363636363636363636363636F9
:20C780003636363636363636363636363636363636363636363636363636363636363636D9
:20C7A0003636363636363636363636363636363636363636363636363636363636363636B9
:20C7C000363636363636363636363636363636363636363636363636363636363636363699
:20C7E000363636363636363636363636363636363636363636363636363636363636363679
:20C80000363636363636363636363636363636363636363636363636363636363636363658
:20C82000363636363636363636363636363636363636363636363636363636363636363638
:20C84000363636363636363636363636363636363636363636363636363636363636363618
:20C860003636363636363636363636363636363636363636363636363636363636363636F8
:20C880003636363636363636363636363636363636363636363636363636363636363636D8
:20C8A0003636363636363636363636363636363636363636363636363636363636363636B8
:20C8C000363636363636363636363636363636363636363636363636363636363636363698
:20C8E000363636363636363636363636363636363636363636363636363636363636363678
:20C90000363636363636363636363636363636363636363636363636363636363636363657
:20C92000363636363636363636363636363636363636363636363636363636363636363637
:20C94000363636363636363636363636363636363636363636363636363636363636363617
:20C960003636363636363636363636363636363636363636363636363636363636363636F7
:20C980003636363636363636363636363636363636363636363636363636363636363636D7
:20C9A0003636363636363636363636363636363636363636363636363636363636363636B7
:20C9C000363636363636363636363636363636363636363636363636363636363636363697
:20C9E000363636363636363636363636363636363636363636363636363636363636363677
:20CA0000363636363636363636363636363636363636363636363636363636363636363656
:20CA2000363636363636363636363636363636363636363636363636363636363636363636
:20CA4000363636363636363636363636363636363636363636363636363636363636363616
:20CA60003636363636363636363636363636363636363636363636363636363636363636F6
:20CA80003636363636363636363636363636363636363636363636363636363636363636D6
:20CAA0003636363636363636363636363636363636363636363636363636363636363636B6
:20CAC000363636363636363636363636363636363636363636363636363636363636363696
:20CAE000363636363636363636363636363636363636363636363636363636363636363676
:20CB0000363636363636363636363636363636363636363636363636363636363636363655
:20CB2000363636363636363636363636363636363636363636363636363636363636363635
:20CB4000363636363636363636363636363636363636363636363636363636363636363615
:20CB60003636363636363636363636363636363636363636363636363636363636363636F5
:20CB80003636363636363636363636363636363636363636363636363636363636363636D5
:20CBA0003636363636363636363636363636363636363636363636363636363636363636B5
:20CBC000363636363636363636363636363636363636363636363636363636363636363695
:20CBE000363636363636363636363636363636363636363636363636363636363636363675
:20CC0000363636363636363636363636363636363636363636363636363636363636363654
:20CC2000363636363636363636363636363636363636363636363636363636363636363634
:20CC4000363636363636363636363636363636363636363636363636363636363636363614
:20CC60003636363636363636363636363636363636363636363636363636363636363636F4
:20CC80003636363636363636363636363636363636363636363636363636363636363636D4
:20CCA0003636363636363636363636363636363636363636363636363636363636363636B4
:20CCC000363636363636363636363636363636363636363636363636363636363636363694
:20CCE000363636363636363636363636363636363636363636363636363636363636363674
:20CD0000363636363636363636363636363636363636363636363636363636363636363653
:20CD2000363636363636363636363636363636363636363636363636363636363636363633
:20CD4000363636363636363636363636363636363636363636363636363636363636363613
:20CD60003636363636363636363636363636363636363636363636363636363636363636F3
:20CD80003636363636363636363636363636363636363636363636363636363636363636D3
:20CDA0003636363636363636363636363636363636363636363636363636363636363636B3
:20CDC000363636363636363636363636363636363636363636363636363636363636363693
:20CDE000363636363636363636363636363636363636363636363636363636363636363673
:20CE0000363636363636363636363636363636363636363636363636363636363636363652
:20CE2000363636363636363636363636363636363636363636363636363636363636363632
:20CE4000363636363636363636363636363636363636363636363636363636363636363612
:20CE60003636363636363636363636363636363636363636363636363636363636363636F2
:20CE80003636363636363636363636363636363636363636363636363636363636363636D2
:20CEA0003636363636363636363636363636363636363636363636363636363636363636B2
:20CEC000363636363636363636363636363636363636363636363636363636363636363692
:20CEE000363636363636363636363636363636363636363636363636363636363636363672
:20CF0000363636363636363636363636363636363636363636363636363636363636363651
:20CF2000363636363636363636363636363636363636363636363636363636363636363631
:20CF4000363636363636363636363636363636363636363636363636363636363636363611
:20CF60003636363636363636363636363636363636363636363636363636363636363636F1
:20CF80003636363636363636363636363636363636363636363636363636363636363636D1
:20CFA0003636363636363636363636363636363636363636363636363636363636363636B1
:20CFC000363636363636363636363636363636363636363636363636363636363636363691
:20CFE000363636363636363636363636363636363636363636363636363636363636363671
:20D00000363636363636363636363636363636363636363636363636363636363636363650
:20D02000363636363636363636363636363636363636363636363636363636363636363630
:20D04000363636363636363636363636363636363636363636363636363636363636363610
:20D060003636363636363636363636363636363636363636363636363636363636363636F0
:20D080003636363636363636363636363636363636363636363636363636363636363636D0
:20D0A0003636363636363636363636363636363636363636363636363636363636363636B0
:20D0C000363636363636363636363636363636363636363636363636363636363636363690
:20D0E000363636363636363636363636363636363636363636363636363636363636363670
:20D1000036363636363636363636363636363636363636363636363636363636363636364F
:20D1200036363636363636363636363636363636363636363636363636363636363636362F
:20D1400036363636363636363636363636363636363636363636363636363636363636360F
:20D160003636363636363636363636363636363636363636363636363636363636363636EF
:20D180003636363636363636363636363636363636363636363636363636363636363636CF
:20D1A0003636363636363636363636363636363636363636363636363636363636363636AF
:20D1C00036363636363636363636363636363636363636363636363636363636363636368F
:20D1E00036363636363636363636363636363636363636363636363636363636363636366F
:20D2000036363636363636363636363636363636363636363636363636363636363636364E
:20D2200036363636363636363636363636363636363636363636363636363636363636362E
:20D2400036363636363636363636363636363636363636363636363636363636363636360E
:20D260003636363636363636363636363636363636363636363636363636363636363636EE
:20D280003636363636363636363636363636363636363636363636363636363636363636CE
:20D2A0003636363636363636363636363636363636363636363636363636363636363636AE
:20D2C00036363636363636363636363636363636363636363636363636363636363636368E
:20D2E00036363636363636363636363636363636363636363636363636363636363636366E
:20D3000036363636363636363636363636363636363636363636363636363636363636364D
:20D3200036363636363636363636363636363636363636363636363636363636363636362D
:20D3400036363636363636363636363636363636363636363636363636363636363636360D
:20D360003636363636363636363636363636363636363636363636363636363636363636ED
:20D380003636363636363636363636363636363636363636363636363636363636363636CD
:20D3A0003636363636363636363636363636363636363636363636363636363636363636AD
:20D3C00036363636363636363636363636363636363636363636363636363636363636368D
:20D3E00036363636363636363636363636363636363636363636363636363636363636366D
:20D4000036363636363636363636363636363636363636363636363636363636363636364C
:20D4200036363636363636363636363636363636363636363636363636363636363636362C
:20D4400036363636363636363636363636363636363636363636363636363636363636360C
:20D460003636363636363636363636363636363636363636363636363636363636363636EC
:20D480003636363636363636363636363636363636363636363636363636363636363636CC
:20D4A0003636363636363636363636363636363636363636363636363636363636363636AC
:20D4C00036363636363636363636363636363636363636363636363636363636363636368C
:20D4E00036363636363636363636363636363636363636363636363636363636363636366C
:20D5000036363636363636363636363636363636363636363636363636363636363636364B
:20D5200036363636363636363636363636363636363636363636363636363636363636362B
:20D5400036363636363636363636363636363636363636363636363636363636363636360B
:20D560003636363636363636363636363636363636363636363636363636363636363636EB
:20D580003636363636363636363636363636363636363636363636363636363636363636CB
:20D5A0003636363636363636363636363636363636363636363636363636363636363636AB
:20D5C00036363636363636363636363636363636363636363636363636363636363636368B
:20D5E00036363636363636363636363636363636363636363636363636363636363636366B
:20D6000036363636363636363636363636363636363636363636363636363636363636364A
:20D6200036363636363636363636363636363636363636363636363636363636363636362A
:20D6400036363636363636363636363636363636363636363636363636363636363636360A
:20D660003636363636363636363636363636363636363636363636363636363636363636EA
:20D680003636363636363636363636363636363636363636363636363636363636363636CA
:20D6A0003636363636363636363636363636363636363636363636363636363636363636AA
:20D6C00036363636363636363636363636363636363636363636363636363636363636368A
:20D6E00036363636363636363636363636363636363636363636363636363636363636366A
:20D70000363636363636363636363636363636363636363636363636363636363636363649
:20D72000363636363636363636363636363636363636363636363636363636363636363629
:20D74000363636363636363636363636363636363636363636363636363636363636363609
:20D760003636363636363636363636363636363636363636363636363636363636363636E9
:20D780003636363636363636363636363636363636363636363636363636363636363636C9
:20D7A0003636363636363636363636363636363636363636363636363636363636363636A9
:20D7C000363636363636363636363636363636363636363636363636363636363636363689
:20D7E000363636363636363636363636363636363636363636363636363636363636363669
:20D80000363636363636363636363636363636363636363636363636363636363636363648
:20D82000363636363636363636363636363636363636363636363636363636363636363628
:20D84000363636363636363636363636363636363636363636363636363636363636363608
:20D860003636363636363636363636363636363636363636363636363636363636363636E8
:20D880003636363636363636363636363636363636363636363636363636363636363636C8
:20D8A0003636363636363636363636363636363636363636363636363636363636363636A8
:20D8C000363636363636363636363636363636363636363636363636363636363636363688
:20D8E000363636363636363636363636363636363636363636363636363636363636363668
:20D90000363636363636363636363636363636363636363636363636363636363636363647
:20D92000363636363636363636363636363636363636363636363636363636363636363627
:20D94000363636363636363636363636363636363636363636363636363636363636363607
:20D960003636363636363636363636363636363636363636363636363636363636363636E7
:20D980003636363636363636363636363636363636363636363636363636363636363636C7
:20D9A0003636363636363636363636363636363636363636363636363636363636363636A7
:20D9C000363636363636363636363636363636363636363636363636363636363636363687
:20D9E000363636363636363636363636363636363636363636363636363636363636363667
:20DA0000363636363636363636363636363636363636363636363636363636363636363646
:20DA2000363636363636363636363636363636363636363636363636363636363636363626
:20DA4000363636363636363636363636363636363636363636363636363636363636363606
:20DA60003636363636363636363636363636363636363636363636363636363636363636E6
:20DA80003636363636363636363636363636363636363636363636363636363636363636C6
:20DAA0003636363636363636363636363636363636363636363636363636363636363636A6
:20DAC000363636363636363636363636363636363636363636363636363636363636363686
:20DAE000363636363636363636363636363636363636363636363636363636363636363666
:20DB0000363636363636363636363636363636363636363636363636363636363636363645
:20DB2000363636363636363636363636363636363636363636363636363636363636363625
:20DB4000363636363636363636363636363636363636363636363636363636363636363605
:20DB60003636363636363636363636363636363636363636363636363636363636363636E5
:20DB80003636363636363636363636363636363636363636363636363636363636363636C5
:20DBA0003636363636363636363636363636363636363636363636363636363636363636A5
:20DBC000363636363636363636363636363636363636363636363636363636363636363685
:20DBE000363636363636363636363636363636363636363636363636363636363636363665
:20DC0000363636363636363636363636363636363636363636363636363636363636363644
:20DC2000363636363636363636363636363636363636363636363636363636363636363624
:20DC4000363636363636363636363636363636363636363636363636363636363636363604
:20DC60003636363636363636363636363636363636363636363636363636363636363636E4
:20DC80003636363636363636363636363636363636363636363636363636363636363636C4
:20DCA0003636363636363636363636363636363636363636363636363636363636363636A4
:20DCC000363636363636363636363636363636363636363636363636363636363636363684
:20DCE000363636363636363636363636363636363636363636363636363636363636363664
:20DD0000363636363636363636363636363636363636363636363636363636363636363643
:20DD2000363636363636363636363636363636363636363636363636363636363636363623
:20DD4000363636363636363636363636363636363636363636363636363636363636363603
:20DD60003636363636363636363636363636363636363636363636363636363636363636E3
:20DD80003636363636363636363636363636363636363636363636363636363636363636C3
:20DDA0003636363636363636363636363636363636363636363636363636363636363636A3
:20DDC000363636363636363636363636363636363636363636363636363636363636363683
:20DDE000363636363636363636363636363636363636363636363636363636363636363663
:20DE0000363636363636363636363636363636363636363636363636363636363636363642
:20DE2000363636363636363636363636363636363636363636363636363636363636363622
:20DE4000363636363636363636363636363636363636363636363636363636363636363602
:20DE60003636363636363636363636363636363636363636363636363636363636363636E2
:20DE80003636363636363636363636363636363636363636363636363636363636363636C2
:20DEA0003636363636363636363636363636363636363636363636363636363636363636A2
:20DEC000363636363636363636363636363636363636363636363636363636363636363682
:20DEE000363636363636363636363636363636363636363636363636363636363636363662
:20DF0000363636363636363636363636363636363636363636363636363636363636363641
:20DF2000363636363636363636363636363636363636363636363636363636363636363621
:20DF4000363636363636363636363636363636363636363636363636363636363636363601
:20DF60003636363636363636363636363636363636363636363636363636363636363636E1
:20DF80003636363636363636363636363636363636363636363636363636363636363636C1
:20DFA0003636363636363636363636363636363636363636363636363636363636363636A1
:20DFC000363636363636363636363636363636363636363636363636363636363636363681
:20DFE000363636363636363636363636363636363636363636363636363636363636363661
:20E00000363636363636363636363636363636363636363636363636363636363636363640
:20E02000363636363636363636363636363636363636363636363636363636363636363620
:20E04000363636363636363636363636363636363636363636363636363636363636363600
:20E060003636363636363636363636363636363636363636363636363636363636363636E0
:20E080003636363636363636363636363636363636363636363636363636363636363636C0
:20E0A0003636363636363636363636363636363636363636363636363636363636363636A0
:20E0C000363636363636363636363636363636363636363636363636363636363636363680
:20E0E000363636363636363636363636363636363636363636363636363636363636363660
:20E1000036363636363636363636363636363636363636363636363636363636363636363F
:20E1200036363636363636363636363636363636363636363636363636363636363636361F
:20E140003636363636363636363636363636363636363636363636363636363636363636FF
:20E160003636363636363636363636363636363636363636363636363636363636363636DF
:20E180003636363636363636363636363636363636363636363636363636363636363636BF
:20E1A00036363636363636363636363636363636363636363636363636363636363636369F
:20E1C00036363636363636363636363636363636363636363636363636363636363636367F
:20E1E00036363636363636363636363636363636363636363636363636363636363636365F
:20E2000036363636363636363636363636363636363636363636363636363636363636363E
:20E2200036363636363636363636363636363636363636363636363636363636363636361E
:20E240003636363636363636363636363636363636363636363636363636363636363636FE
:20E260003636363636363636363636363636363636363636363636363636363636363636DE
:20E280003636363636363636363636363636363636363636363636363636363636363636BE
:20E2A00036363636363636363636363636363636363636363636363636363636363636369E
:20E2C00036363636363636363636363636363636363636363636363636363636363636367E
:20E2E00036363636363636363636363636363636363636363636363636363636363636365E
:20E3000036363636363636363636363636363636363636363636363636363636363636363D
:20E3200036363636363636363636363636363636363636363636363636363636363636361D
:20E340003636363636363636363636363636363636363636363636363636363636363636FD
:20E360003636363636363636363636363636363636363636363636363636363636363636DD
:20E380003636363636363636363636363636363636363636363636363636363636363636BD
:20E3A00036363636363636363636363636363636363636363636363636363636363636369D
:20E3C00036363636363636363636363636363636363636363636363636363636363636367D
:20E3E00036363636363636363636363636363636363636363636363636363636363636365D
:20E4000036363636363636363636363636363636363636363636363636363636363636363C
:20E4200036363636363636363636363636363636363636363636363636363636363636361C
:20E440003636363636363636363636363636363636363636363636363636363636363636FC
:20E460003636363636363636363636363636363636363636363636363636363636363636DC
:20E480003636363636363636363636363636363636363636363636363636363636363636BC
:20E4A00036363636363636363636363636363636363636363636363636363636363636369C
:20E4C00036363636363636363636363636363636363636363636363636363636363636367C
:20E4E00036363636363636363636363636363636363636363636363636363636363636365C
:20E5000036363636363636363636363636363636363636363636363636363636363636363B
:20E5200036363636363636363636363636363636363636363636363636363636363636361B
:20E540003636363636363636363636363636363636363636363636363636363636363636FB
:20E560003636363636363636363636363636363636363636363636363636363636363636DB
:20E580003636363636363636363636363636363636363636363636363636363636363636BB
:20E5A00036363636363636363636363636363636363636363636363636363636363636369B
:20E5C00036363636363636363636363636363636363636363636363636363636363636367B
:20E5E00036363636363636363636363636363636363636363636363636363636363636365B
:20E6000036363636363636363636363636363636363636363636363636363636363636363A
:20E6200036363636363636363636363636363636363636363636363636363636363636361A
:20E640003636363636363636363636363636363636363636363636363636363636363636FA
:20E660003636363636363636363636363636363636363636363636363636363636363636DA
:20E680003636363636363636363636363636363636363636363636363636363636363636BA
:20E6A00036363636363636363636363636363636363636363636363636363636363636369A
:20E6C00036363636363636363636363636363636363636363636363636363636363636367A
:20E6E00036363636363636363636363636363636363636363636363636363636363636365A
:20E70000363636363636363636363636363636363636363636363636363636363636363639
:20E72000363636363636363636363636363636363636363636363636363636363636363619
:20E740003636363636363636363636363636363636363636363636363636363636363636F9
:20E760003636363636363636363636363636363636363636363636363636363636363636D9
:20E780003636363636363636363636363636363636363636363636363636363636363636B9
:20E7A000363636363636363636363636363636363636363636363636363636363636363699
:20E7C000363636363636363636363636363636363636363636363636363636363636363679
:20E7E000363636363636363636363636363636363636363636363636363636363636363659
:20E80000363636363636363636363636363636363636363636363636363636363636363638
:20E82000363636363636363636363636363636363636363636363636363636363636363618
:20E840003636363636363636363636363636363636363636363636363636363636363636F8
:20E860003636363636363636363636363636363636363636363636363636363636363636D8
:20E880003636363636363636363636363636363636363636363636363636363636363636B8
:20E8A000363636363636363636363636363636363636363636363636363636363636363698
:20E8C000363636363636363636363636363636363636363636363636363636363636363678
:20E8E000363636363636363636363636363636363636363636363636363636363636363658
:20E90000363636363636363636363636363636363636363636363636363636363636363637
:20E92000363636363636363636363636363636363636363636363636363636363636363617
:20E940003636363636363636363636363636363636363636363636363636363636363636F7
:20E960003636363636363636363636363636363636363636363636363636363636363636D7
:20E980003636363636363636363636363636363636363636363636363636363636363636B7
:20E9A000363636363636363636363636363636363636363636363636363636363636363697
:20E9C000363636363636363636363636363636363636363636363636363636363636363677
:20E9E000363636363636363636363636363636363636363636363636363636363636363657
:20EA0000363636363636363636363636363636363636363636363636363636363636363636
:20EA2000363636363636363636363636363636363636363636363636363636363636363616
:20EA40003636363636363636363636363636363636363636363636363636363636363636F6
:20EA60003636363636363636363636363636363636363636363636363636363636363636D6
:20EA80003636363636363636363636363636363636363636363636363636363636363636B6
:20EAA000363636363636363636363636363636363636363636363636363636363636363696
:20EAC000363636363636363636363636363636363636363636363636363636363636363676
:20EAE000363636363636363636363636363636363636363636363636363636363636363656
:20EB0000363636363636363636363636363636363636363636363636363636363636363635
:20EB2000363636363636363636363636363636363636363636363636363636363636363615
:20EB40003636363636363636363636363636363636363636363636363636363636363636F5
:20EB60003636363636363636363636363636363636363636363636363636363636363636D5
:20EB80003636363636363636363636363636363636363636363636363636363636363636B5
:20EBA000363636363636363636363636363636363636363636363636363636363636363695
:20EBC000363636363636363636363636363636363636363636363636363636363636363675
:20EBE000363636363636363636363636363636363636363636363636363636363636363655
:20EC0000363636363636363636363636363636363636363636363636363636363636363634
:20EC2000363636363636363636363636363636363636363636363636363636363636363614
:20EC40003636363636363636363636363636363636363636363636363636363636363636F4
:20EC60003636363636363636363636363636363636363636363636363636363636363636D4
:20EC80003636363636363636363636363636363636363636363636363636363636363636B4
:20ECA000363636363636363636363636363636363636363636363636363636363636363694
:20ECC000363636363636363636363636363636363636363636363636363636363636363674
:20ECE000363636363636363636363636363636363636363636363636363636363636363654
:20ED0000363636363636363636363636363636363636363636363636363636363636363633
:20ED2000363636363636363636363636363636363636363636363636363636363636363613
:20ED40003636363636363636363636363636363636363636363636363636363636363636F3
:20ED60003636363636363636363636363636363636363636363636363636363636363636D3
:20ED80003636363636363636363636363636363636363636363636363636363636363636B3
:20EDA000363636363636363636363636363636363636363636363636363636363636363693
:20EDC000363636363636363636363636363636363636363636363636363636363636363673
:20EDE000363636363636363636363636363636363636363636363636363636363636363653
:20EE0000363636363636363636363636363636363636363636363636363636363636363632
:20EE2000363636363636363636363636363636363636363636363636363636363636363612
:20EE40003636363636363636363636363636363636363636363636363636363636363636F2
:20EE60003636363636363636363636363636363636363636363636363636363636363636D2
:20EE80003636363636363636363636363636363636363636363636363636363636363636B2
:20EEA000363636363636363636363636363636363636363636363636363636363636363692
:20EEC000363636363636363636363636363636363636363636363636363636363636363672
:20EEE000363636363636363636363636363636363636363636363636363636363636363652
:20EF0000363636363636363636363636363636363636363636363636363636363636363631
:20EF2000363636363636363636363636363636363636363636363636363636363636363611
:20EF40003636363636363636363636363636363636363636363636363636363636363636F1
:20EF60003636363636363636363636363636363636363636363636363636363636363636D1
:20EF80003636363636363636363636363636363636363636363636363636363636363636B1
:20EFA000363636363636363636363636363636363636363636363636363636363636363691
:20EFC000363636363636363636363636363636363636363636363636363636363636363671
:20EFE000363636363636363636363636363636363636363636363636363636363636363651
:20F00000363636363636363636363636363636363636363636363636363636363636363630
:20F02000363636363636363636363636363636363636363636363636363636363636363610
:20F040003636363636363636363636363636363636363636363636363636363636363636F0
:20F060003636363636363636363636363636363636363636363636363636363636363636D0
:20F080003636363636363636363636363636363636363636363636363636363636363636B0
:20F0A000363636363636363636363636363636363636363636363636363636363636363690
:20F0C000363636363636363636363636363636363636363636363636363636363636363670
:20F0E000363636363636363636363636363636363636363636363636363636363636363650
:20F1000036363636363636363636363636363636363636363636363636363636363636362F
:20F1200036363636363636363636363636363636363636363636363636363636363636360F
:20F140003636363636363636363636363636363636363636363636363636363636363636EF
:20F160003636363636363636363636363636363636363636363636363636363636363636CF
:20F180003636363636363636363636363636363636363636363636363636363636363636AF
:20F1A00036363636363636363636363636363636363636363636363636363636363636368F
:20F1C00036363636363636363636363636363636363636363636363636363636363636366F
:20F1E00036363636363636363636363636363636363636363636363636363636363636364F
:20F2000036363636363636363636363636363636363636363636363636363636363636362E
:20F2200036363636363636363636363636363636363636363636363636363636363636360E
:20F240003636363636363636363636363636363636363636363636363636363636363636EE
:20F260003636363636363636363636363636363636363636363636363636363636363636CE
:20F280003636363636363636363636363636363636363636363636363636363636363636AE
:20F2A00036363636363636363636363636363636363636363636363636363636363636368E
:20F2C00036363636363636363636363636363636363636363636363636363636363636366E
:20F2E00036363636363636363636363636363636363636363636363636363636363636364E
:20F3000036363636363636363636363636363636363636363636363636363636363636362D
:20F3200036363636363636363636363636363636363636363636363636363636363636360D
:20F340003636363636363636363636363636363636363636363636363636363636363636ED
:20F360003636363636363636363636363636363636363636363636363636363636363636CD
:20F380003636363636363636363636363636363636363636363636363636363636363636AD
:20F3A00036363636363636363636363636363636363636363636363636363636363636368D
:20F3C00036363636363636363636363636363636363636363636363636363636363636366D
:20F3E00036363636363636363636363636363636363636363636363636363636363636364D
:20F4000036363636363636363636363636363636363636363636363636363636363636362C
:20F4200036363636363636363636363636363636363636363636363636363636363636360C
:20F440003636363636363636363636363636363636363636363636363636363636363636EC
:20F460003636363636363636363636363636363636363636363636363636363636363636CC
:20F480003636363636363636363636363636363636363636363636363636363636363636AC
:20F4A00036363636363636363636363636363636363636363636363636363636363636368C
:20F4C00036363636363636363636363636363636363636363636363636363636363636366C
:20F4E00036363636363636363636363636363636363636363636363636363636363636364C
:20F5000036363636363636363636363636363636363636363636363636363636363636362B
:20F5200036363636363636363636363636363636363636363636363636363636363636360B
:20F540003636363636363636363636363636363636363636363636363636363636363636EB
:20F560003636363636363636363636363636363636363636363636363636363636363636CB
:20F580003636363636363636363636363636363636363636363636363636363636363636AB
:20F5A00036363636363636363636363636363636363636363636363636363636363636368B
:20F5C00036363636363636363636363636363636363636363636363636363636363636366B
:20F5E00036363636363636363636363636363636363636363636363636363636363636364B
:20F6000036363636363636363636363636363636363636363636363636363636363636362A
:20F6200036363636363636363636363636363636363636363636363636363636363636360A
:20F640003636363636363636363636363636363636363636363636363636363636363636EA
:20F660003636363636363636363636363636363636363636363636363636363636363636CA
:20F680003636363636363636363636363636363636363636363636363636363636363636AA
:20F6A00036363636363636363636363636363636363636363636363636363636363636368A
:20F6C00036363636363636363636363636363636363636363636363636363636363636366A
:20F6E00036363636363636363636363636363636363636363636363636363636363636364A
:20F70000363636363636363636363636363636363636363636363636363636363636363629
:20F72000363636363636363636363636363636363636363636363636363636363636363609
:20F740003636363636363636363636363636363636363636363636363636363636363636E9
:20F760003636363636363636363636363636363636363636363636363636363636363636C9
:20F780003636363636363636363636363636363636363636363636363636363636363636A9
:20F7A000363636363636363636363636363636363636363636363636363636363636363689
:20F7C000363636363636363636363636363636363636363636363636363636363636363669
:20F7E000363636363636363636363636363636363636363636363636363636363636363649
:20F80000363636363636363636363636363636363636363636363636363636363636363628
:20F82000363636363636363636363636363636363636363636363636363636363636363608
:20F840003636363636363636363636363636363636363636363636363636363636363636E8
:20F860003636363636363636363636363636363636363636363636363636363636363636C8
:20F880003636363636363636363636363636363636363636363636363636363636363636A8
:20F8A000363636363636363636363636363636363636363636363636363636363636363688
:20F8C000363636363636363636363636363636363636363636363636363636363636363668
:20F8E000363636363636363636363636363636363636363636363636363636363636363648
:20F90000363636363636363636363636363636363636363636363636363636363636363627
:20F92000363636363636363636363636363636363636363636363636363636363636363607
:20F940003636363636363636363636363636363636363636363636363636363636363636E7
:20F960003636363636363636363636363636363636363636363636363636363636363636C7
:20F980003636363636363636363636363636363636363636363636363636363636363636A7
:20F9A000363636363636363636363636363636363636363636363636363636363636363687
:20F9C000363636363636363636363636363636363636363636363636363636363636363667
:20F9E000363636363636363636363636363636363636363636363636363636363636363647
:20FA0000363636363636363636363636363636363636363636363636363636363636363626
:20FA2000363636363636363636363636363636363636363636363636363636363636363606
:20FA40003636363636363636363636363636363636363636363636363636363636363636E6
:20FA60003636363636363636363636363636363636363636363636363636363636363636C6
:20FA80003636363636363636363636363636363636363636363636363636363636363636A6
:20FAA000363636363636363636363636363636363636363636363636363636363636363686
:20FAC000363636363636363636363636363636363636363636363636363636363636363666
:20FAE000363636363636363636363636363636363636363636363636363636363636363646
:20FB0000363636363636363636363636363636363636363636363636363636363636363625
:20FB2000363636363636363636363636363636363636363636363636363636363636363605
:20FB40003636363636363636363636363636363636363636363636363636363636363636E5
:20FB60003636363636363636363636363636363636363636363636363636363636363636C5
:20FB80003636363636363636363636363636363636363636363636363636363636363636A5
:20FBA000363636363636363636363636363636363636363636363636363636363636363685
:20FBC000363636363636363636363636363636363636363636363636363636363636363665
:20FBE000363636363636363636363636363636363636363636363636363636363636363645
:20FC0000363636363636363636363636363636363636363636363636363636363636363624
:20FC2000363636363636363636363636363636363636363636363636363636363636363604
:20FC40003636363636363636363636363636363636363636363636363636363636363636E4
:20FC60003636363636363636363636363636363636363636363636363636363636363636C4
:20FC80003636363636363636363636363636363636363636363636363636363636363636A4
:20FCA000363636363636363636363636363636363636363636363636363636363636363684
:20FCC000363636363636363636363636363636363636363636363636363636363636363664
:20FCE000363636363636363636363636363636363636363636363636363636363636363644
:20FD0000363636363636363636363636363636363636363636363636363636363636363623
:20FD2000363636363636363636363636363636363636363636363636363636363636363603
:20FD40003636363636363636363636363636363636363636363636363636363636363636E3
:20FD60003636363636363636363636363636363636363636363636363636363636363636C3
:20FD80003636363636363636363636363636363636363636363636363636363636363636A3
:20FDA000363636363636363636363636363636363636363636363636363636363636363683
:20FDC000363636363636363636363636363636363636363636363636363636363636363663
:20FDE000363636363636363636363636363636363636363636363636363636363636363643
:20FE0000363636363636363636363636363636363636363636363636363636363636363622
:20FE2000363636363636363636363636363636363636363636363636363636363636363602
:20FE40003636363636363636363636363636363636363636363636363636363636363636E2
:20FE60003636363636363636363636363636363636363636363636363636363636363636C2
:20FE80003636363636363636363636363636363636363636363636363636363636363636A2
:20FEA000363636363636363636363636363636363636363636363636363636363636363682
:20FEC000363636363636363636363636363636363636363636363636363636363636363662
:20FEE000363636363636363636363636363636363636363636363636363636363636363642
:20FF0000363636363636363636363636363636363636363636363636363636363636363621
:20FF2000363636363636363636363636363636363636363636363636363636363636363601
:20FF40003636363636363636363636363636363636363636363636363636363636363636E1
:20FF60003636363636363636363636363636363636363636363636363636363636363636C1
:20FF80003636363636363636363636363636363636363636363636363636363636363636A1
:20FFA000363636363636363636363636363636363636363636363636363636363636363681
:20FFC000363636363636363636363636363636363636363636363636363636363636363661
:20FFE000363636363636363636363636363636363636363636363636363636363636363641
:02000004A0005A
:20000000911000F8D9FFC400DC0F0090000000000000000000000000000000000000000030
:20006000910000F8D9FF3ED40D00000202F4DC0F000000000000000000000000000000001D
:20008000910000F8D9FF3AC40D00000202F4DC0F0000000000000000000000000000000011
:2000A000910000F8D9FF36B40D00000202F4DC0F0000000000000000000000000000000005
:2000C000910000F8D9FF36A402F4DC0F000000000000000000000000000000000000000004
:2000E000910000F8D9FF32940D00000202F4DC0F00000000000000000000000000000000E9
:20010000910000F8D9FF2E840D00000202F4DC0F00000000000000000000000000000000DC
:20012000910000F8D9FF44040D00000202F4DC0F0000000000000000000000000000000026
:20014000910000F8D9FF02F40D00000202F4DC0F00900000000000000000000000000000C8
:0A042000911000E8D9EE34B1DC0EB3
:0A044000910000E8D9EEE8C0DC0EE0
:0A054000911000E8D9EE16C9DC0E98
:0A108000911000E8D9EE36B9DC0E3D
:02000004AF400B
:20000000FE0159B300000080D58625FA2A79DA050000000000000000000000000000000059
:200020000000000000000000000000000000000000000000000000000000000000000000C0
:200040000000000000000000000000000000000000000000000000000000000000000000A0
:20006000000000000000000000000000000000000000000000000000000000000000000080
:20008000000000000000000000000000000000000000000000000000000000000000000060
:2000A000000000000000000000000000000000000000000000000000000000000000000040
:2000C000000000000000000000000000000000000000000000000000000000000000000020
:2000E000000000000000000000000000000000000000000000000000000000000000000000
:200100000000000000000000000000000000000000000000000000000000000000000000DF
:200120000000000000000000000000000000000000000000000000000000000000000000BF
:2001400000000000000000000000000000000000000000000000000000000000000000009F
:2001600000000000000000000000000000000000000000000000000000000000000000007F
:2001800000000000000000000000000000000000000000000000000000000000000000005F
:2001A00000000000000000000000000000000000000000000000000000000000000000003F
:2001C00000000000000000000000000000000000000000000000000000000000000000001F
:1401E000000000000000000000000000000000003412214361
:20020000FE0059B300000080705579318FAA86CE0000000000000000000000000000000058
:200220000000000000000000000000000000000000000000000000000000000000000000BE
:2002400000000000000000000000000000000000000000000000000000000000000000009E
:2002600000000000000000000000000000000000000000000000000000000000000000007E
:2002800000000000000000000000000000000000000000000000000000000000000000005E
:2002A00000000000000000000000000000000000000000000000000000000000000000003E
:2002C00000000000000000000000000000000000000000000000000000000000000000001E
:2002E0000000000000000000000000000000000000000000000000000000000000000000FE
:200300000000000000000000000000000000000000000000000000000000000000000000DD
:200320000000000000000000000000000000000000000000000000000000000000000000BD
:2003400000000000000000000000000000000000000000000000000000000000000000009D
:2003600000000000000000000000000000000000000000000000000000000000000000007D
:2003800000000000000000000000000000000000000000000000000000000000000000005D
:2003A00000000000000000000000000000000000000000000000000000000000000000003D
:2003C00000000000000000000000000000000000000000000000000000000000000000001D
:1403E00000000000000000000000000000000000341221435F
:20040000FE0059B300000080705579318FAA86CE0000000000000000000000000000000056
:200420000000000000000000000000000000000000000000000000000000000000000000BC
:2004400000000000000000000000000000000000000000000000000000000000000000009C
:2004600000000000000000000000000000000000000000000000000000000000000000007C
:2004800000000000000000000000000000000000000000000000000000000000000000005C
:2004A00000000000000000000000000000000000000000000000000000000000000000003C
:2004C00000000000000000000000000000000000000000000000000000000000000000001C
:2004E0000000000000000000000000000000000000000000000000000000000000000000FC
:200500000000000000000000000000000000000000000000000000000000000000000000DB
:200520000000000000000000000000000000000000000000000000000000000000000000BB
:2005400000000000000000000000000000000000000000000000000000000000000000009B
:2005600000000000000000000000000000000000000000000000000000000000000000007B
:2005800000000000000000000000000000000000000000000000000000000000000000005B
:2005A00000000000000000000000000000000000000000000000000000000000000000003B
:2005C00000000000000000000000000000000000000000000000000000000000000000001B
:1405E00000000000000000000000000000000000341221435D
:20060000FE0059B300000080705579318FAA86CE0000000000000000000000000000000054
:200620000000000000000000000000000000000000000000000000000000000000000000BA
:2006400000000000000000000000000000000000000000000000000000000000000000009A
:2006600000000000000000000000000000000000000000000000000000000000000000007A
:2006800000000000000000000000000000000000000000000000000000000000000000005A
:2006A00000000000000000000000000000000000000000000000000000000000000000003A
:2006C00000000000000000000000000000000000000000000000000000000000000000001A
:2006E0000000000000000000000000000000000000000000000000000000000000000000FA
:200700000000000000000000000000000000000000000000000000000000000000000000D9
:200720000000000000000000000000000000000000000000000000000000000000000000B9
:20074000000000000000000000000000000000000000000000000000000000000000000099
:20076000000000000000000000000000000000000000000000000000000000000000000079
:20078000000000000000000000000000000000000000000000000000000000000000000059
:2007A000000000000000000000000000000000000000000000000000000000000000000039
:2007C000000000000000000000000000000000000000000000000000000000000000000019
:1407E00000000000000000000000000000000000341221435B
:20100000FE0159B300000080D58625FA2A79DA050000000000000000000000000000000049
:201020000000000000000000000000000000000000000000000000000000000000000000B0
:20104000000000000000000000000000000000000000000000000000000000000000000090
:20106000000000000000000000000000000000000000000000000000000000000000000070
:20108000000000000000000000000000000000000000000000000000000000000000000050
:2010A000000000000000000000000000000000000000000000000000000000000000000030
:2010C000000000000000000000000000000000000000000000000000000000000000000010
:2010E0000000000000000000000000000000000000000000000000000000000000000000F0
:201100000000000000000000000000000000000000000000000000000000000000000000CF
:201120000000000000000000000000000000000000000000000000000000000000000000AF
:2011400000000000000000000000000000000000000000000000000000000000000000008F
:2011600000000000000000000000000000000000000000000000000000000000000000006F
:2011800000000000000000000000000000000000000000000000000000000000000000004F
:2011A00000000000000000000000000000000000000000000000000000000000000000002F
:2011C00000000000000000000000000000000000000000000000000000000000000000000F
:1411E000000000000000000000000000000000003412214351
:20120000FE0059B300000080705579318FAA86CE0000000000000000000000000000000048
:201220000000000000000000000000000000000000000000000000000000000000000000AE
:2012400000000000000000000000000000000000000000000000000000000000000000008E
:2012600000000000000000000000000000000000000000000000000000000000000000006E
:2012800000000000000000000000000000000000000000000000000000000000000000004E
:2012A00000000000000000000000000000000000000000000000000000000000000000002E
:2012C00000000000000000000000000000000000000000000000000000000000000000000E
:2012E0000000000000000000000000000000000000000000000000000000000000000000EE
:201300000000000000000000000000000000000000000000000000000000000000000000CD
:201320000000000000000000000000000000000000000000000000000000000000000000AD
:2013400000000000000000000000000000000000000000000000000000000000000000008D
:2013600000000000000000000000000000000000000000000000000000000000000000006D
:2013800000000000000000000000000000000000000000000000000000000000000000004D
:2013A00000000000000000000000000000000000000000000000000000000000000000002D
:2013C00000000000000000000000000000000000000000000000000000000000000000000D
:1413E00000000000000000000000000000000000341221434F
:20140000FE0059B300000080705579318FAA86CE0000000000000000000000000000000046
:201420000000000000000000000000000000000000000000000000000000000000000000AC
:2014400000000000000000000000000000000000000000000000000000000000000000008C
:2014600000000000000000000000000000000000000000000000000000000000000000006C
:2014800000000000000000000000000000000000000000000000000000000000000000004C
:2014A00000000000000000000000000000000000000000000000000000000000000000002C
:2014C00000000000000000000000000000000000000000000000000000000000000000000C
:2014E0000000000000000000000000000000000000000000000000000000000000000000EC
:201500000000000000000000000000000000000000000000000000000000000000000000CB
:201520000000000000000000000000000000000000000000000000000000000000000000AB
:2015400000000000000000000000000000000000000000000000000000000000000000008B
:2015600000000000000000000000000000000000000000000000000000000000000000006B
:2015800000000000000000000000000000000000000000000000000000000000000000004B
:2015A00000000000000000000000000000000000000000000000000000000000000000002B
:2015C00000000000000000000000000000000000000000000000000000000000000000000B
:1415E00000000000000000000000000000000000341221434D
:20160000FE0059B300000080705579318FAA86CE0000000000000000000000000000000044
:201620000000000000000000000000000000000000000000000000000000000000000000AA
:2016400000000000000000000000000000000000000000000000000000000000000000008A
:2016600000000000000000000000000000000000000000000000000000000000000000006A
:2016800000000000000000000000000000000000000000000000000000000000000000004A
:2016A00000000000000000000000000000000000000000000000000000000000000000002A
:2016C00000000000000000000000000000000000000000000000000000000000000000000A
:2016E0000000000000000000000000000000000000000000000000000000000000000000EA
:201700000000000000000000000000000000000000000000000000000000000000000000C9
:201720000000000000000000000000000000000000000000000000000000000000000000A9
:20174000000000000000000000000000000000000000000000000000000000000000000089
:20176000000000000000000000000000000000000000000000000000000000000000000069
:20178000000000000000000000000000000000000000000000000000000000000000000049
:2017A000000000000000000000000000000000000000000000000000000000000000000029
:2017C000000000000000000000000000000000000000000000000000000000000000000009
:1417E00000000000000000000000000000000000341221434B
:04000005A000000057
:00000001FF
